id,source,token,direction,trade_type,entry_price,tp1_price,tp2_price,tp3_price,stop_loss,leverage,conviction,edge_score,kronos,kill_clock_hours,kill_clock_expires,outcome,pnl_pct,resolved_at,archetype,classification_source,scope,created_at
1227,signals_tab,JUP,SHORT,,0.19409000,0.17370000,,,0.20630000,2x,39,,f,24,2026-05-19 14:42:08.935,PENDING,,,,,global,2026-05-18 14:42:08.93894
1226,signals_tab,SUI,SHORT,,1.03390000,1.00800000,,,1.04900000,2x,29,,f,24,2026-05-19 14:42:08.707,PENDING,,,,,global,2026-05-18 14:42:08.709479
1225,signals_tab,TIA,LONG,,0.38550000,0.39920000,,,0.37730000,2x,54,,f,24,2026-05-19 14:26:39.632,PENDING,,,,,global,2026-05-18 14:26:39.634795
1224,signals_tab,UNI,LONG,,3.40180000,3.48700000,,,3.35100000,2x,37,,f,24,2026-05-19 14:24:18.876,PENDING,,,,,global,2026-05-18 14:24:18.877757
1223,signals_tab,WIF,SHORT,,0.18931000,0.18460000,,,0.19210000,2x,36,,f,24,2026-05-19 14:23:13.405,PENDING,,,,,global,2026-05-18 14:23:13.406778
1222,signals_tab,ARB,LONG,,0.11549000,0.11840000,,,0.11380000,2x,24,,f,24,2026-05-19 14:23:08.714,PENDING,,,,,global,2026-05-18 14:23:08.717465
1221,signals_tab,DOGE,LONG,,0.10454000,0.10720000,,,0.10300000,2x,31,,f,24,2026-05-19 14:23:08.271,PENDING,,,,,global,2026-05-18 14:23:08.289062
1220,signals_tab,TIA,SHORT,,0.37600000,0.35500000,,,0.38860000,3x,64,,f,24,2026-05-19 12:40:43.131,SL_HIT,-3.3511,2026-05-18 12:41:41.067,,,global,2026-05-18 12:40:43.13364
1219,signals_tab,RENDER,LONG,,1.77970000,1.82800000,,,1.75100000,2x,54,,f,24,2026-05-19 12:40:10.547,SL_HIT,-1.6126,2026-05-18 14:30:02.286,,,global,2026-05-18 12:40:10.550051
1218,signals_tab,TIA,LONG,,0.38765000,0.40340000,,,0.37820000,3x,54,,f,24,2026-05-19 12:18:35.641,PENDING,,,,,global,2026-05-18 12:18:35.64342
1217,signals_tab,UNI,LONG,,3.44350000,3.53000000,,,3.39200000,2x,53,,f,24,2026-05-19 12:17:40.62,SL_HIT,-1.4956,2026-05-18 14:32:02.295,,,global,2026-05-18 12:17:40.62193
1216,signals_tab,ARB,LONG,,0.11635000,0.11930000,,,0.11460000,2x,31,,f,24,2026-05-19 12:01:07.693,SL_HIT,-1.5041,2026-05-18 15:03:55.338,,,global,2026-05-18 12:01:07.696865
1215,signals_tab,DOGE,LONG,,0.10514000,0.10780000,,,0.10360000,2x,68,,f,24,2026-05-19 12:01:06.992,SL_HIT,-1.4647,2026-05-18 15:05:55.338,,,global,2026-05-18 12:01:06.996217
1214,signals_tab,SUI,SHORT,,1.04340000,1.01700000,,,1.05900000,2x,30,,f,24,2026-05-19 11:58:42.679,SL_HIT,-1.4951,2026-05-18 12:43:41.073,,,global,2026-05-18 11:58:42.681114
1213,signals_tab,WIF,SHORT,,0.19058000,0.18580000,,,0.19340000,2x,26,,f,24,2026-05-19 11:58:36.821,PENDING,,,,,global,2026-05-18 11:58:36.823699
1212,signals_tab,JUP,SHORT,,0.19517000,0.17250000,,,0.20880000,2x,43,,f,24,2026-05-19 11:58:28.69,PENDING,,,,,global,2026-05-18 11:58:28.692585
1211,signals_tab,AAVE,LONG,,92.90200000,96.75000000,,,90.59300000,2x,34,,f,24,2026-05-16 23:59:12.482,SL_HIT,-2.4854,2026-05-18 11:56:25.621,,,global,2026-05-15 23:59:12.484738
1210,signals_tab,SUI,SHORT,,1.09890000,1.07100000,,,1.11500000,2x,30,,f,24,2026-05-16 23:58:32.971,TP1_HIT,2.5389,2026-05-18 11:56:25.621,,,global,2026-05-15 23:58:32.973289
1209,signals_tab,JUP,LONG,,0.21023000,0.21550000,,,0.20710000,2x,28,,f,24,2026-05-16 23:55:36.473,SL_HIT,-1.4888,2026-05-18 11:56:25.621,,,global,2026-05-15 23:55:36.477898
1208,signals_tab,WIF,SHORT,,0.20465000,0.19950000,,,0.20770000,2x,26,,f,24,2026-05-16 23:55:10.024,TP1_HIT,2.5165,2026-05-18 11:56:25.621,,,global,2026-05-15 23:55:10.033041
1176,signals_tab,WIF,SHORT,,0.20535000,0.20020000,,,0.20840000,2x,33,,f,24,2026-05-16 21:22:49.726,TP1_HIT,2.5079,2026-05-18 11:56:25.621,,,global,2026-05-15 21:22:49.729149
1175,signals_tab,SUI,SHORT,,1.09580000,1.06800000,,,1.11200000,2x,70,,f,24,2026-05-16 21:20:51.396,TP1_HIT,2.5370,2026-05-18 11:56:25.621,,,global,2026-05-15 21:20:51.399488
1174,signals_tab,DOGE,LONG,,0.11327000,0.11610000,,,0.11160000,2x,33,,f,24,2026-05-16 21:18:39.459,SL_HIT,-1.4744,2026-05-18 11:56:25.621,,,global,2026-05-15 21:18:39.461711
1173,signals_tab,JUP,LONG,,0.21033000,0.21560000,,,0.20720000,2x,41,,f,24,2026-05-16 19:48:11.18,SL_HIT,-1.4881,2026-05-18 11:56:25.621,,,global,2026-05-15 19:48:11.182282
1172,signals_tab,WIF,SHORT,,0.20722000,0.20200000,,,0.21030000,2x,36,,f,24,2026-05-16 18:46:03.925,TP1_HIT,2.5191,2026-05-18 11:56:25.621,,,global,2026-05-15 18:46:03.926621
1171,signals_tab,SUI,SHORT,,1.10170000,1.07400000,,,1.11800000,2x,38,,f,24,2026-05-16 18:43:04.265,TP1_HIT,2.5143,2026-05-18 11:56:25.621,,,global,2026-05-15 18:43:04.267162
1170,signals_tab,DOGE,LONG,,0.11325000,0.11610000,,,0.11160000,2x,41,,f,24,2026-05-16 18:39:33.73,SL_HIT,-1.4570,2026-05-18 11:56:25.621,,,global,2026-05-15 18:39:33.732255
1169,signals_tab,JUP,LONG,,0.21113000,0.21640000,,,0.20800000,2x,38,,f,24,2026-05-16 17:11:20.692,SL_HIT,-1.4825,2026-05-18 11:56:25.621,,,global,2026-05-15 17:11:20.694073
1168,signals_tab,UNI,LONG,,3.63240000,3.77500000,,,3.54700000,2x,37,,f,24,2026-05-16 17:07:15.35,SL_HIT,-2.3511,2026-05-18 11:56:25.621,,,global,2026-05-15 17:07:15.353224
1167,signals_tab,TIA,LONG,,0.42171000,0.43430000,,,0.41420000,2x,47,,f,24,2026-05-16 15:47:01.204,SL_HIT,-1.7808,2026-05-18 11:56:25.621,,,global,2026-05-15 15:47:01.206526
1166,signals_tab,DOGE,LONG,,0.11114000,0.11390000,,,0.10950000,2x,38,,f,24,2026-05-16 15:44:05.783,SL_HIT,-1.4756,2026-05-18 11:56:25.621,,,global,2026-05-15 15:44:05.785335
1165,signals_tab,SUI,SHORT,,1.09460000,1.06700000,,,1.11100000,2x,46,,f,24,2026-05-16 15:43:41.067,TP1_HIT,2.5215,2026-05-18 11:56:25.621,,,global,2026-05-15 15:43:41.072806
1164,signals_tab,ONDO,SHORT,,0.36245000,0.35160000,,,0.36890000,2x,56,,f,24,2026-05-16 15:43:37.345,SL_HIT,-1.7796,2026-05-15 17:25:48.589,,,global,2026-05-15 15:43:37.348254
1163,signals_tab,WIF,SHORT,,0.20300000,0.19790000,,,0.20600000,2x,43,,f,24,2026-05-16 15:43:35.459,SL_HIT,-1.4778,2026-05-15 17:06:48.491,,,global,2026-05-15 15:43:35.461496
1162,signals_tab,JUP,LONG,,0.21621000,0.22160000,,,0.21300000,2x,41,,f,24,2026-05-16 12:33:18.171,SL_HIT,-1.4847,2026-05-15 15:41:03.611,,,global,2026-05-15 12:33:18.173715
1161,signals_tab,DOGE,LONG,,0.11420000,0.11710000,,,0.11250000,2x,33,,f,24,2026-05-16 12:31:46.653,SL_HIT,-1.4886,2026-05-15 15:41:03.611,,,global,2026-05-15 12:31:46.65503
1160,signals_tab,SUI,SHORT,,1.12750000,1.09900000,,,1.14400000,2x,38,,f,24,2026-05-16 12:31:07.486,TP1_HIT,2.5277,2026-05-15 15:41:03.611,,,global,2026-05-15 12:31:07.488329
1159,signals_tab,APT,SHORT,,1.01270000,0.90600000,,,1.07700000,2x,34,,f,24,2026-05-16 12:30:58.225,EXPIRED_WIN,8.1465,2026-05-18 11:56:25.621,,,global,2026-05-15 12:30:58.227503
1158,signals_tab,WIF,SHORT,,0.20968000,0.20440000,,,0.21280000,2x,43,,f,24,2026-05-16 12:30:56.795,TP1_HIT,2.5181,2026-05-15 15:41:03.611,,,global,2026-05-15 12:30:56.797534
1125,signals_tab,JUP,LONG,,0.22679000,0.24100000,,,0.21830000,3x,59,,f,24,2026-05-15 18:26:55.876,SL_HIT,-3.7436,2026-05-15 12:28:55.208,,,global,2026-05-14 18:26:55.884478
1124,signals_tab,ADA,LONG,,0.27196000,0.27880000,,,0.26790000,2x,41,,f,24,2026-05-15 18:07:21.536,SL_HIT,-1.4929,2026-05-15 12:28:55.208,,,global,2026-05-14 18:07:21.539663
1123,signals_tab,TIA,SHORT,,0.47296000,0.45800000,,,0.48190000,2x,71,,f,24,2026-05-15 18:05:06.734,TP1_HIT,3.1631,2026-05-15 12:28:55.208,,,global,2026-05-14 18:05:06.735913
1122,signals_tab,TRUMP,LONG,,2.42400000,2.48500000,,,2.38800000,2x,56,,f,24,2026-05-15 18:05:01.555,SL_HIT,-1.4851,2026-05-15 12:28:55.208,,,global,2026-05-14 18:05:01.557162
1121,signals_tab,SEI,LONG,,0.07118000,0.07670000,,,0.06790000,3x,69,,f,24,2026-05-15 18:05:01.044,SL_HIT,-4.6080,2026-05-14 18:05:29.472,,,global,2026-05-14 18:05:01.047225
1120,signals_tab,ONDO,LONG,,0.40251000,0.41260000,,,0.39650000,2x,24,,f,24,2026-05-15 17:17:41.358,SL_HIT,-1.4931,2026-05-14 18:04:29.481,,,global,2026-05-14 17:17:41.360593
1119,signals_tab,SEI,SHORT,,0.06738900,0.06170000,,,0.07080000,3x,59,,f,24,2026-05-15 17:17:41.071,EXPIRED_WIN,5.2739,2026-05-15 17:17:48.534,,,global,2026-05-14 17:17:41.072767
1118,signals_tab,ARB,SHORT,,0.13419000,0.13080000,,,0.13620000,2x,32,,f,24,2026-05-15 17:15:35.645,TP1_HIT,2.5263,2026-05-15 12:28:55.208,,,global,2026-05-14 17:15:35.647262
1117,signals_tab,PENDLE,SHORT,,2.03180000,1.98100000,,,2.06200000,2x,32,,f,24,2026-05-15 17:14:30.908,SL_HIT,-1.4864,2026-05-14 17:59:29.446,,,global,2026-05-14 17:14:30.910354
1116,signals_tab,SUI,SHORT,,1.20830000,1.17800000,,,1.22600000,2x,38,,f,24,2026-05-15 17:14:10.385,TP1_HIT,2.5077,2026-05-15 12:28:55.208,,,global,2026-05-14 17:14:10.387575
1115,signals_tab,TRUMP,SHORT,,2.41580000,2.35500000,,,2.45200000,2x,24,,f,24,2026-05-15 17:02:45.955,TP1_HIT,2.5168,2026-05-15 12:28:55.208,,,global,2026-05-14 17:02:45.957069
1114,signals_tab,UNI,SHORT,,3.76970000,3.67500000,,,3.82600000,2x,31,,f,24,2026-05-15 17:02:44.977,TP1_HIT,2.5121,2026-05-15 12:37:55.259,,,global,2026-05-14 17:02:44.978588
1113,signals_tab,WIF,SHORT,,0.22595000,0.22030000,,,0.22930000,2x,29,,f,24,2026-05-15 17:02:43.774,TP1_HIT,2.5006,2026-05-15 12:28:55.208,,,global,2026-05-14 17:02:43.775303
1112,signals_tab,ADA,SHORT,,0.27184000,0.26500000,,,0.27590000,2x,29,,f,24,2026-05-15 17:02:40.567,SL_HIT,-1.4935,2026-05-14 18:26:29.503,,,global,2026-05-14 17:02:40.569119
1111,signals_tab,DOGE,SHORT,,0.11610000,0.11320000,,,0.11780000,2x,31,,f,24,2026-05-15 17:02:33.882,SL_HIT,-1.4643,2026-05-14 18:26:29.503,,,global,2026-05-14 17:02:33.884638
1110,signals_tab,DOGE,LONG,,0.11551000,0.11840000,,,0.11380000,2x,26,,f,24,2026-05-15 16:57:02.121,TP1_HIT,2.5019,2026-05-14 18:28:29.504,,,global,2026-05-14 16:57:02.122856
1109,signals_tab,APT,LONG,,1.05460000,1.08600000,,,1.03600000,2x,27,,f,24,2026-05-15 16:56:58.714,SL_HIT,-1.7637,2026-05-15 12:28:55.208,,,global,2026-05-14 16:56:58.716642
1108,signals_tab,HBAR,LONG,,0.09539900,0.09780000,,,0.09400000,2x,31,,f,24,2026-05-15 16:56:55.751,SL_HIT,-1.4665,2026-05-15 12:28:55.208,,,global,2026-05-14 16:56:55.752924
1107,signals_tab,PENDLE,LONG,,2.00470000,2.05500000,,,1.97500000,2x,31,,f,24,2026-05-15 16:56:55.518,TP1_HIT,2.5091,2026-05-14 17:59:29.446,,,global,2026-05-14 16:56:55.519302
1106,signals_tab,WIF,LONG,,0.22436000,0.23000000,,,0.22100000,2x,24,,f,24,2026-05-15 16:56:52.628,SL_HIT,-1.4976,2026-05-15 12:28:55.208,,,global,2026-05-14 16:56:52.630618
1105,signals_tab,JUP,SHORT,,0.22786000,0.20940000,,,0.23890000,2x,46,,f,24,2026-05-15 16:44:59.284,TP1_HIT,8.1015,2026-05-15 15:45:03.607,,,global,2026-05-14 16:44:59.287491
1104,signals_tab,HBAR,SHORT,,0.09590100,0.09350000,,,0.09730000,2x,36,,f,24,2026-05-15 16:44:54.773,TP1_HIT,2.5036,2026-05-15 12:28:55.208,,,global,2026-05-14 16:44:54.775507
1103,signals_tab,ONDO,SHORT,,0.39987000,0.37490000,,,0.41480000,2x,49,,f,24,2026-05-15 16:44:54.087,TP1_HIT,6.2445,2026-05-15 15:41:03.611,,,global,2026-05-14 16:44:54.089733
1102,signals_tab,NEAR,SHORT,,1.61820000,1.57800000,,,1.64200000,2x,38,,f,24,2026-05-15 16:44:53.627,TP1_HIT,2.4842,2026-05-15 12:28:55.208,,,global,2026-05-14 16:44:53.629143
1101,signals_tab,XRP,SHORT,,1.47100000,1.43400000,,,1.49300000,2x,38,,f,24,2026-05-15 16:44:52.732,SL_HIT,-1.4956,2026-05-14 18:07:29.45,,,global,2026-05-14 16:44:52.735297
1100,signals_tab,JUP,LONG,,0.22808000,0.24720000,,,0.21660000,2x,51,,f,24,2026-05-15 16:26:42.387,SL_HIT,-5.0333,2026-05-15 12:28:55.208,,,global,2026-05-14 16:26:42.388878
1099,signals_tab,SUI,LONG,,1.21520000,1.24600000,,,1.19700000,2x,36,,f,24,2026-05-15 16:26:41.9,SL_HIT,-1.4977,2026-05-14 16:52:45.94,,,global,2026-05-14 16:26:41.901903
1098,signals_tab,NEAR,LONG,,1.62010000,1.66100000,,,1.59600000,2x,36,,f,24,2026-05-15 16:26:41.659,SL_HIT,-1.4876,2026-05-14 16:52:45.94,,,global,2026-05-14 16:26:41.661298
1097,signals_tab,XRP,LONG,,1.47370000,1.51100000,,,1.45200000,2x,45,,f,24,2026-05-15 16:26:40.71,TP1_HIT,2.5310,2026-05-14 18:20:29.487,,,global,2026-05-14 16:26:40.711743
1096,signals_tab,ARB,LONG,,0.13481000,0.13820000,,,0.13280000,2x,38,,f,24,2026-05-15 16:26:40.467,SL_HIT,-1.4910,2026-05-15 12:28:55.208,,,global,2026-05-14 16:26:40.469509
1095,signals_tab,OP,SHORT,,0.14691000,0.14320000,,,0.14910000,2x,33,,f,24,2026-05-08 21:49:06.564,EXPIRED_LOSS,-0.3063,2026-05-14 16:24:38.077,,,global,2026-05-07 21:49:06.566754
1094,signals_tab,APT,SHORT,,1.02340000,0.99700000,,,1.03900000,2x,36,,f,24,2026-05-08 21:48:36.746,SL_HIT,-1.5243,2026-05-14 16:24:38.077,,,global,2026-05-07 21:48:36.747806
1093,signals_tab,JUP,LONG,,0.20364000,0.29230000,,,0.15050000,2x,36,,f,24,2026-05-08 21:48:27.378,EXPIRED_WIN,11.7560,2026-05-14 16:24:38.077,,,global,2026-05-07 21:48:27.380534
1092,signals_tab,UNI,LONG,,3.42100000,3.50700000,,,3.37000000,2x,21,,f,24,2026-05-08 21:48:26.027,TP1_HIT,2.5139,2026-05-14 16:24:38.077,,,global,2026-05-07 21:48:26.028602
1091,signals_tab,WIF,SHORT,,0.21726000,0.21180000,,,0.22050000,2x,33,,f,24,2026-05-08 21:48:25.09,SL_HIT,-1.4913,2026-05-14 16:24:38.077,,,global,2026-05-07 21:48:25.0923
1090,signals_tab,ADA,SHORT,,0.25077000,0.24450000,,,0.25450000,2x,24,,f,24,2026-05-06 01:13:48.037,SL_HIT,-1.4874,2026-05-07 21:46:18.72,,,global,2026-05-05 01:13:48.038742
1089,signals_tab,ARB,LONG,,0.11724000,0.12020000,,,0.11550000,2x,33,,f,24,2026-05-06 01:10:18.013,TP1_HIT,2.5247,2026-05-07 21:46:18.72,,,global,2026-05-05 01:10:18.01737
1088,signals_tab,JUP,LONG,,0.17946000,0.21040000,,,0.16090000,3x,36,,f,24,2026-05-06 01:00:26.438,EXPIRED_WIN,13.3902,2026-05-07 21:46:18.72,,,global,2026-05-05 01:00:26.440848
1087,signals_tab,XRP,LONG,,1.39550000,1.43000000,,,1.37500000,2x,55,,f,24,2026-05-06 00:59:20.804,EXPIRED_LOSS,-0.8062,2026-05-07 21:46:18.72,,,global,2026-05-05 00:59:20.806042
1086,signals_tab,DOGE,LONG,,0.11084000,0.11360000,,,0.10920000,2x,40,,f,24,2026-05-06 00:58:15.103,SL_HIT,-1.4796,2026-05-07 21:46:18.72,,,global,2026-05-05 00:58:15.104971
1085,signals_tab,ONDO,SHORT,,0.31167000,0.30390000,,,0.31630000,2x,26,,f,24,2026-05-06 00:57:06.565,SL_HIT,-1.4855,2026-05-07 21:46:18.72,,,global,2026-05-05 00:57:06.568867
1084,signals_tab,WIF,SHORT,,0.19140000,0.17230000,,,0.20290000,2x,48,,f,24,2026-05-06 00:56:50.205,SL_HIT,-6.0084,2026-05-07 21:46:18.72,,,global,2026-05-05 00:56:50.207557
1083,signals_tab,JUP,LONG,,0.18470000,0.19640000,,,0.17770000,3x,49,,f,24,2026-05-03 12:17:46.397,SL_HIT,-3.7899,2026-05-02 12:18:14.802,,,global,2026-05-02 12:17:46.401362
1082,signals_tab,SEI,LONG,,0.06017000,0.06380000,,,0.05800000,3x,54,,f,24,2026-05-03 12:17:46.192,SL_HIT,-3.6064,2026-05-02 12:18:14.802,,,global,2026-05-02 12:17:46.194164
1081,signals_tab,DOGE,LONG,,0.10769000,0.11040000,,,0.10610000,2x,30,,f,24,2026-05-03 11:57:05.899,TP1_HIT,2.5165,2026-05-05 00:54:48.974,,,global,2026-05-02 11:57:05.901246
1080,signals_tab,WIF,SHORT,,0.18722000,0.18250000,,,0.19000000,2x,43,,f,24,2026-05-03 11:37:47.406,SL_HIT,-1.4849,2026-05-05 00:54:48.974,,,global,2026-05-02 11:37:47.408641
1079,signals_tab,ONDO,SHORT,,0.27686000,0.26990000,,,0.28100000,2x,40,,f,24,2026-05-03 11:37:23.624,SL_HIT,-1.4953,2026-05-05 00:54:48.974,,,global,2026-05-02 11:37:23.627813
1078,signals_tab,DOGE,LONG,,0.10899000,0.11170000,,,0.10740000,2x,51,,f,24,2026-05-02 18:45:47.539,SL_HIT,-1.4588,2026-05-02 12:21:14.818,,,global,2026-05-01 18:45:47.542106
1077,signals_tab,JUP,SHORT,,0.17950000,0.16930000,,,0.18560000,3x,59,,f,24,2026-05-02 18:07:22.934,EXPIRED_LOSS,-0.1393,2026-05-05 00:54:48.974,,,global,2026-05-01 18:07:22.93791
1076,signals_tab,TIA,SHORT,,0.35750000,0.34310000,,,0.36610000,2x,44,,f,24,2026-05-02 18:07:02.59,EXPIRED_LOSS,-1.1021,2026-05-05 00:54:48.974,,,global,2026-05-01 18:07:02.593082
1075,signals_tab,TRUMP,LONG,,2.32850000,2.38700000,,,2.29400000,2x,41,,f,24,2026-05-02 18:05:07.627,SL_HIT,-1.4816,2026-05-02 11:34:50.642,,,global,2026-05-01 18:05:07.629895
1074,signals_tab,ONDO,SHORT,,0.27143000,0.26460000,,,0.27550000,2x,36,,f,24,2026-05-02 18:03:42.665,SL_HIT,-1.4995,2026-05-02 11:34:50.642,,,global,2026-05-01 18:03:42.669988
1073,signals_tab,WIF,SHORT,,0.19477000,0.18540000,,,0.20040000,2x,32,,f,24,2026-05-02 18:03:41.496,EXPIRED_WIN,1.5942,2026-05-05 00:54:48.974,,,global,2026-05-01 18:03:41.499071
1072,signals_tab,ONDO,SHORT,,0.26518000,0.25390000,,,0.27190000,2x,51,,f,24,2026-05-02 11:53:31.162,SL_HIT,-2.5341,2026-05-01 18:11:25.261,,,global,2026-05-01 11:53:31.172628
1071,signals_tab,HBAR,SHORT,,0.08751700,0.08530000,,,0.08880000,2x,21,,f,24,2026-05-02 11:52:41.033,EXPIRED_LOSS,-0.1428,2026-05-02 11:54:59.65,,,global,2026-05-01 11:52:41.036026
1070,signals_tab,DOGE,LONG,,0.10893000,0.11170000,,,0.10730000,2x,23,,f,24,2026-05-02 11:49:59.994,EXPIRED_LOSS,-1.3908,2026-05-02 11:50:46.989,,,global,2026-05-01 11:49:59.996609
1069,signals_tab,NEAR,LONG,,1.29600000,1.32800000,,,1.27700000,2x,30,,f,24,2026-05-02 11:49:10.699,EXPIRED_LOSS,-1.4159,2026-05-02 11:49:47.003,,,global,2026-05-01 11:49:10.702276
1068,signals_tab,UNI,SHORT,,3.19820000,3.11800000,,,3.24600000,2x,26,,f,24,2026-05-02 11:35:33.345,SL_HIT,-1.4946,2026-05-01 18:01:25.308,,,global,2026-05-01 11:35:33.348
1067,signals_tab,DOGE,SHORT,,0.10901000,0.10630000,,,0.11060000,2x,28,,f,24,2026-05-02 11:35:08.561,EXPIRED_WIN,1.2889,2026-05-02 11:35:50.549,,,global,2026-05-01 11:35:08.56303
1066,signals_tab,WIF,SHORT,,0.18644000,0.18180000,,,0.18920000,2x,26,,f,24,2026-05-02 11:35:02.786,SL_HIT,-1.4804,2026-05-01 18:01:25.308,,,global,2026-05-01 11:35:02.788972
1065,signals_tab,XRP,SHORT,,1.37570000,1.34100000,,,1.39600000,2x,42,,f,24,2026-05-02 11:34:44.094,EXPIRED_LOSS,-0.7523,2026-05-02 11:34:50.642,,,global,2026-05-01 11:34:44.09678
1064,signals_tab,ARB,SHORT,,0.12475000,0.12160000,,,0.12660000,2x,35,,f,24,2026-05-02 11:34:43.85,EXPIRED_WIN,2.3888,2026-05-02 11:34:50.642,,,global,2026-05-01 11:34:43.853659
1063,signals_tab,WIF,LONG,,0.18655000,0.19120000,,,0.18380000,2x,28,,f,24,2026-05-02 11:22:42.145,TP1_HIT,2.4926,2026-05-01 18:01:25.308,,,global,2026-05-01 11:22:42.147285
1062,signals_tab,DOT,SHORT,,1.19940000,1.16900000,,,1.21700000,2x,33,,f,24,2026-05-02 11:22:37.825,EXPIRED_LOSS,-0.3543,2026-05-02 11:34:50.642,,,global,2026-05-01 11:22:37.827774
1061,signals_tab,PENDLE,SHORT,,1.51930000,1.48100000,,,1.54200000,2x,41,,f,24,2026-05-02 11:22:34.47,SL_HIT,-1.4941,2026-05-01 11:52:03.451,,,global,2026-05-01 11:22:34.471828
1060,signals_tab,APT,LONG,,1.01080000,1.06300000,,,0.98000000,2x,24,,f,24,2026-05-02 11:22:33.514,EXPIRED_LOSS,-1.7709,2026-05-02 11:34:50.642,,,global,2026-05-01 11:22:33.518644
1059,signals_tab,ADA,LONG,,0.24809000,0.25430000,,,0.24440000,2x,21,,f,24,2026-05-02 11:22:16.799,EXPIRED_WIN,0.0947,2026-05-02 11:34:50.642,,,global,2026-05-01 11:22:16.80238
1058,signals_tab,SEI,SHORT,,0.05699500,0.05340000,,,0.05910000,3x,39,,f,24,2026-05-01 22:14:56.078,EXPIRED_LOSS,-1.4914,2026-05-02 11:34:50.642,,,global,2026-04-30 22:14:56.086053
1057,signals_tab,WIF,SHORT,,0.18526000,0.17910000,,,0.18890000,2x,34,,f,24,2026-05-01 21:20:54.266,SL_HIT,-1.9648,2026-05-01 18:01:25.308,,,global,2026-04-30 21:20:54.268927
1056,signals_tab,DOGE,LONG,,0.10666000,0.10930000,,,0.10510000,2x,38,,f,24,2026-05-01 21:13:29.591,EXPIRED_WIN,0.9141,2026-05-02 11:34:50.642,,,global,2026-04-30 21:13:29.593898
1055,signals_tab,DOGE,LONG,,0.10574000,0.10840000,,,0.10420000,2x,33,,f,24,2026-05-01 17:52:53.385,TP1_HIT,2.5156,2026-05-01 11:20:10.536,,,global,2026-04-30 17:52:53.387908
1054,signals_tab,WIF,SHORT,,0.18555000,0.18090000,,,0.18830000,2x,29,,f,24,2026-05-01 17:50:13.377,SL_HIT,-1.4821,2026-05-01 18:01:25.308,,,global,2026-04-30 17:50:13.380252
1053,signals_tab,SEI,LONG,,0.05954000,0.06280000,,,0.05760000,3x,74,,f,24,2026-05-01 13:14:15.598,SL_HIT,-3.2583,2026-04-30 13:14:52.424,,,global,2026-04-30 13:14:15.602378
1052,signals_tab,WIF,SHORT,,0.18159000,0.17450000,,,0.18580000,2x,49,,f,24,2026-05-01 12:23:02.458,SL_HIT,-2.3184,2026-04-30 17:52:02.225,,,global,2026-04-30 12:23:02.460722
1051,signals_tab,HBAR,LONG,,0.08854000,0.09080000,,,0.08720000,2x,24,,f,24,2026-05-01 12:22:55.048,EXPIRED_LOSS,-0.7036,2026-05-01 18:01:25.308,,,global,2026-04-30 12:22:55.050666
1050,signals_tab,DOGE,LONG,,0.10645000,0.10910000,,,0.10490000,2x,26,,f,24,2026-05-01 12:22:53.76,TP1_HIT,2.4894,2026-05-01 11:31:10.533,,,global,2026-04-30 12:22:53.76404
1049,signals_tab,WIF,SHORT,,0.18389000,0.17930000,,,0.18660000,2x,40,,f,24,2026-05-01 10:14:02.013,EXPIRED_LOSS,-1.4030,2026-05-01 11:20:10.536,,,global,2026-04-30 10:14:02.016088
1048,signals_tab,TIA,LONG,,0.36235000,0.38460000,,,0.34900000,2x,41,,f,24,2026-05-01 10:07:24.102,SL_HIT,-3.6843,2026-04-30 21:53:14.703,,,global,2026-04-30 10:07:24.107216
1047,signals_tab,SEI,LONG,,0.05954000,0.06260000,,,0.05770000,2x,69,,f,24,2026-05-01 10:06:48.453,SL_HIT,-3.0904,2026-04-30 10:07:46.455,,,global,2026-04-30 10:06:48.457628
1046,signals_tab,HBAR,LONG,,0.08838100,0.09060000,,,0.08710000,2x,36,,f,24,2026-05-01 10:03:58.679,EXPIRED_LOSS,-0.7671,2026-05-01 11:20:10.536,,,global,2026-04-30 10:03:58.682163
1045,signals_tab,DOGE,LONG,,0.10780000,0.11050000,,,0.10620000,2x,30,,f,24,2026-05-01 10:03:52.529,SL_HIT,-1.4842,2026-04-30 11:47:08.429,,,global,2026-04-30 10:03:52.532218
1044,signals_tab,HBAR,LONG,,0.08790000,0.09010000,,,0.08660000,2x,28,,f,24,2026-05-01 04:45:52.382,EXPIRED_LOSS,-0.2241,2026-05-01 11:20:10.536,,,global,2026-04-30 04:45:52.384638
1043,signals_tab,DOGE,LONG,,0.10533000,0.10800000,,,0.10380000,2x,50,,f,24,2026-05-01 04:45:51.087,TP1_HIT,2.5349,2026-05-01 11:20:10.536,,,global,2026-04-30 04:45:51.09015
1042,signals_tab,WIF,SHORT,,0.18445000,0.17980000,,,0.18720000,2x,53,,f,24,2026-05-01 03:49:12.049,EXPIRED_LOSS,-1.0951,2026-05-01 11:20:10.536,,,global,2026-04-30 03:49:12.051545
1041,signals_tab,JUP,LONG,,0.18297000,0.18900000,,,0.17940000,2x,39,,f,24,2026-05-01 02:43:55.909,SL_HIT,-1.9511,2026-04-30 10:04:46.413,,,global,2026-04-30 02:43:55.91255
1040,signals_tab,DOGE,LONG,,0.10535000,0.10800000,,,0.10380000,2x,30,,f,24,2026-05-01 02:43:04.912,TP1_HIT,2.5154,2026-05-01 11:20:10.536,,,global,2026-04-30 02:43:04.914176
1039,signals_tab,HBAR,LONG,,0.08870000,0.09090000,,,0.08740000,2x,43,,f,24,2026-05-01 02:40:31.181,SL_HIT,-1.4656,2026-04-30 21:46:14.653,,,global,2026-04-30 02:40:31.183852
1038,signals_tab,WIF,SHORT,,0.18053000,0.17420000,,,0.18430000,2x,51,,f,24,2026-05-01 01:29:24.18,SL_HIT,-2.0883,2026-04-30 03:46:10.824,,,global,2026-04-30 01:29:24.182114
1037,signals_tab,JUP,LONG,,0.18353000,0.19010000,,,0.17960000,2x,39,,f,24,2026-05-01 00:33:02.911,SL_HIT,-2.1413,2026-04-30 10:02:46.453,,,global,2026-04-30 00:33:02.915376
1036,signals_tab,PENDLE,LONG,,1.31660000,1.35000000,,,1.29700000,2x,34,,f,24,2026-05-01 00:30:13.209,SL_HIT,-1.4887,2026-04-30 02:37:28.654,,,global,2026-04-30 00:30:13.212513
1035,signals_tab,DOGE,LONG,,0.10566000,0.10830000,,,0.10410000,2x,30,,f,24,2026-05-01 00:29:46.632,TP1_HIT,2.4986,2026-04-30 01:03:01.735,,,global,2026-04-30 00:29:46.634109
1034,signals_tab,HBAR,LONG,,0.08860500,0.09080000,,,0.08730000,2x,33,,f,24,2026-05-01 00:29:08.457,SL_HIT,-1.4728,2026-04-30 21:49:14.693,,,global,2026-04-30 00:29:08.460581
1033,signals_tab,WIF,SHORT,,0.17817000,0.16870000,,,0.18380000,3x,44,,f,24,2026-04-30 23:15:31.284,SL_HIT,-3.1599,2026-04-30 03:46:10.824,,,global,2026-04-29 23:15:31.296476
1032,signals_tab,HBAR,LONG,,0.08863500,0.09090000,,,0.08730000,2x,28,,f,24,2026-04-30 22:17:01.497,SL_HIT,-1.5062,2026-04-30 21:49:14.693,,,global,2026-04-29 22:17:01.499657
1031,signals_tab,DOGE,LONG,,0.10332000,0.10590000,,,0.10180000,2x,40,,f,24,2026-04-30 22:15:45.546,TP1_HIT,2.4971,2026-04-30 00:31:35.231,,,global,2026-04-29 22:15:45.548561
1030,signals_tab,WIF,SHORT,,0.17851000,0.16970000,,,0.18380000,3x,46,,f,24,2026-04-30 21:14:47.457,SL_HIT,-2.9634,2026-04-30 03:46:10.824,,,global,2026-04-29 21:14:47.467209
1029,signals_tab,HBAR,LONG,,0.08770700,0.08990000,,,0.08640000,2x,24,,f,24,2026-04-30 19:26:59.35,EXPIRED_LOSS,-0.1858,2026-04-30 21:11:23.293,,,global,2026-04-29 19:26:59.35328
1028,signals_tab,WIF,SHORT,,0.17610000,0.16360000,,,0.18360000,3x,52,,f,24,2026-04-30 19:14:42.824,SL_HIT,-4.2589,2026-04-30 03:46:10.824,,,global,2026-04-29 19:14:42.827157
1027,signals_tab,DOGE,LONG,,0.10193000,0.10450000,,,0.10040000,2x,33,,f,24,2026-04-30 19:12:52.418,TP1_HIT,2.5213,2026-04-30 00:26:35.283,,,global,2026-04-29 19:12:52.420894
1026,signals_tab,INJ,SHORT,,3.38660000,3.30200000,,,3.43700000,2x,50,,f,24,2026-04-30 18:12:21.868,SL_HIT,-1.4882,2026-04-29 18:57:11.743,,,global,2026-04-29 18:12:21.870237
1025,signals_tab,ONDO,SHORT,,0.25499000,0.24860000,,,0.25880000,2x,47,,f,24,2026-04-30 18:12:16.009,SL_HIT,-1.4942,2026-04-29 20:02:49.316,,,global,2026-04-29 18:12:16.011998
1024,signals_tab,POL,SHORT,,0.09008300,0.08780000,,,0.09140000,2x,39,,f,24,2026-04-30 18:10:10.868,SL_HIT,-1.4620,2026-04-29 20:03:49.315,,,global,2026-04-29 18:10:10.87305
1023,signals_tab,HBAR,LONG,,0.08837600,0.09060000,,,0.08710000,2x,41,,f,24,2026-04-30 17:18:24.903,EXPIRED_LOSS,-0.5318,2026-04-30 17:48:02.214,,,global,2026-04-29 17:18:24.905582
1022,signals_tab,WIF,SHORT,,0.17550000,0.15970000,,,0.18500000,2x,56,,f,24,2026-04-30 17:14:39.934,SL_HIT,-5.4131,2026-04-30 03:51:10.761,,,global,2026-04-29 17:14:39.937836
1021,signals_tab,DOGE,LONG,,0.10252000,0.10510000,,,0.10100000,2x,33,,f,24,2026-04-30 17:11:16.786,TP1_HIT,2.5166,2026-04-30 00:26:35.283,,,global,2026-04-29 17:11:16.789815
1020,signals_tab,JUP,LONG,,0.18850000,0.19900000,,,0.18220000,3x,59,,f,24,2026-04-30 15:51:59.109,SL_HIT,-3.3422,2026-04-29 15:52:57.07,,,global,2026-04-29 15:51:59.112564
1019,signals_tab,HBAR,LONG,,0.08858400,0.09080000,,,0.08730000,2x,41,,f,24,2026-04-30 15:16:39.603,SL_HIT,-1.4495,2026-04-29 18:09:58.45,,,global,2026-04-29 15:16:39.605935
1018,signals_tab,WIF,SHORT,,0.17806000,0.16730000,,,0.18450000,2x,49,,f,24,2026-04-30 15:10:03.502,SL_HIT,-3.6168,2026-04-30 03:46:10.824,,,global,2026-04-29 15:10:03.504472
1017,signals_tab,DOGE,LONG,,0.10515000,0.10780000,,,0.10360000,2x,26,,f,24,2026-04-30 15:09:53.734,SL_HIT,-1.4741,2026-04-29 15:51:57.088,,,global,2026-04-29 15:09:53.737346
1016,signals_tab,ONDO,LONG,,0.28000000,0.30160000,,,0.26700000,3x,51,,f,24,2026-04-30 02:21:38.685,SL_HIT,-4.6429,2026-04-29 02:22:35.902,,,global,2026-04-29 02:21:38.68824
1015,signals_tab,SEI,LONG,,0.06288000,0.06860000,,,0.05950000,3x,56,,f,24,2026-04-30 02:21:38.464,SL_HIT,-5.3753,2026-04-29 02:22:35.902,,,global,2026-04-29 02:21:38.466763
1014,signals_tab,HBAR,LONG,,0.08920500,0.09140000,,,0.08790000,2x,38,,f,24,2026-04-30 02:00:19.541,SL_HIT,-1.4629,2026-04-29 18:09:58.45,,,global,2026-04-29 02:00:19.544092
1013,signals_tab,DOGE,LONG,,0.10017000,0.10270000,,,0.09870000,2x,40,,f,24,2026-04-30 01:59:32.857,TP1_HIT,2.5257,2026-04-29 15:03:41.409,,,global,2026-04-29 01:59:32.859834
1012,signals_tab,WIF,SHORT,,0.17856000,0.17410000,,,0.18120000,2x,26,,f,24,2026-04-30 01:56:57.688,TP1_HIT,2.4978,2026-04-29 18:09:58.45,,,global,2026-04-29 01:56:57.691467
1011,signals_tab,ONDO,SHORT,,0.26419000,0.24270000,,,0.27710000,3x,44,,f,24,2026-04-30 01:19:55.206,EXPIRED_LOSS,-0.7400,2026-04-30 01:23:27.811,,,global,2026-04-29 01:19:55.21519
1010,signals_tab,JUP,LONG,,0.18826000,0.19490000,,,0.18430000,2x,46,,f,24,2026-04-30 01:11:25.268,SL_HIT,-2.1035,2026-04-29 15:10:47.278,,,global,2026-04-29 01:11:25.272122
1009,signals_tab,ONDO,LONG,,0.28000000,0.30340000,,,0.26600000,3x,56,,f,24,2026-04-30 00:21:14.492,SL_HIT,-5.0000,2026-04-29 00:21:42.599,,,global,2026-04-29 00:21:14.49626
1008,signals_tab,HBAR,LONG,,0.08884000,0.09110000,,,0.08750000,2x,38,,f,24,2026-04-29 23:39:49.021,SL_HIT,-1.5083,2026-04-29 18:09:58.45,,,global,2026-04-28 23:39:49.023439
1007,signals_tab,DOGE,LONG,,0.09927200,0.10180000,,,0.09780000,2x,48,,f,24,2026-04-29 23:39:47.294,TP1_HIT,2.5465,2026-04-29 15:03:41.409,,,global,2026-04-28 23:39:47.296895
1006,signals_tab,SEI,LONG,,0.06288000,0.06840000,,,0.05960000,3x,46,,f,24,2026-04-29 23:28:26.216,SL_HIT,-5.2163,2026-04-28 23:29:24.884,,,global,2026-04-28 23:28:26.219579
1005,signals_tab,ONDO,SHORT,,0.26370000,0.23880000,,,0.27860000,3x,41,,f,24,2026-04-29 23:18:59.388,EXPIRED_WIN,0.4475,2026-04-29 23:19:05.019,,,global,2026-04-28 23:18:59.391659
1004,signals_tab,JUP,LONG,,0.18910000,0.19780000,,,0.18390000,2x,36,,f,24,2026-04-29 23:09:15.558,SL_HIT,-2.7499,2026-04-29 15:10:47.278,,,global,2026-04-28 23:09:15.562855
1003,signals_tab,WIF,SHORT,,0.17815000,0.17370000,,,0.18080000,2x,40,,f,24,2026-04-29 23:04:10.001,TP1_HIT,2.4979,2026-04-29 18:09:58.45,,,global,2026-04-28 23:04:10.003183
1002,signals_tab,ONDO,LONG,,0.27830000,0.30100000,,,0.26470000,3x,56,,f,24,2026-04-29 21:57:36.647,SL_HIT,-4.8868,2026-04-28 21:58:22.259,,,global,2026-04-28 21:57:36.651014
1001,signals_tab,DOGE,LONG,,0.09939100,0.10190000,,,0.09790000,2x,30,,f,24,2026-04-29 21:37:09.959,TP1_HIT,2.5244,2026-04-29 15:03:41.409,,,global,2026-04-28 21:37:09.96249
1000,signals_tab,HBAR,LONG,,0.08899500,0.09120000,,,0.08770000,2x,28,,f,24,2026-04-29 21:34:41.156,SL_HIT,-1.4551,2026-04-29 18:09:58.45,,,global,2026-04-28 21:34:41.158542
999,signals_tab,ONDO,SHORT,,0.26321000,0.21190000,,,0.29400000,2x,36,,f,24,2026-04-29 21:13:27.703,EXPIRED_WIN,0.6174,2026-04-29 21:13:51.248,,,global,2026-04-28 21:13:27.710138
998,signals_tab,JUP,LONG,,0.18956000,0.21030000,,,0.17710000,2x,31,,f,24,2026-04-29 21:09:12.742,SL_HIT,-6.5731,2026-04-29 18:09:58.45,,,global,2026-04-28 21:09:12.745519
997,signals_tab,WIF,SHORT,,0.17916000,0.17470000,,,0.18180000,2x,26,,f,24,2026-04-29 21:01:58.267,TP1_HIT,2.4894,2026-04-29 16:25:21.242,,,global,2026-04-28 21:01:58.27002
996,signals_tab,ONDO,LONG,,0.27830000,0.32530000,,,0.25010000,2x,27,,f,24,2026-04-29 19:26:38.108,EXPIRED_LOSS,-7.1344,2026-04-29 19:27:16.814,,,global,2026-04-28 19:26:38.11236
995,signals_tab,ONDO,SHORT,,0.26417000,0.24520000,,,0.27560000,3x,59,,f,24,2026-04-29 19:12:48.217,EXPIRED_WIN,2.4113,2026-04-29 19:13:16.841,,,global,2026-04-28 19:12:48.219789
994,signals_tab,DOGE,LONG,,0.09939200,0.10190000,,,0.09790000,2x,36,,f,24,2026-04-29 19:12:22.315,TP1_HIT,2.5233,2026-04-29 15:03:41.409,,,global,2026-04-28 19:12:22.317277
993,signals_tab,HBAR,LONG,,0.08919200,0.09140000,,,0.08790000,2x,39,,f,24,2026-04-29 19:09:13.929,SL_HIT,-1.4486,2026-04-29 18:09:58.45,,,global,2026-04-28 19:09:13.931522
992,signals_tab,JUP,LONG,,0.18948000,0.19910000,,,0.18370000,2x,44,,f,24,2026-04-29 19:09:03.358,SL_HIT,-3.0505,2026-04-29 15:10:47.278,,,global,2026-04-28 19:09:03.363942
991,signals_tab,WIF,SHORT,,0.17896000,0.17450000,,,0.18160000,2x,43,,f,24,2026-04-29 19:01:25.462,TP1_HIT,2.4922,2026-04-29 16:55:58.612,,,global,2026-04-28 19:01:25.463648
990,signals_tab,AAVE,LONG,,97.06800000,101.21600000,,,94.57900000,2x,42,,f,24,2026-04-29 18:24:40.032,SL_HIT,-2.5642,2026-04-29 15:03:41.409,,,global,2026-04-28 18:24:40.033688
989,signals_tab,NEAR,SHORT,,1.34000000,1.29600000,,,1.36600000,2x,41,,f,24,2026-04-29 18:07:57.311,EXPIRED_WIN,1.5709,2026-04-29 18:07:58.473,,,global,2026-04-28 18:07:57.312574
988,signals_tab,AAVE,SHORT,,96.53000000,92.57000000,,,98.90600000,2x,38,,f,24,2026-04-29 18:07:37.962,EXPIRED_WIN,2.4764,2026-04-29 18:07:58.473,,,global,2026-04-28 18:07:37.963266
987,signals_tab,TRUMP,SHORT,,2.46920000,1.98700000,,,2.75900000,2x,44,,f,24,2026-04-29 18:06:52.997,EXPIRED_WIN,4.5865,2026-04-29 18:06:58.488,,,global,2026-04-28 18:06:52.999262
986,signals_tab,APT,SHORT,,0.96470000,0.87140000,,,1.02070000,2x,52,,f,24,2026-04-29 17:40:13.574,EXPIRED_LOSS,-1.0884,2026-04-29 17:40:50.011,,,global,2026-04-28 17:40:13.57696
985,signals_tab,DOT,LONG,,1.23900000,1.27300000,,,1.21900000,2x,44,,f,24,2026-04-29 17:16:27.301,SL_HIT,-1.6142,2026-04-29 15:10:47.278,,,global,2026-04-28 17:16:27.302899
984,signals_tab,ONDO,LONG,,0.27820000,0.29820000,,,0.26620000,2x,61,,f,24,2026-04-29 17:12:35.841,SL_HIT,-4.3134,2026-04-28 17:13:32.042,,,global,2026-04-28 17:12:35.843612
983,signals_tab,UNI,LONG,,3.23300000,3.31400000,,,3.18500000,2x,38,,f,24,2026-04-29 17:12:20.142,SL_HIT,-1.4847,2026-04-29 15:52:57.07,,,global,2026-04-28 17:12:20.143548
982,signals_tab,UNI,LONG,,3.23300000,3.31400000,,,3.18500000,2x,38,,f,24,2026-04-29 17:12:20.094,SL_HIT,-1.4847,2026-04-29 15:52:57.07,,,global,2026-04-28 17:12:20.096261
981,signals_tab,DOGE,LONG,,0.09976000,0.10230000,,,0.09830000,2x,40,,f,24,2026-04-29 17:12:18.98,TP1_HIT,2.5461,2026-04-29 15:03:41.409,,,global,2026-04-28 17:12:18.981681
980,signals_tab,HBAR,LONG,,0.08888800,0.09110000,,,0.08760000,2x,34,,f,24,2026-04-29 17:04:19.36,EXPIRED_LOSS,-0.6469,2026-04-29 17:09:05.709,,,global,2026-04-28 17:04:19.362236
979,signals_tab,ONDO,SHORT,,0.26341000,0.25100000,,,0.27080000,2x,52,,f,24,2026-04-29 17:03:54.396,EXPIRED_WIN,0.9548,2026-04-29 17:09:05.709,,,global,2026-04-28 17:03:54.398642
978,signals_tab,JUP,LONG,,0.18822000,0.19500000,,,0.18420000,2x,47,,f,24,2026-04-29 17:03:54.184,SL_HIT,-2.1358,2026-04-29 15:10:47.278,,,global,2026-04-28 17:03:54.185842
977,signals_tab,WIF,SHORT,,0.17746000,0.17300000,,,0.18010000,2x,36,,f,24,2026-04-29 17:00:37.471,EXPIRED_WIN,1.2200,2026-04-29 17:00:58.638,,,global,2026-04-28 17:00:37.472918
976,signals_tab,ONDO,LONG,,0.27300000,0.28340000,,,0.26680000,2x,51,,f,24,2026-04-29 01:34:28.991,SL_HIT,-2.2711,2026-04-28 01:35:27.314,,,global,2026-04-28 01:34:28.994512
975,signals_tab,WIF,SHORT,,0.17699000,0.17030000,,,0.18100000,2x,46,,f,24,2026-04-29 01:10:32.011,EXPIRED_LOSS,-0.8899,2026-04-29 01:10:59.356,,,global,2026-04-28 01:10:32.012363
974,signals_tab,ONDO,SHORT,,0.26656000,0.25690000,,,0.27230000,2x,41,,f,24,2026-04-29 01:09:44.398,EXPIRED_WIN,0.8891,2026-04-29 01:09:59.356,,,global,2026-04-28 01:09:44.400118
973,signals_tab,JUP,LONG,,0.19509000,0.20000000,,,0.19220000,2x,35,,f,24,2026-04-29 01:07:38.402,SL_HIT,-1.4814,2026-04-28 02:02:52.022,,,global,2026-04-28 01:07:38.404771
972,signals_tab,HBAR,LONG,,0.08951900,0.09180000,,,0.08820000,2x,49,,f,24,2026-04-29 01:07:13.437,EXPIRED_LOSS,-0.5574,2026-04-29 01:07:59.351,,,global,2026-04-28 01:07:13.439375
971,signals_tab,DOGE,LONG,,0.09897900,0.10150000,,,0.09750000,2x,30,,f,24,2026-04-29 01:07:02.26,EXPIRED_WIN,1.0214,2026-04-29 01:07:59.351,,,global,2026-04-28 01:07:02.261817
970,signals_tab,DOGE,LONG,,0.09793400,0.10040000,,,0.09650000,2x,23,,f,24,2026-04-28 22:02:56.573,EXPIRED_WIN,1.7001,2026-04-28 22:03:22.173,,,global,2026-04-27 22:02:56.574402
969,signals_tab,ARB,LONG,,0.12516000,0.12830000,,,0.12330000,2x,35,,f,24,2026-04-28 22:01:47.007,SL_HIT,-1.4861,2026-04-28 17:11:32.02,,,global,2026-04-27 22:01:47.009216
968,signals_tab,ONDO,SHORT,,0.26130000,0.25010000,,,0.26800000,2x,34,,f,24,2026-04-28 22:01:22.456,EXPIRED_LOSS,-0.8037,2026-04-28 22:02:22.173,,,global,2026-04-27 22:01:22.460177
967,signals_tab,HBAR,LONG,,0.08919400,0.09140000,,,0.08790000,2x,28,,f,24,2026-04-28 21:57:53.133,EXPIRED_LOSS,-0.2803,2026-04-28 21:58:22.259,,,global,2026-04-27 21:57:53.13594
966,signals_tab,WIF,SHORT,,0.17554000,0.16540000,,,0.18160000,2x,34,,f,24,2026-04-28 21:57:51.593,EXPIRED_LOSS,-1.7375,2026-04-28 21:58:22.259,,,global,2026-04-27 21:57:51.595498
965,signals_tab,ADA,SHORT,,0.25098000,0.24470000,,,0.25470000,2x,33,,f,24,2026-04-27 05:28:49.118,EXPIRED_WIN,2.3428,2026-04-27 21:55:45.555,,,global,2026-04-26 05:28:49.120566
964,signals_tab,WIF,SHORT,,0.17935000,0.17490000,,,0.18200000,2x,43,,f,24,2026-04-27 05:16:10.179,EXPIRED_WIN,2.0100,2026-04-27 21:55:45.555,,,global,2026-04-26 05:16:10.180892
963,signals_tab,JUP,LONG,,0.18014000,0.19860000,,,0.16910000,2x,49,,f,24,2026-04-27 05:15:51.67,EXPIRED_WIN,7.7690,2026-04-27 21:55:45.555,,,global,2026-04-26 05:15:51.672517
962,signals_tab,XRP,LONG,,1.42420000,1.46000000,,,1.40300000,2x,30,,f,24,2026-04-27 05:12:25.659,SL_HIT,-1.4886,2026-04-27 21:55:45.555,,,global,2026-04-26 05:12:25.661174
961,signals_tab,HBAR,LONG,,0.09193100,0.09420000,,,0.09060000,2x,28,,f,24,2026-04-27 05:12:22.937,SL_HIT,-1.4478,2026-04-27 21:55:45.555,,,global,2026-04-26 05:12:22.939014
960,signals_tab,DOGE,LONG,,0.09832700,0.10080000,,,0.09690000,2x,30,,f,24,2026-04-27 05:12:21.513,EXPIRED_LOSS,-0.3549,2026-04-27 21:55:45.555,,,global,2026-04-26 05:12:21.515209
959,signals_tab,ONDO,SHORT,,0.26217000,0.25390000,,,0.26710000,2x,52,,f,24,2026-04-25 14:23:17.042,EXPIRED_WIN,0.5454,2026-04-26 05:10:13.964,,,global,2026-04-24 14:23:17.045613
958,signals_tab,JUP,LONG,,0.17335000,0.19880000,,,0.15810000,3x,54,,f,24,2026-04-25 14:19:17.237,EXPIRED_WIN,3.5247,2026-04-26 05:10:13.964,,,global,2026-04-24 14:19:17.238789
957,signals_tab,TIA,SHORT,,0.35340000,0.33800000,,,0.36260000,2x,57,,f,24,2026-04-25 13:40:59.64,EXPIRED_LOSS,-0.3480,2026-04-26 05:10:13.964,,,global,2026-04-24 13:40:59.642236
956,signals_tab,WIF,SHORT,,0.18182000,0.17730000,,,0.18450000,2x,36,,f,24,2026-04-25 13:21:06.266,EXPIRED_WIN,1.5537,2026-04-26 05:10:13.964,,,global,2026-04-24 13:21:06.269014
955,signals_tab,SEI,LONG,,0.06416000,0.06630000,,,0.06290000,2x,64,,f,24,2026-04-25 13:17:46.684,SL_HIT,-1.9638,2026-04-24 13:18:45.054,,,global,2026-04-24 13:17:46.686041
954,signals_tab,HBAR,LONG,,0.09132900,0.09360000,,,0.09000000,2x,56,,f,24,2026-04-25 13:11:56.358,EXPIRED_WIN,0.5453,2026-04-26 05:10:13.964,,,global,2026-04-24 13:11:56.360157
953,signals_tab,DOGE,LONG,,0.09834400,0.10080000,,,0.09690000,2x,33,,f,24,2026-04-25 13:11:51.196,EXPIRED_LOSS,-0.1647,2026-04-26 05:10:13.964,,,global,2026-04-24 13:11:51.198149
952,signals_tab,JUP,LONG,,0.17533000,0.20730000,,,0.15620000,3x,44,,f,24,2026-04-25 12:12:51.36,EXPIRED_WIN,2.3556,2026-04-26 05:10:13.964,,,global,2026-04-24 12:12:51.361997
951,signals_tab,RENDER,LONG,,1.81740000,1.87000000,,,1.78600000,2x,49,,f,24,2026-04-25 11:42:31.87,EXPIRED_LOSS,-0.4319,2026-04-26 05:10:13.964,,,global,2026-04-24 11:42:31.872257
950,signals_tab,TIA,SHORT,,0.35340000,0.34120000,,,0.36070000,2x,61,,f,24,2026-04-25 11:40:07.332,SL_HIT,-2.0656,2026-04-24 11:40:35.983,,,global,2026-04-24 11:40:07.337182
949,signals_tab,DOGE,SHORT,,0.09814700,0.09570000,,,0.09960000,2x,28,,f,24,2026-04-25 11:22:16.088,EXPIRED_LOSS,-0.0357,2026-04-26 05:10:13.964,,,global,2026-04-24 11:22:16.089931
948,signals_tab,WIF,SHORT,,0.18112000,0.17660000,,,0.18380000,2x,33,,f,24,2026-04-25 11:20:46.588,EXPIRED_WIN,1.1733,2026-04-26 05:10:13.964,,,global,2026-04-24 11:20:46.590165
947,signals_tab,SEI,LONG,,0.06416000,0.06660000,,,0.06270000,2x,64,,f,24,2026-04-25 10:49:02.049,SL_HIT,-2.2756,2026-04-24 10:49:30.981,,,global,2026-04-24 10:49:02.054489
946,signals_tab,HBAR,SHORT,,0.09058900,0.08830000,,,0.09190000,2x,33,,f,24,2026-04-25 10:39:53.839,EXPIRED_LOSS,-1.3666,2026-04-26 05:10:13.964,,,global,2026-04-24 10:39:53.841557
945,signals_tab,OP,SHORT,,0.12198000,0.11890000,,,0.12380000,2x,33,,f,24,2026-04-25 10:39:34.08,SL_HIT,-1.4920,2026-04-26 05:10:13.964,,,global,2026-04-24 10:39:34.084943
944,signals_tab,ARB,SHORT,,0.12876000,0.12100000,,,0.13340000,2x,43,,f,24,2026-04-25 10:39:33.82,EXPIRED_LOSS,-1.2970,2026-04-26 05:10:13.964,,,global,2026-04-24 10:39:33.822799
943,signals_tab,DOGE,LONG,,0.09741700,0.09990000,,,0.09600000,2x,30,,f,24,2026-04-25 10:35:09.438,EXPIRED_WIN,0.7853,2026-04-26 05:10:13.964,,,global,2026-04-24 10:35:09.439428
942,signals_tab,HBAR,LONG,,0.09050800,0.09280000,,,0.08920000,2x,35,,f,24,2026-04-25 10:34:29.845,EXPIRED_WIN,1.4573,2026-04-26 05:10:13.964,,,global,2026-04-24 10:34:29.847486
941,signals_tab,UNI,SHORT,,3.24050000,3.15900000,,,3.28900000,2x,50,,f,24,2026-04-25 03:18:03.545,EXPIRED_LOSS,-0.8286,2026-04-26 05:10:13.964,,,global,2026-04-24 03:18:03.548646
940,signals_tab,WIF,SHORT,,0.18014000,0.17560000,,,0.18280000,2x,45,,f,24,2026-04-25 03:17:03.51,EXPIRED_WIN,0.6356,2026-04-26 05:10:13.964,,,global,2026-04-24 03:17:03.51174
939,signals_tab,DOT,SHORT,,1.24140000,1.21000000,,,1.26000000,2x,28,,f,24,2026-04-25 03:16:38.695,EXPIRED_LOSS,-0.6324,2026-04-26 05:10:13.964,,,global,2026-04-24 03:16:38.697469
938,signals_tab,XRP,SHORT,,1.43580000,1.40000000,,,1.45700000,2x,35,,f,24,2026-04-25 03:16:13.894,EXPIRED_WIN,0.9507,2026-04-26 05:10:13.964,,,global,2026-04-24 03:16:13.895531
937,signals_tab,PENDLE,SHORT,,1.29760000,1.26500000,,,1.31700000,2x,26,,f,24,2026-04-25 03:16:05.155,SL_HIT,-1.4951,2026-04-24 10:36:28.357,,,global,2026-04-24 03:16:05.157106
936,signals_tab,TRUMP,LONG,,2.86380000,2.95100000,,,2.81200000,2x,31,,f,24,2026-04-25 03:09:08.143,SL_HIT,-1.8088,2026-04-26 05:10:13.964,,,global,2026-04-24 03:09:08.145042
935,signals_tab,NEAR,LONG,,1.40240000,1.44200000,,,1.37900000,2x,38,,f,24,2026-04-25 03:08:57.152,EXPIRED_LOSS,-0.1604,2026-04-26 05:10:13.964,,,global,2026-04-24 03:08:57.153677
934,signals_tab,ADA,LONG,,0.24983000,0.25610000,,,0.24610000,2x,21,,f,24,2026-04-25 03:08:56.921,EXPIRED_WIN,0.1121,2026-04-26 05:10:13.964,,,global,2026-04-24 03:08:56.922528
933,signals_tab,WIF,LONG,,0.18017000,0.18470000,,,0.17750000,2x,28,,f,24,2026-04-25 03:08:56.031,EXPIRED_LOSS,-0.6522,2026-04-26 05:10:13.964,,,global,2026-04-24 03:08:56.033218
932,signals_tab,APT,LONG,,0.95000000,0.98720000,,,0.92770000,2x,43,,f,24,2026-04-25 03:08:52.742,EXPIRED_WIN,1.9895,2026-04-26 05:10:13.964,,,global,2026-04-24 03:08:52.744372
931,signals_tab,SEI,SHORT,,0.06110400,0.05660000,,,0.06380000,3x,37,,f,24,2026-04-24 15:01:04.507,EXPIRED_WIN,1.5547,2026-04-26 05:10:13.964,,,global,2026-04-23 15:01:04.521225
930,signals_tab,HYPE,LONG,,41.60600000,42.64600000,,,40.98200000,2x,39,,f,24,2026-04-24 15:00:24.099,SL_HIT,-1.4998,2026-04-24 10:32:28.46,,,global,2026-04-23 15:00:24.108966
929,signals_tab,HBAR,LONG,,0.09072500,0.09300000,,,0.08940000,2x,34,,f,24,2026-04-24 14:41:37.048,EXPIRED_WIN,0.1841,2026-04-24 14:42:20.342,,,global,2026-04-23 14:41:37.049999
928,signals_tab,BNB,LONG,,635.77000000,651.66000000,,,626.23000000,2x,29,,f,24,2026-04-24 14:41:36.814,EXPIRED_WIN,0.4090,2026-04-24 14:42:20.342,,,global,2026-04-23 14:41:36.816356
927,signals_tab,DOGE,LONG,,0.09660100,0.09900000,,,0.09520000,2x,33,,f,24,2026-04-24 14:41:36.58,EXPIRED_WIN,1.2805,2026-04-24 14:42:20.342,,,global,2026-04-23 14:41:36.58217
926,signals_tab,ETH,LONG,,2327.40000000,2385.59000000,,,2292.49000000,2x,39,,f,24,2026-04-24 14:41:36.176,EXPIRED_LOSS,-0.6338,2026-04-24 14:42:20.342,,,global,2026-04-23 14:41:36.178841
925,signals_tab,BTC,LONG,,77805.00000000,79750.13000000,,,76637.93000000,2x,46,,f,24,2026-04-24 14:41:35.791,EXPIRED_WIN,0.1125,2026-04-24 14:42:20.342,,,global,2026-04-23 14:41:35.794103
924,signals_tab,SEI,SHORT,,0.06039500,0.05490000,,,0.06370000,3x,49,,f,24,2026-04-24 12:27:29.568,EXPIRED_LOSS,-3.7685,2026-04-24 12:28:02.419,,,global,2026-04-23 12:27:29.580342
923,signals_tab,DOGE,LONG,,0.09662900,0.09900000,,,0.09520000,2x,33,,f,24,2026-04-24 12:23:59.68,EXPIRED_WIN,1.6486,2026-04-24 12:24:02.383,,,global,2026-04-23 12:23:59.682907
922,signals_tab,ETH,LONG,,2327.20000000,2385.38000000,,,2292.29000000,2x,44,,f,24,2026-04-24 12:23:59.452,EXPIRED_WIN,0.0322,2026-04-24 12:24:02.383,,,global,2026-04-23 12:23:59.455387
921,signals_tab,HBAR,LONG,,0.09068400,0.09300000,,,0.08930000,2x,41,,f,24,2026-04-24 12:00:50.773,EXPIRED_WIN,0.7443,2026-04-24 12:01:37.584,,,global,2026-04-23 12:00:50.782933
920,signals_tab,BTC,LONG,,77686.00000000,79628.15000000,,,76520.71000000,2x,36,,f,24,2026-04-24 11:59:50.695,EXPIRED_WIN,0.6739,2026-04-24 12:00:37.564,,,global,2026-04-23 11:59:50.710982
919,signals_tab,HYPE,LONG,,41.11900000,42.14700000,,,40.50200000,2x,43,,f,24,2026-04-24 11:59:06.266,EXPIRED_LOSS,-0.1715,2026-04-24 11:59:37.635,,,global,2026-04-23 11:59:06.268147
918,signals_tab,BNB,LONG,,633.43000000,649.27000000,,,623.93000000,2x,33,,f,24,2026-04-24 11:59:06.041,EXPIRED_WIN,0.7412,2026-04-24 11:59:37.635,,,global,2026-04-23 11:59:06.043826
917,signals_tab,WIF,SHORT,,0.18007000,0.16910000,,,0.18670000,2x,48,,f,24,2026-04-24 11:59:05.77,EXPIRED_LOSS,-0.7247,2026-04-24 11:59:37.635,,,global,2026-04-23 11:59:05.773665
916,signals_tab,ONDO,LONG,,0.26850000,0.28390000,,,0.25930000,2x,27,,f,24,2026-04-24 00:10:08.185,SL_HIT,-3.4264,2026-04-23 00:15:11.843,,,global,2026-04-23 00:10:08.187911
915,signals_tab,JUP,LONG,,0.18480000,0.20490000,,,0.17270000,3x,36,,f,24,2026-04-24 00:08:52.651,SL_HIT,-6.5476,2026-04-23 00:09:11.824,,,global,2026-04-23 00:08:52.653578
914,signals_tab,SEI,LONG,,0.06416000,0.06850000,,,0.06150000,3x,53,,f,24,2026-04-24 00:08:52.258,SL_HIT,-4.1459,2026-04-23 00:09:11.824,,,global,2026-04-23 00:08:52.259962
913,signals_tab,HBAR,LONG,,0.09091900,0.09320000,,,0.08960000,2x,40,,f,24,2026-04-24 00:02:12.795,EXPIRED_LOSS,-0.0693,2026-04-24 01:22:27.444,,,global,2026-04-23 00:02:12.796506
912,signals_tab,PENDLE,LONG,,1.32200000,1.35500000,,,1.30200000,2x,33,,f,24,2026-04-24 00:02:12.589,SL_HIT,-1.5129,2026-04-23 11:57:05.129,,,global,2026-04-23 00:02:12.592026
911,signals_tab,ONDO,SHORT,,0.26122000,0.25010000,,,0.26790000,2x,41,,f,24,2026-04-23 23:44:15.792,EXPIRED_LOSS,-0.6412,2026-04-24 01:22:27.444,,,global,2026-04-22 23:44:15.794977
910,signals_tab,JUP,SHORT,,0.17190000,0.15220000,,,0.18370000,3x,36,,f,24,2026-04-23 23:44:15.578,EXPIRED_LOSS,-1.0268,2026-04-24 01:22:27.444,,,global,2026-04-22 23:44:15.579802
909,signals_tab,SEI,SHORT,,0.06098600,0.05610000,,,0.06390000,3x,36,,f,24,2026-04-23 23:44:15.365,EXPIRED_LOSS,-2.9859,2026-04-24 01:22:27.444,,,global,2026-04-22 23:44:15.367127
908,signals_tab,TIA,SHORT,,0.36637000,0.34780000,,,0.37750000,3x,44,,f,24,2026-04-23 23:44:15.133,EXPIRED_WIN,1.3293,2026-04-24 01:22:27.444,,,global,2026-04-22 23:44:15.143021
907,signals_tab,WIF,SHORT,,0.18994000,0.17660000,,,0.19800000,2x,48,,f,24,2026-04-23 23:40:40.045,EXPIRED_WIN,5.6728,2026-04-24 01:22:27.444,,,global,2026-04-22 23:40:40.047664
906,signals_tab,HYPE,LONG,,41.09100000,42.11800000,,,40.47500000,2x,43,,f,24,2026-04-23 23:38:05.421,EXPIRED_WIN,0.1448,2026-04-24 01:22:27.444,,,global,2026-04-22 23:38:05.422644
905,signals_tab,BNB,LONG,,637.86000000,653.81000000,,,628.29000000,2x,37,,f,24,2026-04-23 23:38:05.204,EXPIRED_WIN,0.0298,2026-04-24 01:22:27.444,,,global,2026-04-22 23:38:05.206295
904,signals_tab,DOGE,LONG,,0.09583600,0.09820000,,,0.09440000,2x,33,,f,24,2026-04-23 23:38:04.485,EXPIRED_WIN,1.3815,2026-04-24 01:22:27.444,,,global,2026-04-22 23:38:04.486544
903,signals_tab,ETH,LONG,,2378.10000000,2437.55000000,,,2342.43000000,2x,48,,f,24,2026-04-23 23:38:04.262,SL_HIT,-1.4999,2026-04-23 11:57:05.129,,,global,2026-04-22 23:38:04.263913
902,signals_tab,BTC,LONG,,78239.00000000,80194.98000000,,,77065.41000000,2x,34,,f,24,2026-04-23 23:38:04.058,EXPIRED_LOSS,-0.2550,2026-04-24 01:22:27.444,,,global,2026-04-22 23:38:04.060776
901,signals_tab,JUP,SHORT,,0.17462000,0.15900000,,,0.18400000,3x,36,,f,24,2026-04-23 20:25:11.585,EXPIRED_WIN,1.9499,2026-04-23 21:30:53.023,,,global,2026-04-22 20:25:11.588251
900,signals_tab,SEI,SHORT,,0.06194300,0.05830000,,,0.06410000,3x,34,,f,24,2026-04-23 20:25:11.332,EXPIRED_WIN,1.2011,2026-04-23 21:30:53.023,,,global,2026-04-22 20:25:11.345607
899,signals_tab,HYPE,LONG,,41.06000000,42.08700000,,,40.44400000,2x,51,,f,24,2026-04-23 20:12:13.079,EXPIRED_WIN,0.5370,2026-04-23 21:30:53.023,,,global,2026-04-22 20:12:13.079906
898,signals_tab,HBAR,LONG,,0.09147000,0.09380000,,,0.09010000,2x,35,,f,24,2026-04-23 20:12:12.864,EXPIRED_LOSS,-0.8648,2026-04-23 21:30:53.023,,,global,2026-04-22 20:12:12.866907
897,signals_tab,JUP,LONG,,0.18480000,0.19890000,,,0.17640000,3x,53,,f,24,2026-04-23 20:11:42.593,SL_HIT,-4.5455,2026-04-22 20:12:28.458,,,global,2026-04-22 20:11:42.595314
896,signals_tab,SEI,LONG,,0.06417000,0.06740000,,,0.06230000,3x,53,,f,24,2026-04-23 20:11:42.386,SL_HIT,-2.9141,2026-04-22 20:12:28.458,,,global,2026-04-22 20:11:42.38862
895,signals_tab,WIF,SHORT,,0.19648000,0.19160000,,,0.19940000,2x,33,,f,24,2026-04-23 20:06:34.006,TP1_HIT,2.4837,2026-04-22 23:36:03.458,,,global,2026-04-22 20:06:34.012623
894,signals_tab,PENDLE,LONG,,1.35420000,1.38800000,,,1.33400000,2x,31,,f,24,2026-04-23 19:20:57.202,SL_HIT,-1.4917,2026-04-22 23:36:03.458,,,global,2026-04-22 19:20:57.205424
893,signals_tab,BNB,LONG,,645.74000000,661.88000000,,,636.05000000,2x,33,,f,24,2026-04-23 19:20:56.969,SL_HIT,-1.5006,2026-04-23 00:15:11.843,,,global,2026-04-22 19:20:56.97062
892,signals_tab,DOGE,LONG,,0.09694400,0.09940000,,,0.09550000,2x,33,,f,24,2026-04-23 19:20:56.75,EXPIRED_LOSS,-0.0144,2026-04-23 21:30:53.023,,,global,2026-04-22 19:20:56.752465
891,signals_tab,ETH,LONG,,2400.70000000,2460.72000000,,,2364.69000000,2x,44,,f,24,2026-04-23 19:20:56.135,SL_HIT,-1.5000,2026-04-23 00:10:11.822,,,global,2026-04-22 19:20:56.137643
890,signals_tab,BTC,LONG,,78889.00000000,80861.23000000,,,77705.66000000,2x,44,,f,24,2026-04-23 19:20:55.912,SL_HIT,-1.5000,2026-04-23 00:16:11.861,,,global,2026-04-22 19:20:55.915775
889,signals_tab,TIA,LONG,,0.38432000,0.39390000,,,0.37860000,2x,59,,f,24,2026-04-23 14:16:06.851,SL_HIT,-1.4883,2026-04-22 19:28:50.281,,,global,2026-04-22 14:16:06.860952
888,signals_tab,SEI,SHORT,,0.06143200,0.05730000,,,0.06390000,3x,44,,f,24,2026-04-23 14:14:46.772,EXPIRED_WIN,0.9034,2026-04-23 14:39:35.036,,,global,2026-04-22 14:14:46.783068
887,signals_tab,BNB,LONG,,651.63000000,667.92000000,,,641.86000000,2x,33,,f,24,2026-04-23 14:11:11.878,SL_HIT,-1.4993,2026-04-22 20:00:50.373,,,global,2026-04-22 14:11:11.880846
886,signals_tab,ETH,LONG,,2418.50000000,2478.96000000,,,2382.22000000,2x,39,,f,24,2026-04-23 14:04:50.571,SL_HIT,-1.5001,2026-04-22 23:36:03.458,,,global,2026-04-22 14:04:50.582504
885,signals_tab,PENDLE,LONG,,1.33420000,1.36800000,,,1.31400000,2x,31,,f,24,2026-04-23 14:04:25.632,SL_HIT,-1.5140,2026-04-23 00:16:11.861,,,global,2026-04-22 14:04:25.635083
884,signals_tab,WIF,SHORT,,0.19973000,0.19300000,,,0.20380000,2x,49,,f,24,2026-04-23 13:57:03.175,TP1_HIT,3.3695,2026-04-22 23:36:03.458,,,global,2026-04-22 13:57:03.186314
883,signals_tab,BTC,LONG,,78722.00000000,80690.05000000,,,77541.17000000,2x,47,,f,24,2026-04-23 13:56:28.238,EXPIRED_LOSS,-1.2061,2026-04-23 14:39:35.036,,,global,2026-04-22 13:56:28.248468
882,signals_tab,HYPE,LONG,,41.40500000,42.44000000,,,40.78400000,2x,39,,f,24,2026-04-23 13:56:03.706,EXPIRED_WIN,0.2005,2026-04-23 14:39:35.036,,,global,2026-04-22 13:56:03.70747
881,signals_tab,HBAR,LONG,,0.09127200,0.09360000,,,0.08990000,2x,31,,f,24,2026-04-23 13:56:03.503,EXPIRED_LOSS,-0.7187,2026-04-23 14:39:35.036,,,global,2026-04-22 13:56:03.504696
880,signals_tab,DOGE,LONG,,0.09807900,0.10050000,,,0.09660000,2x,33,,f,24,2026-04-23 13:56:03.258,SL_HIT,-1.5080,2026-04-22 19:35:50.341,,,global,2026-04-22 13:56:03.261594
879,signals_tab,ONDO,SHORT,,0.25930000,0.24600000,,,0.26730000,3x,54,,f,24,2026-04-23 13:14:59.058,SL_HIT,-3.0852,2026-04-22 13:15:36.331,,,global,2026-04-22 13:14:59.060545
878,signals_tab,JUP,LONG,,0.18480000,0.19550000,,,0.17840000,3x,54,,f,24,2026-04-23 13:14:58.815,SL_HIT,-3.4632,2026-04-22 13:15:36.331,,,global,2026-04-22 13:14:58.818092
877,signals_tab,SEI,LONG,,0.06417000,0.06880000,,,0.06140000,3x,54,,f,24,2026-04-23 13:14:58.607,SL_HIT,-4.3167,2026-04-22 13:15:36.331,,,global,2026-04-22 13:14:58.609964
876,signals_tab,TIA,SHORT,,0.37660000,0.36250000,,,0.38510000,2x,54,,f,24,2026-04-23 13:14:58.331,SL_HIT,-2.2570,2026-04-22 13:15:36.331,,,global,2026-04-22 13:14:58.333964
875,signals_tab,ONDO,LONG,,0.26924000,0.28490000,,,0.25980000,3x,37,,f,24,2026-04-23 12:24:54.56,SL_HIT,-3.5062,2026-04-23 00:11:11.823,,,global,2026-04-22 12:24:54.57049
874,signals_tab,JUP,SHORT,,0.17845000,0.16890000,,,0.18420000,3x,44,,f,24,2026-04-23 12:24:54.477,EXPIRED_WIN,4.5139,2026-04-23 12:25:53.808,,,global,2026-04-22 12:24:54.49071
873,signals_tab,SEI,SHORT,,0.06135500,0.05750000,,,0.06370000,2x,44,,f,24,2026-04-23 11:57:56.533,EXPIRED_WIN,1.4212,2026-04-23 11:58:05.177,,,global,2026-04-22 11:57:56.542147
872,signals_tab,TIA,LONG,,0.38620000,0.39960000,,,0.37820000,2x,42,,f,24,2026-04-23 11:57:56.519,SL_HIT,-2.0715,2026-04-22 19:29:50.319,,,global,2026-04-22 11:57:56.529153
871,signals_tab,HYPE,LONG,,40.91900000,41.94200000,,,40.30500000,2x,43,,f,24,2026-04-23 11:54:01.552,EXPIRED_WIN,0.4973,2026-04-23 11:57:05.129,,,global,2026-04-22 11:54:01.553361
870,signals_tab,DOGE,LONG,,0.09784900,0.10030000,,,0.09640000,2x,30,,f,24,2026-04-23 11:54:01.526,SL_HIT,-1.4809,2026-04-22 19:35:50.341,,,global,2026-04-22 11:54:01.528865
869,signals_tab,WIF,SHORT,,0.20039000,0.19540000,,,0.20340000,2x,33,,f,24,2026-04-23 11:54:01.469,TP1_HIT,2.4901,2026-04-22 19:36:50.343,,,global,2026-04-22 11:54:01.472947
868,signals_tab,ETH,LONG,,2393.40000000,2453.24000000,,,2357.50000000,2x,36,,f,24,2026-04-23 11:45:49.024,SL_HIT,-1.5000,2026-04-23 00:15:11.843,,,global,2026-04-22 11:45:49.025816
867,signals_tab,HBAR,LONG,,0.09110400,0.09340000,,,0.08970000,2x,31,,f,24,2026-04-23 11:45:39.172,EXPIRED_LOSS,-0.4544,2026-04-23 11:57:05.129,,,global,2026-04-22 11:45:39.182234
866,signals_tab,PENDLE,LONG,,1.34620000,1.38000000,,,1.32600000,2x,40,,f,24,2026-04-23 11:45:39.169,SL_HIT,-1.5005,2026-04-22 23:36:03.458,,,global,2026-04-22 11:45:39.170772
865,signals_tab,BNB,LONG,,641.95000000,658.00000000,,,632.32000000,2x,33,,f,24,2026-04-23 11:45:39.157,EXPIRED_LOSS,-1.3249,2026-04-23 11:57:05.129,,,global,2026-04-22 11:45:39.158382
864,signals_tab,BTC,LONG,,78193.00000000,80147.82000000,,,77020.10000000,2x,41,,f,24,2026-04-23 11:45:39.135,EXPIRED_LOSS,-0.6452,2026-04-23 11:57:05.129,,,global,2026-04-22 11:45:39.138306
863,signals_tab,HBAR,LONG,,0.08926000,0.09150000,,,0.08790000,2x,31,,f,24,2026-04-22 17:39:39.97,TP1_HIT,2.5095,2026-04-22 19:18:50.331,,,global,2026-04-21 17:39:39.971948
862,signals_tab,PENDLE,LONG,,1.33720000,1.37100000,,,1.31700000,2x,31,,f,24,2026-04-22 17:39:39.967,EXPIRED_WIN,1.2751,2026-04-22 19:18:50.331,,,global,2026-04-21 17:39:39.969569
861,signals_tab,BNB,LONG,,629.11000000,644.84000000,,,619.67000000,2x,33,,f,24,2026-04-22 17:39:39.944,TP1_HIT,2.5004,2026-04-22 13:53:57.695,,,global,2026-04-21 17:39:39.954642
860,signals_tab,ETH,LONG,,2301.00000000,2358.53000000,,,2266.49000000,2x,44,,f,24,2026-04-22 17:39:39.926,TP1_HIT,2.5002,2026-04-22 11:43:38.564,,,global,2026-04-21 17:39:39.936035
859,signals_tab,BTC,LONG,,75466.00000000,77352.65000000,,,74334.01000000,2x,44,,f,24,2026-04-22 17:39:39.921,TP1_HIT,2.5000,2026-04-22 11:43:38.564,,,global,2026-04-21 17:39:39.923652
858,signals_tab,HYPE,LONG,,39.60000000,40.59000000,,,39.00600000,2x,55,,f,24,2026-04-22 17:29:44.002,TP1_HIT,2.5000,2026-04-22 11:43:38.564,,,global,2026-04-21 17:29:44.0138
857,signals_tab,TRUMP,SHORT,,2.82310000,2.65000000,,,2.92700000,2x,42,,f,24,2026-04-22 17:29:14.306,SL_HIT,-3.6804,2026-04-22 11:43:38.564,,,global,2026-04-21 17:29:14.308218
856,signals_tab,APT,SHORT,,0.91880000,0.87030000,,,0.94790000,2x,42,,f,24,2026-04-22 17:29:14.284,SL_HIT,-3.1672,2026-04-22 11:43:38.564,,,global,2026-04-21 17:29:14.303546
855,signals_tab,NEAR,SHORT,,1.35660000,1.32300000,,,1.37700000,2x,38,,f,24,2026-04-22 17:29:14.265,SL_HIT,-1.5038,2026-04-22 11:43:38.564,,,global,2026-04-21 17:29:14.277817
854,signals_tab,WIF,SHORT,,0.19327000,0.18430000,,,0.19870000,2x,42,,f,24,2026-04-22 17:29:14.244,SL_HIT,-2.8095,2026-04-22 11:43:38.564,,,global,2026-04-21 17:29:14.248351
853,signals_tab,HYPE,LONG,,39.65800000,40.64900000,,,39.06300000,2x,47,,f,24,2026-04-22 17:21:40.776,TP1_HIT,2.4989,2026-04-22 11:43:38.564,,,global,2026-04-21 17:21:40.786813
852,signals_tab,TRUMP,SHORT,,2.82590000,2.65500000,,,2.92800000,2x,56,,f,24,2026-04-22 17:18:45.807,SL_HIT,-3.6130,2026-04-22 11:43:38.564,,,global,2026-04-21 17:18:45.809053
851,signals_tab,APT,SHORT,,0.92090000,0.87870000,,,0.94630000,2x,56,,f,24,2026-04-22 17:18:45.79,SL_HIT,-2.7582,2026-04-22 11:43:38.564,,,global,2026-04-21 17:18:45.801124
850,signals_tab,NEAR,SHORT,,1.35640000,1.32200000,,,1.37700000,2x,50,,f,24,2026-04-22 17:18:45.786,SL_HIT,-1.5187,2026-04-22 11:43:38.564,,,global,2026-04-21 17:18:45.788695
849,signals_tab,WIF,SHORT,,0.19326000,0.18590000,,,0.19770000,2x,61,,f,24,2026-04-22 17:18:45.763,SL_HIT,-2.2974,2026-04-22 11:43:38.564,,,global,2026-04-21 17:18:45.76652
848,signals_tab,TRUMP,SHORT,,2.84980000,2.71800000,,,2.92900000,2x,42,,f,24,2026-04-22 17:01:16.12,SL_HIT,-2.7791,2026-04-22 11:43:38.564,,,global,2026-04-21 17:01:16.122158
847,signals_tab,APT,SHORT,,0.93200000,0.90460000,,,0.94840000,2x,49,,f,24,2026-04-22 17:01:16.102,SL_HIT,-1.7597,2026-04-22 11:43:38.564,,,global,2026-04-21 17:01:16.104249
846,signals_tab,NEAR,SHORT,,1.37120000,1.33700000,,,1.39200000,2x,31,,f,24,2026-04-22 17:01:16.098,SL_HIT,-1.5169,2026-04-22 11:43:38.564,,,global,2026-04-21 17:01:16.100386
845,signals_tab,DOT,LONG,,1.26950000,1.30100000,,,1.25000000,2x,31,,f,24,2026-04-22 17:01:16.084,TP1_HIT,2.4813,2026-04-22 11:43:38.564,,,global,2026-04-21 17:01:16.086603
844,signals_tab,WIF,SHORT,,0.19799000,0.19300000,,,0.20100000,2x,29,,f,24,2026-04-22 17:01:16.073,SL_HIT,-1.5203,2026-04-22 12:00:00.635,,,global,2026-04-21 17:01:16.076172
843,signals_tab,HYPE,LONG,,39.85300000,40.84900000,,,39.25500000,2x,40,,f,24,2026-04-22 16:16:16.409,TP1_HIT,2.4992,2026-04-22 11:43:38.564,,,global,2026-04-21 16:16:16.419103
842,signals_tab,TRUMP,SHORT,,2.86120000,2.74700000,,,2.92900000,2x,56,,f,24,2026-04-22 16:16:16.407,SL_HIT,-2.3696,2026-04-22 11:43:38.564,,,global,2026-04-21 16:16:16.408853
841,signals_tab,PENDLE,LONG,,1.35940000,1.39300000,,,1.33900000,2x,24,,f,24,2026-04-22 16:16:16.392,SL_HIT,-1.5007,2026-04-21 17:18:45.209,,,global,2026-04-21 16:16:16.394808
840,signals_tab,APT,SHORT,,0.93580000,0.91240000,,,0.94980000,2x,43,,f,24,2026-04-22 16:16:16.387,SL_HIT,-1.4960,2026-04-22 11:43:38.564,,,global,2026-04-21 16:16:16.388912
839,signals_tab,WIF,SHORT,,0.19927000,0.19430000,,,0.20230000,2x,39,,f,24,2026-04-22 16:16:16.369,TP1_HIT,2.4941,2026-04-21 17:18:45.209,,,global,2026-04-21 16:16:16.371519
838,signals_tab,TIA,LONG,,0.37649000,0.38880000,,,0.36910000,2x,37,,f,24,2026-04-22 16:08:00.826,EXPIRED_WIN,1.1873,2026-04-22 19:18:50.331,,,global,2026-04-21 16:08:00.838741
837,signals_tab,APT,SHORT,,0.94010000,0.91400000,,,0.95580000,2x,49,,f,24,2026-04-22 16:04:34.485,SL_HIT,-1.6700,2026-04-22 11:43:38.564,,,global,2026-04-21 16:04:34.496883
836,signals_tab,NEAR,SHORT,,1.37530000,1.34100000,,,1.39600000,2x,31,,f,24,2026-04-22 16:04:34.482,SL_HIT,-1.5051,2026-04-22 11:43:38.564,,,global,2026-04-21 16:04:34.483979
835,signals_tab,WIF,SHORT,,0.19987000,0.19490000,,,0.20290000,2x,36,,f,24,2026-04-22 16:04:34.455,TP1_HIT,2.4866,2026-04-21 17:18:45.209,,,global,2026-04-21 16:04:34.458348
834,signals_tab,TRUMP,SHORT,,2.86820000,2.78600000,,,2.91700000,2x,49,,f,24,2026-04-22 16:04:29.434,SL_HIT,-1.7014,2026-04-22 11:43:38.564,,,global,2026-04-21 16:04:29.441012
833,signals_tab,BNB,LONG,,632.93000000,648.75000000,,,623.44000000,2x,26,,f,24,2026-04-22 14:51:45.95,TP1_HIT,2.4995,2026-04-22 13:53:57.695,,,global,2026-04-21 14:51:45.976231
832,signals_tab,APT,SHORT,,0.93300000,0.90970000,,,0.94700000,2x,31,,f,24,2026-04-22 14:48:20.972,SL_HIT,-1.5005,2026-04-22 11:43:38.564,,,global,2026-04-21 14:48:20.982194
831,signals_tab,NEAR,SHORT,,1.37420000,1.34000000,,,1.39500000,2x,38,,f,24,2026-04-22 14:48:20.968,SL_HIT,-1.5136,2026-04-22 11:43:38.564,,,global,2026-04-21 14:48:20.969918
830,signals_tab,WIF,SHORT,,0.19977000,0.19480000,,,0.20280000,2x,36,,f,24,2026-04-22 14:48:20.954,TP1_HIT,2.4879,2026-04-21 17:18:45.209,,,global,2026-04-21 14:48:20.955719
829,signals_tab,TRUMP,SHORT,,2.86720000,2.79600000,,,2.91000000,2x,36,,f,24,2026-04-22 14:48:15.92,SL_HIT,-1.4927,2026-04-22 11:43:38.564,,,global,2026-04-21 14:48:15.922675
828,signals_tab,APT,SHORT,,0.93690000,0.91350000,,,0.95100000,2x,31,,f,24,2026-04-22 14:45:35.675,SL_HIT,-1.5050,2026-04-22 11:43:38.564,,,global,2026-04-21 14:45:35.676223
827,signals_tab,NEAR,SHORT,,1.37700000,1.34300000,,,1.39800000,2x,38,,f,24,2026-04-22 14:45:35.671,SL_HIT,-1.5251,2026-04-22 11:43:38.564,,,global,2026-04-21 14:45:35.672916
826,signals_tab,WIF,SHORT,,0.20039000,0.19540000,,,0.20340000,2x,36,,f,24,2026-04-22 14:45:35.65,TP1_HIT,2.4901,2026-04-21 17:17:45.232,,,global,2026-04-21 14:45:35.659994
825,signals_tab,BTC,LONG,,76430.00000000,78340.75000000,,,75283.55000000,2x,32,,f,24,2026-04-22 14:45:35.645,SL_HIT,-1.5000,2026-04-21 17:17:45.232,,,global,2026-04-21 14:45:35.64722
824,signals_tab,TRUMP,SHORT,,2.87540000,2.80400000,,,2.91900000,2x,48,,f,24,2026-04-22 14:45:30.665,SL_HIT,-1.5163,2026-04-22 11:43:38.564,,,global,2026-04-21 14:45:30.668268
823,signals_tab,UNI,LONG,,3.26010000,3.34200000,,,3.21100000,2x,34,,f,24,2026-04-22 14:31:02.572,SL_HIT,-1.5061,2026-04-21 17:18:45.209,,,global,2026-04-21 14:31:02.573469
822,signals_tab,BNB,LONG,,633.42000000,649.26000000,,,623.92000000,2x,40,,f,24,2026-04-22 14:31:02.567,TP1_HIT,2.5007,2026-04-22 13:53:57.695,,,global,2026-04-21 14:31:02.568899
821,signals_tab,DOGE,LONG,,0.09526600,0.09760000,,,0.09380000,2x,40,,f,24,2026-04-22 14:31:02.551,SL_HIT,-1.5388,2026-04-21 17:19:45.235,,,global,2026-04-21 14:31:02.561717
820,signals_tab,ETH,LONG,,2314.70000000,2372.57000000,,,2279.98000000,2x,39,,f,24,2026-04-22 14:31:02.547,TP1_HIT,2.5001,2026-04-22 11:43:38.564,,,global,2026-04-21 14:31:02.549157
819,signals_tab,BTC,LONG,,76146.00000000,78049.65000000,,,75003.81000000,2x,39,,f,24,2026-04-22 14:31:02.535,TP1_HIT,2.5000,2026-04-22 11:43:38.564,,,global,2026-04-21 14:31:02.537208
818,signals_tab,DOT,LONG,,1.27890000,1.31100000,,,1.26000000,2x,34,,f,24,2026-04-22 14:27:05.882,SL_HIT,-1.4778,2026-04-21 17:18:45.209,,,global,2026-04-21 14:27:05.886344
817,signals_tab,BNB,LONG,,633.15000000,648.98000000,,,623.65000000,2x,40,,f,24,2026-04-22 14:27:05.876,TP1_HIT,2.5002,2026-04-22 13:53:57.695,,,global,2026-04-21 14:27:05.879763
816,signals_tab,DOGE,LONG,,0.09525300,0.09760000,,,0.09380000,2x,40,,f,24,2026-04-22 14:27:05.86,SL_HIT,-1.5254,2026-04-21 17:19:45.235,,,global,2026-04-21 14:27:05.864486
815,signals_tab,ETH,LONG,,2315.50000000,2373.39000000,,,2280.77000000,2x,42,,f,24,2026-04-22 14:27:05.842,TP1_HIT,2.5001,2026-04-22 11:43:38.564,,,global,2026-04-21 14:27:05.853761
814,signals_tab,BTC,LONG,,76144.00000000,78047.60000000,,,75001.84000000,2x,39,,f,24,2026-04-22 14:27:05.837,TP1_HIT,2.5000,2026-04-22 11:43:38.564,,,global,2026-04-21 14:27:05.841328
813,signals_tab,TAO,LONG,,245.90000000,252.05000000,,,242.21000000,2x,39,,f,24,2026-04-22 14:17:12.057,SL_HIT,-1.5006,2026-04-21 17:12:11.011,,,global,2026-04-21 14:17:12.0592
812,signals_tab,BNB,LONG,,633.08000000,648.91000000,,,623.58000000,2x,41,,f,24,2026-04-22 14:17:12.046,TP1_HIT,2.5005,2026-04-22 13:53:57.695,,,global,2026-04-21 14:17:12.047846
811,signals_tab,DOGE,LONG,,0.09521000,0.09760000,,,0.09380000,2x,41,,f,24,2026-04-22 14:17:12.039,SL_HIT,-1.4809,2026-04-21 17:19:45.235,,,global,2026-04-21 14:17:12.041321
810,signals_tab,ETH,LONG,,2316.60000000,2374.51000000,,,2281.85000000,2x,40,,f,24,2026-04-22 14:17:12.024,TP1_HIT,2.4998,2026-04-22 11:43:38.564,,,global,2026-04-21 14:17:12.034855
809,signals_tab,BTC,LONG,,76112.00000000,78014.80000000,,,74970.32000000,2x,40,,f,24,2026-04-22 14:17:12.019,TP1_HIT,2.5000,2026-04-22 11:43:38.564,,,global,2026-04-21 14:17:12.021634
808,signals_tab,DOT,LONG,,1.27210000,1.30400000,,,1.25300000,2x,31,,f,24,2026-04-22 14:14:16.658,TP1_HIT,2.5077,2026-04-22 11:49:38.499,,,global,2026-04-21 14:14:16.660439
807,signals_tab,BNB,LONG,,631.44000000,647.23000000,,,621.97000000,2x,29,,f,24,2026-04-22 14:14:16.655,TP1_HIT,2.5006,2026-04-22 13:53:57.695,,,global,2026-04-21 14:14:16.65641
806,signals_tab,WIF,SHORT,,0.19800000,0.19300000,,,0.20100000,2x,43,,f,24,2026-04-22 14:14:16.647,SL_HIT,-1.5152,2026-04-22 12:00:00.635,,,global,2026-04-21 14:14:16.649133
805,signals_tab,SOL,SHORT,,85.68400000,83.54200000,,,86.96900000,2x,34,,f,24,2026-04-22 14:14:16.635,SL_HIT,-1.4997,2026-04-22 11:43:38.564,,,global,2026-04-21 14:14:16.646716
804,signals_tab,BTC,LONG,,75821.00000000,77716.52000000,,,74683.68000000,2x,32,,f,24,2026-04-22 14:14:16.629,TP1_HIT,2.5000,2026-04-22 11:43:38.564,,,global,2026-04-21 14:14:16.63258
803,signals_tab,TRUMP,SHORT,,2.85880000,2.77900000,,,2.90700000,2x,43,,f,24,2026-04-22 13:38:44.509,SL_HIT,-1.6860,2026-04-22 11:43:38.564,,,global,2026-04-21 13:38:44.510977
802,signals_tab,APT,SHORT,,0.93210000,0.90880000,,,0.94610000,2x,38,,f,24,2026-04-22 13:38:44.501,SL_HIT,-1.5020,2026-04-22 11:43:38.564,,,global,2026-04-21 13:38:44.504887
801,signals_tab,NEAR,SHORT,,1.36670000,1.32300000,,,1.39300000,2x,51,,f,24,2026-04-22 13:38:44.498,SL_HIT,-1.9243,2026-04-22 11:43:38.564,,,global,2026-04-21 13:38:44.499595
800,signals_tab,WIF,SHORT,,0.19824000,0.19330000,,,0.20120000,2x,36,,f,24,2026-04-22 13:38:44.472,TP1_HIT,2.4919,2026-04-21 17:28:08.778,,,global,2026-04-21 13:38:44.485765
799,signals_tab,SOL,SHORT,,85.39400000,83.25900000,,,86.67500000,2x,39,,f,24,2026-04-22 13:38:44.468,SL_HIT,-1.5001,2026-04-21 14:41:02.119,,,global,2026-04-21 13:38:44.471012
798,signals_tab,TRUMP,SHORT,,2.85690000,2.78500000,,,2.90000000,2x,36,,f,24,2026-04-22 13:31:50.268,SL_HIT,-1.5086,2026-04-22 11:43:38.564,,,global,2026-04-21 13:31:50.270695
797,signals_tab,APT,SHORT,,0.93190000,0.90860000,,,0.94590000,2x,31,,f,24,2026-04-22 13:31:50.259,SL_HIT,-1.5023,2026-04-22 11:43:38.564,,,global,2026-04-21 13:31:50.261306
796,signals_tab,NEAR,SHORT,,1.36650000,1.33100000,,,1.38800000,2x,41,,f,24,2026-04-22 13:31:50.254,SL_HIT,-1.5734,2026-04-22 11:43:38.564,,,global,2026-04-21 13:31:50.256527
795,signals_tab,WIF,SHORT,,0.19809000,0.19310000,,,0.20110000,2x,36,,f,24,2026-04-22 13:31:50.225,SL_HIT,-1.5195,2026-04-22 12:00:00.635,,,global,2026-04-21 13:31:50.239452
794,signals_tab,SOL,SHORT,,85.35300000,83.21900000,,,86.63300000,2x,36,,f,24,2026-04-22 13:31:50.22,SL_HIT,-1.4997,2026-04-21 14:41:02.119,,,global,2026-04-21 13:31:50.222969
793,signals_tab,TRUMP,SHORT,,2.86260000,2.79100000,,,2.90600000,2x,48,,f,24,2026-04-22 13:28:15.25,SL_HIT,-1.5161,2026-04-22 11:43:38.564,,,global,2026-04-21 13:28:15.251609
792,signals_tab,APT,SHORT,,0.93310000,0.90980000,,,0.94710000,2x,38,,f,24,2026-04-22 13:28:15.24,SL_HIT,-1.5004,2026-04-22 11:43:38.564,,,global,2026-04-21 13:28:15.242432
791,signals_tab,NEAR,SHORT,,1.36800000,1.33400000,,,1.38900000,2x,45,,f,24,2026-04-22 13:28:15.235,SL_HIT,-1.5351,2026-04-22 11:43:38.564,,,global,2026-04-21 13:28:15.237726
790,signals_tab,WIF,SHORT,,0.19821000,0.19330000,,,0.20120000,2x,48,,f,24,2026-04-22 13:28:15.206,TP1_HIT,2.4772,2026-04-21 17:28:08.778,,,global,2026-04-21 13:28:15.217817
789,signals_tab,SOL,SHORT,,85.40800000,83.27300000,,,86.68900000,2x,48,,f,24,2026-04-22 13:28:15.2,SL_HIT,-1.4999,2026-04-21 14:41:02.119,,,global,2026-04-21 13:28:15.203933
788,signals_tab,BNB,LONG,,631.90000000,647.70000000,,,622.42000000,2x,33,,f,24,2026-04-22 13:19:17.372,EXPIRED_WIN,1.9552,2026-04-22 13:19:36.315,,,global,2026-04-21 13:19:17.37398
787,signals_tab,DOGE,LONG,,0.09488300,0.09730000,,,0.09350000,2x,33,,f,24,2026-04-22 13:19:17.362,TP1_HIT,2.5473,2026-04-22 11:43:38.564,,,global,2026-04-21 13:19:17.365243
786,signals_tab,WIF,SHORT,,0.19826000,0.19330000,,,0.20120000,2x,43,,f,24,2026-04-22 13:19:17.359,TP1_HIT,2.5018,2026-04-21 17:28:08.778,,,global,2026-04-21 13:19:17.361563
785,signals_tab,ETH,LONG,,2305.80000000,2363.45000000,,,2271.21000000,2x,44,,f,24,2026-04-22 13:19:17.338,TP1_HIT,2.5002,2026-04-22 11:43:38.564,,,global,2026-04-21 13:19:17.35449
784,signals_tab,BTC,LONG,,76027.00000000,77927.68000000,,,74886.60000000,2x,51,,f,24,2026-04-22 13:19:17.334,TP1_HIT,2.5000,2026-04-22 11:43:38.564,,,global,2026-04-21 13:19:17.3364
783,signals_tab,NEAR,SHORT,,1.36910000,1.33500000,,,1.39000000,2x,38,,f,24,2026-04-22 13:11:55.185,SL_HIT,-1.5266,2026-04-22 11:43:38.564,,,global,2026-04-21 13:11:55.19635
782,signals_tab,BNB,LONG,,631.50000000,647.29000000,,,622.03000000,2x,26,,f,24,2026-04-22 13:11:55.163,EXPIRED_WIN,1.9945,2026-04-22 13:12:36.365,,,global,2026-04-21 13:11:55.179577
781,signals_tab,DOGE,LONG,,0.09494500,0.09730000,,,0.09350000,2x,33,,f,24,2026-04-22 13:11:55.149,TP1_HIT,2.4804,2026-04-22 11:43:38.564,,,global,2026-04-21 13:11:55.159597
780,signals_tab,WIF,SHORT,,0.19841000,0.19340000,,,0.20140000,2x,29,,f,24,2026-04-22 13:11:55.139,TP1_HIT,2.5251,2026-04-21 17:18:45.209,,,global,2026-04-21 13:11:55.148295
779,signals_tab,SOL,SHORT,,85.37500000,83.24100000,,,86.65600000,2x,29,,f,24,2026-04-22 13:11:55.135,SL_HIT,-1.5004,2026-04-21 14:41:02.119,,,global,2026-04-21 13:11:55.137374
778,signals_tab,TAO,LONG,,247.10000000,253.28000000,,,243.39000000,2x,31,,f,24,2026-04-22 12:38:35.669,SL_HIT,-1.5014,2026-04-21 14:59:10.703,,,global,2026-04-21 12:38:35.671154
777,signals_tab,APT,SHORT,,0.93880000,0.91210000,,,0.95480000,2x,46,,f,24,2026-04-22 12:38:35.662,SL_HIT,-1.7043,2026-04-22 11:43:38.564,,,global,2026-04-21 12:38:35.664141
776,signals_tab,NEAR,SHORT,,1.38230000,1.34800000,,,1.40300000,2x,50,,f,24,2026-04-22 12:38:35.659,SL_HIT,-1.4975,2026-04-22 11:43:38.564,,,global,2026-04-21 12:38:35.66065
775,signals_tab,WIF,SHORT,,0.19956000,0.19460000,,,0.20260000,2x,39,,f,24,2026-04-22 12:38:35.635,TP1_HIT,2.4855,2026-04-21 17:18:45.209,,,global,2026-04-21 12:38:35.647103
774,signals_tab,SOL,SHORT,,85.68800000,83.54600000,,,86.97300000,2x,48,,f,24,2026-04-22 12:38:35.631,SL_HIT,-1.4996,2026-04-22 11:43:38.564,,,global,2026-04-21 12:38:35.633824
773,signals_tab,PENDLE,LONG,,1.36080000,1.39500000,,,1.34000000,2x,24,,f,24,2026-04-22 12:23:41.613,SL_HIT,-1.5285,2026-04-21 17:17:45.232,,,global,2026-04-21 12:23:41.614814
772,signals_tab,BNB,LONG,,633.63000000,649.47000000,,,624.13000000,2x,33,,f,24,2026-04-22 12:23:41.584,EXPIRED_WIN,1.4772,2026-04-22 12:24:19.058,,,global,2026-04-21 12:23:41.586305
771,signals_tab,DOGE,LONG,,0.09526300,0.09760000,,,0.09380000,2x,33,,f,24,2026-04-22 12:23:41.565,SL_HIT,-1.5357,2026-04-21 17:19:45.235,,,global,2026-04-21 12:23:41.575951
770,signals_tab,WIF,SHORT,,0.19948000,0.19450000,,,0.20250000,2x,39,,f,24,2026-04-22 12:23:41.552,TP1_HIT,2.4965,2026-04-21 17:18:45.209,,,global,2026-04-21 12:23:41.563524
769,signals_tab,SOL,SHORT,,85.71600000,83.57300000,,,87.00200000,2x,43,,f,24,2026-04-22 12:23:41.54,SL_HIT,-1.5003,2026-04-22 11:43:38.564,,,global,2026-04-21 12:23:41.542441
768,signals_tab,PENDLE,LONG,,1.36190000,1.39600000,,,1.34100000,2x,48,,f,24,2026-04-22 12:13:39.469,SL_HIT,-1.5346,2026-04-21 13:40:44.174,,,global,2026-04-21 12:13:39.470698
767,signals_tab,OP,LONG,,0.12411000,0.12720000,,,0.12220000,2x,43,,f,24,2026-04-22 12:13:39.463,SL_HIT,-1.5390,2026-04-21 13:37:44.186,,,global,2026-04-21 12:13:39.466422
766,signals_tab,APT,SHORT,,0.93990000,0.91320000,,,0.95590000,2x,34,,f,24,2026-04-22 12:13:39.449,SL_HIT,-1.7023,2026-04-22 11:43:38.564,,,global,2026-04-21 12:13:39.460261
765,signals_tab,NEAR,SHORT,,1.38810000,1.35300000,,,1.40900000,2x,45,,f,24,2026-04-22 12:13:39.446,SL_HIT,-1.5057,2026-04-22 11:43:38.564,,,global,2026-04-21 12:13:39.447538
764,signals_tab,SOL,SHORT,,85.81600000,83.67100000,,,87.10300000,2x,43,,f,24,2026-04-22 12:13:39.429,SL_HIT,-1.4997,2026-04-22 11:43:38.564,,,global,2026-04-21 12:13:39.431445
763,signals_tab,OP,LONG,,0.12570000,0.12880000,,,0.12380000,2x,40,,f,24,2026-04-22 11:39:17.797,SL_HIT,-1.5115,2026-04-21 12:20:16.682,,,global,2026-04-21 11:39:17.800879
762,signals_tab,APT,SHORT,,0.94670000,0.90760000,,,0.97020000,2x,43,,f,24,2026-04-22 11:39:17.794,SL_HIT,-2.4823,2026-04-22 11:43:38.564,,,global,2026-04-21 11:39:17.796395
761,signals_tab,NEAR,SHORT,,1.39500000,1.36000000,,,1.41600000,2x,42,,f,24,2026-04-22 11:39:17.789,TP1_HIT,2.5090,2026-04-21 17:18:45.209,,,global,2026-04-21 11:39:17.791299
760,signals_tab,WIF,SHORT,,0.20150000,0.19650000,,,0.20450000,2x,40,,f,24,2026-04-22 11:39:17.764,TP1_HIT,2.4814,2026-04-21 17:16:10.98,,,global,2026-04-21 11:39:17.776532
759,signals_tab,SOL,SHORT,,85.97300000,83.82400000,,,87.26300000,2x,40,,f,24,2026-04-22 11:39:17.759,SL_HIT,-1.5005,2026-04-22 11:43:38.564,,,global,2026-04-21 11:39:17.762091
758,trade_ideas,ONDO,LONG,DAY TRADE,0.25890000,0.27180000,0.28450000,0.29750000,0.24900000,1x,62,62%,f,4,2026-04-21 14:58:30.783,EXPIRED_LOSS,-1.0583,2026-04-21 14:59:10.703,,,global,2026-04-21 10:58:30.783826
757,trade_ideas,MSTR,LONG,DAY TRADE,174.85000000,181.20000000,187.50000000,193.00000000,168.50000000,2x,64,64%,f,4,2026-04-21 14:58:30.78,SL_HIT,-3.6317,2026-04-21 13:34:18.347,,,global,2026-04-21 10:58:30.780777
756,trade_ideas,BTC,LONG,DAY TRADE,76738.00000000,78350.00000000,79950.00000000,81500.00000000,75600.00000000,3x,66,66%,f,4,2026-04-21 14:58:30.777,EXPIRED_LOSS,-1.3246,2026-04-21 14:59:10.703,,,global,2026-04-21 10:58:30.778078
755,trade_ideas,AAVE,LONG,DAY TRADE,93.20000000,97.20000000,101.00000000,104.50000000,89.60000000,3x,68,68%,f,4,2026-04-21 14:58:30.766,EXPIRED_LOSS,-1.9979,2026-04-21 14:59:10.703,,,global,2026-04-21 10:58:30.767101
754,trade_ideas,JUP,LONG,DAY TRADE,0.18590000,0.19520000,0.20450000,0.21400000,0.17800000,1x,76,76%,t,4,2026-04-21 14:58:30.763,SL_HIT,-4.2496,2026-04-21 10:59:00.903,,,global,2026-04-21 10:58:30.764296
753,trade_ideas,PENDLE,LONG,DAY TRADE,1.39800000,1.46800000,1.53800000,1.61000000,1.34000000,3x,78,78%,t,4,2026-04-21 14:58:30.759,EXPIRED_LOSS,-3.8984,2026-04-21 14:59:10.703,,,global,2026-04-21 10:58:30.761306
752,signals_tab,NEAR,SHORT,,1.39280000,1.35800000,,,1.41400000,2x,42,,f,24,2026-04-22 10:57:01.752,TP1_HIT,2.4986,2026-04-21 17:18:45.209,,,global,2026-04-21 10:57:01.753378
751,signals_tab,DOT,LONG,,1.28710000,1.31900000,,,1.26800000,2x,36,,f,24,2026-04-22 10:57:01.748,SL_HIT,-1.4840,2026-04-21 16:59:10.96,,,global,2026-04-21 10:57:01.749749
750,signals_tab,WIF,SHORT,,0.20153000,0.19650000,,,0.20460000,2x,40,,f,24,2026-04-22 10:57:01.728,TP1_HIT,2.4959,2026-04-21 17:16:10.98,,,global,2026-04-21 10:57:01.738737
749,signals_tab,SOL,SHORT,,86.19600000,84.04100000,,,87.48900000,2x,40,,f,24,2026-04-22 10:57:01.725,SL_HIT,-1.5001,2026-04-22 11:43:38.564,,,global,2026-04-21 10:57:01.727278
748,signals_tab,ETH,LONG,,2333.20000000,2391.53000000,,,2298.20000000,2x,48,,f,24,2026-04-22 10:57:01.721,SL_HIT,-1.5001,2026-04-21 12:44:35.249,,,global,2026-04-21 10:57:01.724064
747,signals_tab,DOT,LONG,,1.28350000,1.31600000,,,1.26400000,2x,45,,f,24,2026-04-22 10:44:32.136,SL_HIT,-1.5193,2026-04-21 17:16:10.98,,,global,2026-04-21 10:44:32.139153
746,signals_tab,BNB,LONG,,639.05000000,655.03000000,,,629.46000000,2x,42,,f,24,2026-04-22 10:44:32.123,SL_HIT,-1.5007,2026-04-21 17:16:10.98,,,global,2026-04-21 10:44:32.124658
745,signals_tab,DOGE,LONG,,0.09569600,0.09810000,,,0.09430000,2x,30,,f,24,2026-04-22 10:44:32.105,SL_HIT,-1.4588,2026-04-21 17:13:11.013,,,global,2026-04-21 10:44:32.115792
744,signals_tab,ETH,LONG,,2331.10000000,2389.38000000,,,2296.13000000,2x,59,,f,24,2026-04-22 10:44:32.09,SL_HIT,-1.5002,2026-04-21 12:44:35.249,,,global,2026-04-21 10:44:32.101205
743,signals_tab,BTC,LONG,,76524.00000000,78437.10000000,,,75376.14000000,2x,47,,f,24,2026-04-22 10:44:32.086,SL_HIT,-1.5000,2026-04-21 17:16:45.225,,,global,2026-04-21 10:44:32.088177
742,phase2a_scorer,EURUSD,SHORT,,1.17633224,,,,,,0,,f,,,EXPIRED_LOSS,,,,,global,2026-04-21 10:42:24.024951
741,phase2a_scorer,SPY,LONG,,708.71997070,,,,,,0,,f,,,EXPIRED_LOSS,,,,,global,2026-04-21 10:42:23.80268
740,signals_tab,TAO,LONG,,248.59000000,254.80000000,,,244.86000000,2x,35,,f,24,2026-04-22 10:41:16.772,SL_HIT,-1.5005,2026-04-21 14:07:44.27,,,global,2026-04-21 10:41:16.774111
739,signals_tab,NEAR,SHORT,,1.39140000,1.35700000,,,1.41200000,2x,42,,f,24,2026-04-22 10:41:16.763,TP1_HIT,2.4723,2026-04-21 17:20:45.217,,,global,2026-04-21 10:41:16.766162
738,signals_tab,DOGE,LONG,,0.09561400,0.09800000,,,0.09420000,2x,37,,f,24,2026-04-22 10:41:16.75,SL_HIT,-1.4789,2026-04-21 17:16:10.98,,,global,2026-04-21 10:41:16.751622
737,signals_tab,WIF,SHORT,,0.20104000,0.19600000,,,0.20410000,2x,40,,f,24,2026-04-22 10:41:16.737,TP1_HIT,2.5070,2026-04-21 17:16:10.98,,,global,2026-04-21 10:41:16.748151
736,signals_tab,SOL,SHORT,,85.87600000,83.72900000,,,87.16400000,2x,45,,f,24,2026-04-22 10:41:16.732,SL_HIT,-1.4998,2026-04-22 11:43:38.564,,,global,2026-04-21 10:41:16.735649
735,signals_tab,DOT,LONG,,1.28200000,1.31400000,,,1.26300000,2x,26,,f,24,2026-04-22 10:33:20.839,SL_HIT,-1.4821,2026-04-21 17:17:45.232,,,global,2026-04-21 10:33:20.841379
734,signals_tab,BNB,LONG,,638.08000000,654.03000000,,,628.51000000,2x,23,,f,24,2026-04-22 10:33:20.806,SL_HIT,-1.4998,2026-04-21 17:17:45.232,,,global,2026-04-21 10:33:20.835226
733,signals_tab,DOGE,LONG,,0.09558700,0.09800000,,,0.09420000,2x,23,,f,24,2026-04-22 10:33:20.789,SL_HIT,-1.4510,2026-04-21 17:16:10.98,,,global,2026-04-21 10:33:20.801491
732,signals_tab,ETH,LONG,,2327.10000000,2385.28000000,,,2292.19000000,2x,34,,f,24,2026-04-22 10:33:20.773,SL_HIT,-1.5002,2026-04-21 17:18:45.209,,,global,2026-04-21 10:33:20.784355
731,signals_tab,BTC,LONG,,76479.00000000,78390.98000000,,,75331.82000000,2x,29,,f,24,2026-04-22 10:33:20.769,SL_HIT,-1.5000,2026-04-21 17:17:45.232,,,global,2026-04-21 10:33:20.772268
730,signals_tab,WIF,SHORT,,0.19864000,0.19370000,,,0.20160000,2x,33,,f,24,2026-04-22 04:07:44.83,SL_HIT,-1.4901,2026-04-21 10:56:00.914,,,global,2026-04-21 04:07:44.831709
729,signals_tab,HYPE,SHORT,,41.27300000,40.24100000,,,41.89200000,2x,49,,f,24,2026-04-22 04:07:39.91,TP1_HIT,2.5004,2026-04-21 13:39:44.184,,,global,2026-04-21 04:07:39.919158
728,signals_tab,TRUMP,SHORT,,2.84430000,2.77300000,,,2.88700000,2x,33,,f,24,2026-04-22 04:07:39.906,SL_HIT,-1.5012,2026-04-21 11:35:14.905,,,global,2026-04-21 04:07:39.908647
727,signals_tab,NEAR,SHORT,,1.35440000,1.32100000,,,1.37500000,2x,30,,f,24,2026-04-22 04:07:39.898,SL_HIT,-1.5210,2026-04-21 10:31:15.36,,,global,2026-04-21 04:07:39.899758
726,signals_tab,SOL,SHORT,,85.17700000,83.04800000,,,86.45500000,2x,31,,f,24,2026-04-22 04:07:39.883,SL_HIT,-1.5004,2026-04-21 14:39:02.081,,,global,2026-04-21 04:07:39.886039
725,signals_tab,PENDLE,LONG,,1.32240000,1.35500000,,,1.30300000,2x,28,,f,24,2026-04-22 04:03:49.049,TP1_HIT,2.4652,2026-04-21 10:31:15.36,,,global,2026-04-21 04:03:49.051588
724,signals_tab,TAO,LONG,,244.81000000,250.93000000,,,241.14000000,2x,23,,f,24,2026-04-22 04:03:49.047,SL_HIT,-1.4991,2026-04-21 17:19:45.235,,,global,2026-04-21 04:03:49.04849
723,signals_tab,UNI,LONG,,3.23890000,3.32700000,,,3.18600000,2x,36,,f,24,2026-04-22 04:03:49.039,TP1_HIT,2.7201,2026-04-22 11:43:38.564,,,global,2026-04-21 04:03:49.041677
722,signals_tab,DOGE,LONG,,0.09495500,0.09730000,,,0.09350000,2x,30,,f,24,2026-04-22 04:03:49.019,TP1_HIT,2.4696,2026-04-22 11:43:38.564,,,global,2026-04-21 04:03:49.030169
721,signals_tab,SOL,SHORT,,85.18300000,83.05300000,,,86.46100000,2x,31,,f,24,2026-04-22 04:03:49.014,SL_HIT,-1.5003,2026-04-21 14:39:02.081,,,global,2026-04-21 04:03:49.018289
720,signals_tab,TAO,LONG,,245.15000000,251.28000000,,,241.47000000,2x,30,,f,24,2026-04-22 03:55:30.513,SL_HIT,-1.5011,2026-04-21 17:18:45.209,,,global,2026-04-21 03:55:30.515696
719,signals_tab,APT,SHORT,,0.92850000,0.88870000,,,0.95240000,2x,36,,f,24,2026-04-22 03:55:30.509,SL_HIT,-2.5740,2026-04-22 11:43:38.564,,,global,2026-04-21 03:55:30.510161
718,signals_tab,NEAR,SHORT,,1.35540000,1.32200000,,,1.37600000,2x,37,,f,24,2026-04-22 03:55:30.505,SL_HIT,-1.5198,2026-04-21 10:31:15.36,,,global,2026-04-21 03:55:30.507214
717,signals_tab,WIF,SHORT,,0.19867000,0.19370000,,,0.20170000,2x,40,,f,24,2026-04-22 03:55:30.482,TP1_HIT,2.5016,2026-04-21 17:18:45.209,,,global,2026-04-21 03:55:30.492698
716,signals_tab,SOL,SHORT,,85.14500000,83.01600000,,,86.42200000,2x,45,,f,24,2026-04-22 03:55:30.478,SL_HIT,-1.4998,2026-04-21 14:39:02.081,,,global,2026-04-21 03:55:30.481508
715,signals_tab,DOT,LONG,,1.27450000,1.30600000,,,1.25500000,2x,26,,f,24,2026-04-22 03:48:10.458,EXPIRED_WIN,2.2009,2026-04-22 11:43:38.564,,,global,2026-04-21 03:48:10.471916
714,signals_tab,BNB,LONG,,629.34000000,645.07000000,,,619.90000000,2x,30,,f,24,2026-04-22 03:48:10.443,EXPIRED_WIN,1.9791,2026-04-22 11:43:38.564,,,global,2026-04-21 03:48:10.455304
713,signals_tab,DOGE,LONG,,0.09486700,0.09720000,,,0.09340000,2x,30,,f,24,2026-04-22 03:48:10.427,TP1_HIT,2.4592,2026-04-22 11:43:38.564,,,global,2026-04-21 03:48:10.437756
712,signals_tab,ETH,LONG,,2306.40000000,2364.06000000,,,2271.80000000,2x,41,,f,24,2026-04-22 03:48:10.413,TP1_HIT,2.5000,2026-04-22 11:43:38.564,,,global,2026-04-21 03:48:10.422744
711,signals_tab,BTC,LONG,,75540.00000000,77428.50000000,,,74406.90000000,2x,41,,f,24,2026-04-22 03:48:10.408,TP1_HIT,2.5000,2026-04-22 11:43:38.564,,,global,2026-04-21 03:48:10.411838
710,signals_tab,DOT,LONG,,1.27350000,1.30500000,,,1.25400000,2x,26,,f,24,2026-04-22 03:44:50.434,EXPIRED_WIN,2.2811,2026-04-22 11:43:38.564,,,global,2026-04-21 03:44:50.436129
709,signals_tab,BNB,LONG,,629.16000000,644.89000000,,,619.72000000,2x,30,,f,24,2026-04-22 03:44:50.413,EXPIRED_WIN,2.0082,2026-04-22 11:43:38.564,,,global,2026-04-21 03:44:50.423931
708,signals_tab,DOGE,LONG,,0.09479500,0.09720000,,,0.09340000,2x,23,,f,24,2026-04-22 03:44:50.398,TP1_HIT,2.5371,2026-04-22 11:43:38.564,,,global,2026-04-21 03:44:50.406969
707,signals_tab,ETH,LONG,,2305.30000000,2362.93000000,,,2270.72000000,2x,34,,f,24,2026-04-22 03:44:50.383,TP1_HIT,2.4999,2026-04-22 11:43:38.564,,,global,2026-04-21 03:44:50.394145
706,signals_tab,BTC,LONG,,75508.00000000,77395.70000000,,,74375.38000000,2x,34,,f,24,2026-04-22 03:44:50.379,TP1_HIT,2.5000,2026-04-22 11:43:38.564,,,global,2026-04-21 03:44:50.38158
705,signals_tab,DOT,LONG,,1.27070000,1.30200000,,,1.25200000,2x,40,,f,24,2026-04-22 03:24:23.249,TP1_HIT,2.4632,2026-04-22 11:43:38.564,,,global,2026-04-21 03:24:23.25197
704,signals_tab,BNB,LONG,,628.55000000,644.26000000,,,619.12000000,2x,30,,f,24,2026-04-22 03:24:23.246,EXPIRED_WIN,2.1072,2026-04-22 11:43:38.564,,,global,2026-04-21 03:24:23.247817
703,signals_tab,DOGE,LONG,,0.09468000,0.09700000,,,0.09330000,2x,33,,f,24,2026-04-22 03:24:23.239,TP1_HIT,2.4504,2026-04-22 11:43:38.564,,,global,2026-04-21 03:24:23.241274
702,signals_tab,ETH,LONG,,2301.20000000,2358.73000000,,,2266.68000000,2x,53,,f,24,2026-04-22 03:24:23.225,TP1_HIT,2.5000,2026-04-22 11:43:38.564,,,global,2026-04-21 03:24:23.23602
701,signals_tab,BTC,LONG,,75532.00000000,77420.30000000,,,74399.02000000,2x,34,,f,24,2026-04-22 03:24:23.222,TP1_HIT,2.5000,2026-04-22 11:43:38.564,,,global,2026-04-21 03:24:23.224162
700,signals_tab,APT,SHORT,,0.94190000,0.91840000,,,0.95600000,2x,36,,f,24,2026-04-21 19:39:57.593,TP1_HIT,2.4950,2026-04-21 17:28:08.778,,,global,2026-04-20 19:39:57.595286
699,signals_tab,NEAR,SHORT,,1.35890000,1.32500000,,,1.37900000,2x,31,,f,24,2026-04-21 19:39:57.57,SL_HIT,-1.4791,2026-04-21 10:31:15.36,,,global,2026-04-20 19:39:57.587369
698,signals_tab,BNB,LONG,,630.68000000,646.45000000,,,621.22000000,2x,26,,f,24,2026-04-21 19:39:57.553,EXPIRED_WIN,1.7624,2026-04-22 11:43:38.564,,,global,2026-04-20 19:39:57.562884
697,signals_tab,SOL,SHORT,,85.87500000,83.72800000,,,87.16300000,2x,34,,f,24,2026-04-21 19:39:57.536,SL_HIT,-1.4999,2026-04-22 11:43:38.564,,,global,2026-04-20 19:39:57.548172
696,signals_tab,BTC,LONG,,76215.00000000,78120.38000000,,,75071.77000000,2x,39,,f,24,2026-04-21 19:39:57.53,TP1_HIT,2.5000,2026-04-22 11:43:38.564,,,global,2026-04-20 19:39:57.533921
695,signals_tab,TRUMP,SHORT,,2.89100000,2.79600000,,,2.94800000,2x,46,,f,24,2026-04-21 19:31:09.285,SL_HIT,-1.9716,2026-04-22 11:43:38.564,,,global,2026-04-20 19:31:09.288493
694,signals_tab,TAO,LONG,,247.27000000,253.45000000,,,243.56000000,2x,31,,f,24,2026-04-21 19:31:09.279,SL_HIT,-1.5004,2026-04-21 14:59:10.703,,,global,2026-04-20 19:31:09.282596
693,signals_tab,UNI,LONG,,3.25690000,3.33800000,,,3.20800000,2x,38,,f,24,2026-04-21 19:31:09.256,SL_HIT,-1.5014,2026-04-21 17:18:45.209,,,global,2026-04-20 19:31:09.258149
692,signals_tab,ARB,LONG,,0.12828000,0.13410000,,,0.12480000,2x,49,,f,24,2026-04-21 19:31:09.247,SL_HIT,-2.7128,2026-04-21 17:16:10.98,,,global,2026-04-20 19:31:09.250287
691,signals_tab,SOL,SHORT,,85.81300000,83.66800000,,,87.10000000,2x,53,,f,24,2026-04-21 19:31:09.235,SL_HIT,-1.4998,2026-04-22 11:43:38.564,,,global,2026-04-20 19:31:09.238226
690,signals_tab,WIF,SHORT,,0.20097000,0.19590000,,,0.20400000,2x,29,,f,24,2026-04-21 19:27:19.902,TP1_HIT,2.5228,2026-04-21 17:16:10.98,,,global,2026-04-20 19:27:19.904694
689,signals_tab,HYPE,SHORT,,41.16600000,40.13700000,,,41.78300000,2x,44,,f,24,2026-04-21 19:27:14.863,TP1_HIT,2.4996,2026-04-21 13:50:44.176,,,global,2026-04-20 19:27:14.864713
688,signals_tab,PENDLE,LONG,,1.33350000,1.36700000,,,1.31300000,2x,31,,f,24,2026-04-21 19:27:14.859,TP1_HIT,2.5122,2026-04-21 10:31:15.36,,,global,2026-04-20 19:27:14.861153
687,signals_tab,DOGE,LONG,,0.09537900,0.09780000,,,0.09390000,2x,33,,f,24,2026-04-21 19:27:14.837,SL_HIT,-1.5507,2026-04-21 17:18:45.209,,,global,2026-04-20 19:27:14.847521
686,signals_tab,BTC,LONG,,76164.00000000,78068.10000000,,,75021.54000000,2x,44,,f,24,2026-04-21 19:27:14.829,TP1_HIT,2.5000,2026-04-22 11:43:38.564,,,global,2026-04-20 19:27:14.831939
685,trade_ideas,EUR,LONG,DAY TRADE,1.17910000,1.18700000,1.19500000,1.20200000,1.17000000,1x,63,63%,f,4,2026-04-20 22:27:08.637,EXPIRED_WIN,0.0000,2026-04-21 03:22:22.623,,,global,2026-04-20 18:27:08.637831
684,trade_ideas,MSTR,LONG,DAY TRADE,169.69000000,174.80000000,179.50000000,184.00000000,163.80000000,2x,65,65%,f,4,2026-04-20 22:27:08.633,EXPIRED_WIN,0.0000,2026-04-21 03:22:22.623,,,global,2026-04-20 18:27:08.633632
683,trade_ideas,TAO,LONG,DAY TRADE,248.39000000,255.00000000,262.00000000,268.00000000,239.50000000,3x,67,67%,f,4,2026-04-20 22:27:08.621,EXPIRED_LOSS,-1.6849,2026-04-21 03:22:22.623,,,global,2026-04-20 18:27:08.621985
682,trade_ideas,BTC,LONG,DAY TRADE,76058.00000000,77650.00000000,79200.00000000,80800.00000000,73650.00000000,3x,68,68%,f,4,2026-04-20 22:27:08.617,EXPIRED_LOSS,-0.7304,2026-04-21 03:22:22.623,,,global,2026-04-20 18:27:08.617917
681,trade_ideas,JUP,SHORT,DAY TRADE,0.17193000,0.16580000,0.16100000,0.15700000,0.17710000,3x,72,72%,t,4,2026-04-20 22:27:08.613,EXPIRED_WIN,2.9053,2026-04-21 03:22:22.623,,,global,2026-04-20 18:27:08.614114
680,trade_ideas,PENDLE,LONG,DAY TRADE,1.34100000,1.39200000,1.44300000,1.49000000,1.29200000,4x,74,74%,f,4,2026-04-20 22:27:08.61,EXPIRED_LOSS,-1.7748,2026-04-21 03:22:22.623,,,global,2026-04-20 18:27:08.61131
679,trade_ideas,JUP,SHORT,SCALP,0.17197000,0.16980000,0.16760000,0.16590000,0.17430000,6x,63,63%,f,24,2026-04-21 18:26:37.181,TP1_HIT,1.2618,2026-04-20 19:38:51.984,,,global,2026-04-20 18:26:37.182449
678,trade_ideas,ETH,LONG,SCALP,2327.10000000,2347.50000000,2367.00000000,2382.00000000,2310.00000000,6x,65,65%,f,24,2026-04-21 18:26:37.178,SL_HIT,-0.7348,2026-04-21 03:22:22.623,,,global,2026-04-20 18:26:37.17859
677,trade_ideas,BTC,LONG,SCALP,76065.00000000,76540.00000000,76985.00000000,77300.00000000,75680.00000000,5x,66,66%,f,24,2026-04-21 18:26:37.174,SL_HIT,-0.5061,2026-04-21 03:22:22.623,,,global,2026-04-20 18:26:37.175281
676,trade_ideas,TAO,LONG,SCALP,248.55000000,251.20000000,253.85000000,256.00000000,245.80000000,5x,68,68%,f,24,2026-04-21 18:26:37.171,SL_HIT,-1.1064,2026-04-21 03:22:22.623,,,global,2026-04-20 18:26:37.171931
675,trade_ideas,ARB,LONG,SCALP,0.12907000,0.13040000,0.13165000,0.13270000,0.12780000,8x,71,71%,t,24,2026-04-21 18:26:37.168,SL_HIT,-0.9840,2026-04-21 03:22:22.623,,,global,2026-04-20 18:26:37.168649
674,trade_ideas,PENDLE,LONG,SCALP,1.34300000,1.35900000,1.37500000,1.38800000,1.33000000,7x,74,74%,t,24,2026-04-21 18:26:37.163,SL_HIT,-0.9680,2026-04-21 03:22:22.623,,,global,2026-04-20 18:26:37.164645
673,signals_tab,OP,LONG,,0.12548000,0.12860000,,,0.12360000,2x,43,,f,24,2026-04-21 18:21:31.88,SL_HIT,-1.4982,2026-04-21 03:22:22.623,,,global,2026-04-20 18:21:31.883668
672,signals_tab,NEAR,SHORT,,1.36470000,1.33100000,,,1.38500000,2x,38,,f,24,2026-04-21 18:21:31.873,SL_HIT,-1.4875,2026-04-21 10:31:15.36,,,global,2026-04-20 18:21:31.876183
671,signals_tab,DOT,LONG,,1.28360000,1.31600000,,,1.26400000,2x,32,,f,24,2026-04-21 18:21:31.868,SL_HIT,-1.5270,2026-04-21 17:16:10.98,,,global,2026-04-20 18:21:31.870421
670,signals_tab,ARB,LONG,,0.12894000,0.13580000,,,0.12480000,2x,56,,f,24,2026-04-21 18:21:31.851,SL_HIT,-3.2108,2026-04-21 17:16:10.98,,,global,2026-04-20 18:21:31.853449
669,signals_tab,DOGE,LONG,,0.09535500,0.09770000,,,0.09390000,2x,26,,f,24,2026-04-21 18:21:31.843,SL_HIT,-1.5259,2026-04-21 17:18:45.209,,,global,2026-04-20 18:21:31.846207
668,signals_tab,BNB,LONG,,631.19000000,646.97000000,,,621.72000000,2x,40,,f,24,2026-04-21 18:14:23.598,EXPIRED_WIN,1.6802,2026-04-22 11:43:38.564,,,global,2026-04-20 18:14:23.617779
667,signals_tab,ARB,LONG,,0.12887000,0.13570000,,,0.12480000,2x,51,,f,24,2026-04-21 18:14:23.576,SL_HIT,-3.1582,2026-04-21 17:16:10.98,,,global,2026-04-20 18:14:23.598054
666,signals_tab,DOGE,LONG,,0.09537500,0.09780000,,,0.09390000,2x,29,,f,24,2026-04-21 18:14:23.555,SL_HIT,-1.5465,2026-04-21 17:18:45.209,,,global,2026-04-20 18:14:23.569361
665,signals_tab,ETH,LONG,,2330.20000000,2388.45000000,,,2295.25000000,2x,56,,f,24,2026-04-21 18:14:23.536,SL_HIT,-1.4999,2026-04-21 12:44:35.249,,,global,2026-04-20 18:14:23.55139
664,signals_tab,BTC,LONG,,76227.00000000,78132.68000000,,,75083.60000000,2x,44,,f,24,2026-04-21 18:14:23.529,TP1_HIT,2.5000,2026-04-22 11:43:38.564,,,global,2026-04-20 18:14:23.533668
663,signals_tab,DOT,LONG,,1.28270000,1.31500000,,,1.26300000,2x,36,,f,24,2026-04-21 18:06:01.845,SL_HIT,-1.5358,2026-04-21 17:17:45.232,,,global,2026-04-20 18:06:01.847258
662,signals_tab,DOGE,LONG,,0.09538600,0.09780000,,,0.09400000,2x,33,,f,24,2026-04-21 18:06:01.836,SL_HIT,-1.4530,2026-04-21 17:17:45.232,,,global,2026-04-20 18:06:01.838189
661,signals_tab,WIF,SHORT,,0.20196000,0.19690000,,,0.20500000,2x,29,,f,24,2026-04-21 18:06:01.834,TP1_HIT,2.5054,2026-04-21 17:16:10.98,,,global,2026-04-20 18:06:01.835717
660,signals_tab,SOL,SHORT,,86.01900000,83.86900000,,,87.30900000,2x,46,,f,24,2026-04-21 18:06:01.822,SL_HIT,-1.4997,2026-04-22 11:43:38.564,,,global,2026-04-20 18:06:01.832422
659,signals_tab,BTC,LONG,,76140.00000000,78043.50000000,,,74997.90000000,2x,32,,f,24,2026-04-21 18:06:01.817,TP1_HIT,2.5000,2026-04-22 11:43:38.564,,,global,2026-04-20 18:06:01.820264
658,signals_tab,BNB,LONG,,629.44000000,645.18000000,,,620.00000000,2x,45,,f,24,2026-04-21 17:59:05.954,EXPIRED_WIN,1.9629,2026-04-22 11:43:38.564,,,global,2026-04-20 17:59:05.956312
657,signals_tab,ARB,LONG,,0.12868000,0.13500000,,,0.12490000,2x,56,,f,24,2026-04-21 17:59:05.94,SL_HIT,-2.9375,2026-04-21 17:16:10.98,,,global,2026-04-20 17:59:05.942382
656,signals_tab,DOGE,LONG,,0.09505500,0.09740000,,,0.09360000,2x,40,,f,24,2026-04-21 17:59:05.936,TP1_HIT,2.4670,2026-04-22 11:43:38.564,,,global,2026-04-20 17:59:05.937863
655,signals_tab,ETH,LONG,,2316.80000000,2374.72000000,,,2282.05000000,2x,51,,f,24,2026-04-21 17:59:05.921,TP1_HIT,2.5000,2026-04-22 11:43:38.564,,,global,2026-04-20 17:59:05.934916
654,signals_tab,BTC,LONG,,75892.00000000,77789.30000000,,,74753.62000000,2x,32,,f,24,2026-04-21 17:59:05.917,TP1_HIT,2.5000,2026-04-22 11:43:38.564,,,global,2026-04-20 17:59:05.920245
653,signals_tab,TRUMP,SHORT,,2.84430000,2.77300000,,,2.88700000,2x,43,,f,24,2026-04-21 13:12:40.889,SL_HIT,-1.5012,2026-04-20 18:02:05.346,,,global,2026-04-20 13:12:40.890912
652,signals_tab,APT,SHORT,,0.93330000,0.91000000,,,0.94730000,2x,38,,f,24,2026-04-21 13:12:40.882,SL_HIT,-1.5001,2026-04-20 18:23:31.526,,,global,2026-04-20 13:12:40.883943
651,signals_tab,NEAR,SHORT,,1.35850000,1.32500000,,,1.37900000,2x,63,,f,24,2026-04-21 13:12:40.878,SL_HIT,-1.5090,2026-04-21 10:31:15.36,,,global,2026-04-20 13:12:40.880417
650,signals_tab,WIF,SHORT,,0.19906000,0.19410000,,,0.20200000,2x,36,,f,24,2026-04-21 13:12:40.853,SL_HIT,-1.4769,2026-04-20 18:02:05.346,,,global,2026-04-20 13:12:40.866415
649,signals_tab,SOL,SHORT,,85.29700000,83.16500000,,,86.57600000,2x,44,,f,24,2026-04-21 13:12:40.849,EXPIRED_LOSS,-0.0815,2026-04-21 13:12:49.816,,,global,2026-04-20 13:12:40.851799
648,signals_tab,BNB,LONG,,624.96000000,640.58000000,,,615.59000000,2x,36,,f,24,2026-04-21 13:00:26.173,EXPIRED_WIN,1.0345,2026-04-21 13:09:49.824,,,global,2026-04-20 13:00:26.175896
647,signals_tab,ARB,LONG,,0.12827000,0.13390000,,,0.12490000,2x,51,,f,24,2026-04-21 13:00:26.168,EXPIRED_LOSS,-2.3778,2026-04-21 13:09:49.824,,,global,2026-04-20 13:00:26.170723
646,signals_tab,DOGE,LONG,,0.09483400,0.09720000,,,0.09340000,2x,33,,f,24,2026-04-21 13:00:26.164,EXPIRED_WIN,0.1023,2026-04-21 13:09:49.824,,,global,2026-04-20 13:00:26.165606
645,signals_tab,ETH,LONG,,2317.80000000,2375.75000000,,,2283.03000000,2x,42,,f,24,2026-04-21 13:00:26.148,EXPIRED_LOSS,-0.4983,2026-04-21 13:09:49.824,,,global,2026-04-20 13:00:26.159227
644,signals_tab,BTC,LONG,,75250.00000000,77131.25000000,,,74121.25000000,2x,32,,f,24,2026-04-21 13:00:26.144,EXPIRED_WIN,0.9894,2026-04-21 13:09:49.824,,,global,2026-04-20 13:00:26.146403
643,signals_tab,APT,SHORT,,0.93370000,0.91040000,,,0.94770000,2x,31,,f,24,2026-04-21 12:54:09.5,SL_HIT,-1.4994,2026-04-21 11:35:14.905,,,global,2026-04-20 12:54:09.502479
642,signals_tab,DOT,LONG,,1.26330000,1.29500000,,,1.24400000,2x,29,,f,24,2026-04-21 12:54:09.493,EXPIRED_WIN,0.8035,2026-04-21 13:09:49.824,,,global,2026-04-20 12:54:09.495435
641,signals_tab,DOGE,LONG,,0.09483900,0.09720000,,,0.09340000,2x,33,,f,24,2026-04-21 12:54:09.483,EXPIRED_WIN,0.0970,2026-04-21 13:09:49.824,,,global,2026-04-20 12:54:09.48567
640,signals_tab,WIF,SHORT,,0.19900000,0.19400000,,,0.20200000,2x,29,,f,24,2026-04-21 12:54:09.472,SL_HIT,-1.5075,2026-04-20 18:02:05.346,,,global,2026-04-20 12:54:09.481851
639,signals_tab,ETH,LONG,,2315.60000000,2373.49000000,,,2280.87000000,2x,46,,f,24,2026-04-21 12:54:09.466,EXPIRED_LOSS,-0.4038,2026-04-21 13:09:49.824,,,global,2026-04-20 12:54:09.469397
638,signals_tab,XRP,LONG,,1.47620000,1.51300000,,,1.45400000,2x,33,,f,24,2026-04-19 00:38:21.762,SL_HIT,-1.5039,2026-04-20 12:52:09.171,,,global,2026-04-18 00:38:21.764798
637,signals_tab,AVAX,LONG,,9.73030000,9.97400000,,,9.58400000,2x,30,,f,24,2026-04-19 00:38:21.757,SL_HIT,-1.5036,2026-04-20 12:52:09.171,,,global,2026-04-18 00:38:21.75854
636,signals_tab,DOGE,LONG,,0.09944900,0.10190000,,,0.09800000,2x,30,,f,24,2026-04-19 00:38:21.753,SL_HIT,-1.4570,2026-04-20 12:52:09.171,,,global,2026-04-18 00:38:21.756169
635,signals_tab,ETH,LONG,,2416.90000000,2477.32000000,,,2380.65000000,2x,45,,f,24,2026-04-19 00:38:21.734,SL_HIT,-1.4999,2026-04-20 12:52:09.171,,,global,2026-04-18 00:38:21.746739
634,signals_tab,BTC,LONG,,77081.00000000,79008.02000000,,,75924.79000000,2x,41,,f,24,2026-04-19 00:38:21.729,SL_HIT,-1.5000,2026-04-20 12:52:09.171,,,global,2026-04-18 00:38:21.732242
633,signals_tab,SUI,SHORT,,0.99605000,0.97110000,,,1.01100000,2x,31,,f,24,2026-04-19 00:34:30.373,TP1_HIT,2.5049,2026-04-20 12:52:09.171,,,global,2026-04-18 00:34:30.374981
632,signals_tab,NEAR,SHORT,,1.39980000,1.36500000,,,1.42100000,2x,47,,f,24,2026-04-19 00:34:30.348,TP1_HIT,2.4861,2026-04-20 12:52:09.171,,,global,2026-04-18 00:34:30.371202
631,signals_tab,AAVE,SHORT,,114.26000000,111.40000000,,,115.97000000,2x,47,,f,24,2026-04-19 00:34:30.335,TP1_HIT,2.5031,2026-04-20 12:52:09.171,,,global,2026-04-18 00:34:30.346139
630,signals_tab,ADA,SHORT,,0.25779000,0.25130000,,,0.26170000,2x,45,,f,24,2026-04-19 00:34:30.322,TP1_HIT,2.5176,2026-04-20 12:52:09.171,,,global,2026-04-18 00:34:30.33199
629,signals_tab,LINK,SHORT,,9.60020000,9.36000000,,,9.74400000,2x,40,,f,24,2026-04-19 00:34:30.314,TP1_HIT,2.5020,2026-04-20 12:52:09.171,,,global,2026-04-18 00:34:30.3176
628,signals_tab,SUI,SHORT,,0.99752000,0.97260000,,,1.01250000,2x,28,,f,24,2026-04-18 23:39:44.432,TP1_HIT,2.4982,2026-04-20 12:52:09.171,,,global,2026-04-17 23:39:44.436177
627,signals_tab,AAVE,SHORT,,115.10000000,112.22000000,,,116.83000000,2x,47,,f,24,2026-04-18 23:39:44.422,TP1_HIT,2.5022,2026-04-20 12:52:09.171,,,global,2026-04-17 23:39:44.425823
626,signals_tab,ADA,SHORT,,0.25804000,0.25160000,,,0.26190000,2x,33,,f,24,2026-04-18 23:39:44.412,TP1_HIT,2.4957,2026-04-20 12:52:09.171,,,global,2026-04-17 23:39:44.415064
625,signals_tab,BNB,SHORT,,642.18000000,626.13000000,,,651.81000000,2x,47,,f,24,2026-04-18 23:39:44.389,TP1_HIT,2.4993,2026-04-20 12:52:09.171,,,global,2026-04-17 23:39:44.408126
624,signals_tab,LINK,SHORT,,9.60570000,9.36600000,,,9.75000000,2x,42,,f,24,2026-04-18 23:39:44.382,TP1_HIT,2.4954,2026-04-20 12:52:09.171,,,global,2026-04-17 23:39:44.387158
623,signals_tab,XRP,LONG,,1.47580000,1.51300000,,,1.45400000,2x,30,,f,24,2026-04-18 23:27:24.53,SL_HIT,-1.4772,2026-04-20 12:52:09.171,,,global,2026-04-17 23:27:24.532196
622,signals_tab,LINK,LONG,,9.61160000,9.85200000,,,9.46700000,2x,30,,f,24,2026-04-18 23:27:24.526,SL_HIT,-1.5044,2026-04-20 12:52:09.171,,,global,2026-04-17 23:27:24.528548
621,signals_tab,AVAX,LONG,,9.71950000,9.96200000,,,9.57400000,2x,30,,f,24,2026-04-18 23:27:24.524,SL_HIT,-1.4970,2026-04-20 12:52:09.171,,,global,2026-04-17 23:27:24.525858
620,signals_tab,DOGE,LONG,,0.09947500,0.10200000,,,0.09800000,2x,35,,f,24,2026-04-18 23:27:24.509,SL_HIT,-1.4828,2026-04-20 12:52:09.171,,,global,2026-04-17 23:27:24.521727
619,signals_tab,BTC,LONG,,77004.00000000,78929.10000000,,,75848.94000000,2x,48,,f,24,2026-04-18 23:27:24.502,SL_HIT,-1.5000,2026-04-20 12:52:09.171,,,global,2026-04-17 23:27:24.506116
618,signals_tab,ADA,SHORT,,0.26033000,0.25380000,,,0.26420000,2x,40,,f,24,2026-04-18 21:34:39.39,TP1_HIT,2.5084,2026-04-20 12:52:09.171,,,global,2026-04-17 21:34:39.391526
617,signals_tab,BNB,SHORT,,642.28000000,626.22000000,,,651.91000000,2x,42,,f,24,2026-04-18 21:34:39.387,TP1_HIT,2.5005,2026-04-20 12:52:09.171,,,global,2026-04-17 21:34:39.388833
616,signals_tab,LINK,SHORT,,9.63180000,9.39100000,,,9.77600000,2x,38,,f,24,2026-04-18 21:34:39.381,TP1_HIT,2.5001,2026-04-20 12:52:09.171,,,global,2026-04-17 21:34:39.383199
615,signals_tab,AVAX,SHORT,,9.80280000,9.55800000,,,9.95000000,2x,42,,f,24,2026-04-18 21:34:39.367,TP1_HIT,2.4972,2026-04-20 12:52:09.171,,,global,2026-04-17 21:34:39.379572
614,signals_tab,WIF,SHORT,,0.21731000,0.20990000,,,0.22170000,2x,43,,f,24,2026-04-18 21:34:39.357,TP1_HIT,3.4099,2026-04-20 12:52:09.171,,,global,2026-04-17 21:34:39.360231
613,signals_tab,LINK,LONG,,9.66200000,9.90400000,,,9.51700000,2x,33,,f,24,2026-04-18 19:13:57.992,SL_HIT,-1.5007,2026-04-20 12:52:09.171,,,global,2026-04-17 19:13:57.994697
612,signals_tab,AVAX,LONG,,9.77760000,10.02200000,,,9.63100000,2x,33,,f,24,2026-04-18 19:13:57.981,SL_HIT,-1.4993,2026-04-20 12:52:09.171,,,global,2026-04-17 19:13:57.982629
611,signals_tab,DOGE,LONG,,0.10009000,0.10260000,,,0.09860000,2x,45,,f,24,2026-04-18 19:13:57.979,SL_HIT,-1.4887,2026-04-20 12:52:09.171,,,global,2026-04-17 19:13:57.980608
610,signals_tab,ETH,LONG,,2420.40000000,2480.91000000,,,2384.09000000,2x,44,,f,24,2026-04-18 19:13:57.939,SL_HIT,-1.5002,2026-04-20 12:52:09.171,,,global,2026-04-17 19:13:57.976999
609,signals_tab,BTC,LONG,,77144.00000000,79072.60000000,,,75986.84000000,2x,47,,f,24,2026-04-18 19:13:57.934,SL_HIT,-1.5000,2026-04-20 12:52:09.171,,,global,2026-04-17 19:13:57.936345
608,signals_tab,LINK,LONG,,9.64460000,9.88600000,,,9.50000000,2x,26,,f,24,2026-04-18 19:11:09.552,SL_HIT,-1.4993,2026-04-20 12:52:09.171,,,global,2026-04-17 19:11:09.554505
607,signals_tab,AVAX,SHORT,,9.76540000,9.52100000,,,9.91200000,2x,46,,f,24,2026-04-18 19:11:09.526,TP1_HIT,2.5027,2026-04-20 12:52:09.171,,,global,2026-04-17 19:11:09.536259
606,signals_tab,WIF,SHORT,,0.22030000,0.20520000,,,0.22940000,2x,49,,f,24,2026-04-18 19:11:09.513,TP1_HIT,6.8543,2026-04-20 12:52:09.171,,,global,2026-04-17 19:11:09.522518
605,signals_tab,SOL,SHORT,,88.96000000,86.73600000,,,90.29400000,2x,36,,f,24,2026-04-18 19:11:09.501,TP1_HIT,2.5000,2026-04-20 12:52:09.171,,,global,2026-04-17 19:11:09.510259
604,signals_tab,BTC,LONG,,77060.00000000,78986.50000000,,,75904.10000000,2x,37,,f,24,2026-04-18 19:11:09.495,SL_HIT,-1.5000,2026-04-20 12:52:09.171,,,global,2026-04-17 19:11:09.498223
603,signals_tab,ARB,LONG,,0.13065000,0.13390000,,,0.12870000,2x,21,,f,24,2026-04-18 11:07:37.214,SL_HIT,-1.4925,2026-04-20 12:52:09.171,,,global,2026-04-17 11:07:37.217011
602,signals_tab,LINK,LONG,,9.51360000,9.75100000,,,9.37100000,2x,30,,f,24,2026-04-18 11:07:37.21,SL_HIT,-1.4989,2026-04-20 12:52:09.171,,,global,2026-04-17 11:07:37.213055
601,signals_tab,DOGE,SHORT,,0.09801500,0.09560000,,,0.09950000,2x,35,,f,24,2026-04-18 11:07:37.207,SL_HIT,-1.5151,2026-04-17 19:09:04.08,,,global,2026-04-17 11:07:37.208795
600,signals_tab,ETH,LONG,,2346.90000000,2405.57000000,,,2311.70000000,2x,41,,f,24,2026-04-18 11:07:37.19,TP1_HIT,2.4999,2026-04-17 19:09:04.08,,,global,2026-04-17 11:07:37.2038
599,signals_tab,BTC,LONG,,75327.00000000,77210.18000000,,,74197.10000000,2x,41,,f,24,2026-04-18 11:07:37.186,TP1_HIT,2.5000,2026-04-17 19:15:56.705,,,global,2026-04-17 11:07:37.188465
598,signals_tab,AVAX,LONG,,9.53790000,9.77600000,,,9.39500000,2x,30,,f,24,2026-04-18 10:52:44.23,TP1_HIT,2.4964,2026-04-17 19:11:56.715,,,global,2026-04-17 10:52:44.232708
597,signals_tab,DOGE,LONG,,0.09786400,0.10030000,,,0.09640000,2x,30,,f,24,2026-04-18 10:52:44.228,TP1_HIT,2.4892,2026-04-17 19:15:56.705,,,global,2026-04-17 10:52:44.229847
596,signals_tab,SOL,SHORT,,87.58000000,85.39100000,,,88.89400000,2x,31,,f,24,2026-04-18 10:52:44.191,SL_HIT,-1.5003,2026-04-17 19:09:04.08,,,global,2026-04-17 10:52:44.223513
595,signals_tab,ETH,LONG,,2340.50000000,2399.01000000,,,2305.39000000,2x,34,,f,24,2026-04-18 10:52:44.188,TP1_HIT,2.4999,2026-04-17 19:09:04.08,,,global,2026-04-17 10:52:44.19269
594,signals_tab,BTC,SHORT,,75183.00000000,73303.43000000,,,76310.74000000,2x,36,,f,24,2026-04-18 10:52:44.169,SL_HIT,-1.5000,2026-04-17 19:09:04.08,,,global,2026-04-17 10:52:44.172801
593,signals_tab,DOGE,SHORT,,0.09794100,0.09550000,,,0.09940000,2x,38,,f,24,2026-04-18 10:39:09.525,SL_HIT,-1.4897,2026-04-17 19:09:04.08,,,global,2026-04-17 10:39:09.528363
592,signals_tab,WIF,SHORT,,0.21139000,0.20610000,,,0.21460000,2x,45,,f,24,2026-04-18 10:39:09.523,SL_HIT,-1.5185,2026-04-17 19:09:04.08,,,global,2026-04-17 10:39:09.524861
591,signals_tab,SOL,SHORT,,87.68700000,85.49500000,,,89.00200000,2x,50,,f,24,2026-04-18 10:39:09.511,SL_HIT,-1.4997,2026-04-17 19:09:04.08,,,global,2026-04-17 10:39:09.521311
590,signals_tab,ETH,SHORT,,2340.60000000,2282.09000000,,,2375.71000000,2x,48,,f,24,2026-04-18 10:39:09.508,SL_HIT,-1.5000,2026-04-17 19:09:04.08,,,global,2026-04-17 10:39:09.510278
589,signals_tab,BTC,SHORT,,75162.00000000,73282.95000000,,,76289.43000000,2x,39,,f,24,2026-04-18 10:39:09.496,SL_HIT,-1.5000,2026-04-17 19:09:04.08,,,global,2026-04-17 10:39:09.498575
588,signals_tab,DOGE,SHORT,,0.09775600,0.09530000,,,0.09920000,2x,35,,f,24,2026-04-18 10:32:28.625,SL_HIT,-1.4771,2026-04-17 19:09:04.08,,,global,2026-04-17 10:32:28.626956
587,signals_tab,WIF,SHORT,,0.21150000,0.20620000,,,0.21470000,2x,33,,f,24,2026-04-18 10:32:28.622,SL_HIT,-1.5130,2026-04-17 19:09:04.08,,,global,2026-04-17 10:32:28.624248
586,signals_tab,SOL,SHORT,,87.63600000,85.44500000,,,88.95100000,2x,45,,f,24,2026-04-18 10:32:28.61,SL_HIT,-1.5005,2026-04-17 19:09:04.08,,,global,2026-04-17 10:32:28.619549
585,signals_tab,ETH,SHORT,,2338.80000000,2280.33000000,,,2373.88000000,2x,29,,f,24,2026-04-18 10:32:28.607,SL_HIT,-1.4999,2026-04-17 19:09:04.08,,,global,2026-04-17 10:32:28.60934
584,signals_tab,BTC,SHORT,,75173.00000000,73293.68000000,,,76300.60000000,2x,29,,f,24,2026-04-18 10:32:28.594,SL_HIT,-1.5000,2026-04-17 19:09:04.08,,,global,2026-04-17 10:32:28.596504
583,signals_tab,DOGE,SHORT,,0.09833800,0.09590000,,,0.09980000,2x,50,,f,24,2026-04-18 10:28:21.287,SL_HIT,-1.4867,2026-04-17 19:09:04.08,,,global,2026-04-17 10:28:21.298743
582,signals_tab,WIF,SHORT,,0.21317000,0.20780000,,,0.21640000,2x,26,,f,24,2026-04-18 10:28:21.284,SL_HIT,-1.5152,2026-04-17 19:09:04.08,,,global,2026-04-17 10:28:21.285625
581,signals_tab,SOL,SHORT,,88.11500000,85.91200000,,,89.43700000,2x,38,,f,24,2026-04-18 10:28:21.279,TP1_HIT,2.5001,2026-04-20 12:52:09.171,,,global,2026-04-17 10:28:21.282622
580,signals_tab,ETH,SHORT,,2350.20000000,2291.44000000,,,2385.45000000,2x,36,,f,24,2026-04-18 10:28:21.263,SL_HIT,-1.4999,2026-04-17 19:09:04.08,,,global,2026-04-17 10:28:21.278954
579,signals_tab,BTC,SHORT,,75520.00000000,73632.00000000,,,76652.80000000,2x,36,,f,24,2026-04-18 10:28:21.249,SL_HIT,-1.5000,2026-04-17 19:09:04.08,,,global,2026-04-17 10:28:21.252756
578,signals_tab,DOGE,SHORT,,0.09814300,0.09570000,,,0.09960000,2x,28,,f,24,2026-04-18 02:10:22.055,SL_HIT,-1.4846,2026-04-17 19:09:04.08,,,global,2026-04-17 02:10:22.056872
577,signals_tab,WIF,LONG,,0.21672000,0.22290000,,,0.21300000,2x,29,,f,24,2026-04-18 02:10:22.044,SL_HIT,-1.7165,2026-04-17 10:29:16.033,,,global,2026-04-17 02:10:22.046095
576,signals_tab,SOL,SHORT,,88.01500000,85.81500000,,,89.33500000,2x,38,,f,24,2026-04-18 02:10:22.04,SL_HIT,-1.4997,2026-04-17 19:20:56.705,,,global,2026-04-17 02:10:22.043069
575,signals_tab,ETH,SHORT,,2330.10000000,2271.85000000,,,2365.05000000,2x,29,,f,24,2026-04-18 02:10:22.029,SL_HIT,-1.4999,2026-04-17 19:09:04.08,,,global,2026-04-17 02:10:22.039328
574,signals_tab,BTC,SHORT,,74630.00000000,72764.25000000,,,75749.45000000,2x,34,,f,24,2026-04-18 02:10:22.015,SL_HIT,-1.5000,2026-04-17 19:09:04.08,,,global,2026-04-17 02:10:22.018191
573,signals_tab,DOGE,SHORT,,0.09833600,0.09590000,,,0.09980000,2x,35,,f,24,2026-04-18 02:01:24.928,SL_HIT,-1.4888,2026-04-17 19:09:04.08,,,global,2026-04-17 02:01:24.929951
572,signals_tab,WIF,LONG,,0.21668000,0.22290000,,,0.21300000,2x,43,,f,24,2026-04-18 02:01:24.926,SL_HIT,-1.6984,2026-04-17 10:29:16.033,,,global,2026-04-17 02:01:24.927685
571,signals_tab,SOL,SHORT,,88.16500000,85.96100000,,,89.48700000,2x,50,,f,24,2026-04-18 02:01:24.912,TP1_HIT,2.4999,2026-04-20 12:52:09.171,,,global,2026-04-17 02:01:24.924497
570,signals_tab,ETH,SHORT,,2333.30000000,2274.97000000,,,2368.30000000,2x,43,,f,24,2026-04-18 02:01:24.909,SL_HIT,-1.5000,2026-04-17 19:09:04.08,,,global,2026-04-17 02:01:24.911498
569,signals_tab,BTC,SHORT,,74682.00000000,72814.95000000,,,75802.23000000,2x,53,,f,24,2026-04-18 02:01:24.892,SL_HIT,-1.5000,2026-04-17 19:09:04.08,,,global,2026-04-17 02:01:24.896591
568,signals_tab,DOGE,SHORT,,0.09813400,0.09570000,,,0.09960000,2x,28,,f,24,2026-04-18 01:51:47.737,SL_HIT,-1.4939,2026-04-17 19:09:04.08,,,global,2026-04-17 01:51:47.738947
567,signals_tab,WIF,SHORT,,0.21643000,0.21020000,,,0.22020000,2x,48,,f,24,2026-04-18 01:51:47.734,SL_HIT,-1.7419,2026-04-17 19:09:04.08,,,global,2026-04-17 01:51:47.736205
566,signals_tab,SOL,SHORT,,87.96300000,85.76400000,,,89.28200000,2x,41,,f,24,2026-04-18 01:51:47.723,SL_HIT,-1.4995,2026-04-17 19:17:56.706,,,global,2026-04-17 01:51:47.733857
565,signals_tab,ETH,SHORT,,2328.00000000,2269.80000000,,,2362.92000000,2x,39,,f,24,2026-04-18 01:51:47.72,SL_HIT,-1.5000,2026-04-17 19:09:04.08,,,global,2026-04-17 01:51:47.722191
564,signals_tab,BTC,SHORT,,74559.00000000,72695.02000000,,,75677.38000000,2x,44,,f,24,2026-04-18 01:51:47.707,SL_HIT,-1.5000,2026-04-17 19:09:04.08,,,global,2026-04-17 01:51:47.710344
563,signals_tab,AVAX,SHORT,,9.62960000,9.38900000,,,9.77400000,2x,35,,f,24,2026-04-18 01:49:01.508,SL_HIT,-1.4995,2026-04-17 19:11:56.715,,,global,2026-04-17 01:49:01.50988
562,signals_tab,DOGE,SHORT,,0.09836100,0.09590000,,,0.09980000,2x,35,,f,24,2026-04-18 01:49:01.497,SL_HIT,-1.4630,2026-04-17 19:09:04.08,,,global,2026-04-17 01:49:01.49922
561,signals_tab,SOL,SHORT,,88.15000000,85.94600000,,,89.47200000,2x,38,,f,24,2026-04-18 01:49:01.484,TP1_HIT,2.5003,2026-04-20 12:52:09.171,,,global,2026-04-17 01:49:01.495984
560,signals_tab,ETH,SHORT,,2330.20000000,2271.94000000,,,2365.15000000,2x,36,,f,24,2026-04-18 01:49:01.471,SL_HIT,-1.4999,2026-04-17 19:09:04.08,,,global,2026-04-17 01:49:01.482539
559,signals_tab,BTC,SHORT,,74626.00000000,72760.35000000,,,75745.39000000,2x,41,,f,24,2026-04-18 01:49:01.457,SL_HIT,-1.5000,2026-04-17 19:09:04.08,,,global,2026-04-17 01:49:01.46123
558,signals_tab,DOGE,LONG,,0.09912400,0.10160000,,,0.09760000,2x,42,,f,24,2026-04-18 01:01:31.698,SL_HIT,-1.5375,2026-04-20 12:52:09.171,,,global,2026-04-17 01:01:31.700194
557,signals_tab,WIF,LONG,,0.21931000,0.22950000,,,0.21320000,2x,43,,f,24,2026-04-18 01:01:31.695,SL_HIT,-2.7860,2026-04-17 10:27:16.045,,,global,2026-04-17 01:01:31.697573
556,signals_tab,SOL,LONG,,88.81200000,91.03200000,,,87.48000000,2x,33,,f,24,2026-04-18 01:01:31.682,SL_HIT,-1.4998,2026-04-17 10:45:08.793,,,global,2026-04-17 01:01:31.694012
555,signals_tab,ETH,LONG,,2344.00000000,2402.60000000,,,2308.84000000,2x,32,,f,24,2026-04-18 01:01:31.68,TP1_HIT,2.5000,2026-04-17 19:09:04.08,,,global,2026-04-17 01:01:31.681892
554,signals_tab,BTC,SHORT,,74897.00000000,73024.57000000,,,76020.46000000,2x,43,,f,24,2026-04-18 01:01:31.665,SL_HIT,-1.5000,2026-04-17 19:09:04.08,,,global,2026-04-17 01:01:31.668257
553,signals_tab,DOGE,LONG,,0.09895100,0.10140000,,,0.09750000,2x,42,,f,24,2026-04-18 00:47:10.529,EXPIRED_WIN,0.2527,2026-04-18 00:47:16.407,,,global,2026-04-17 00:47:10.530879
552,signals_tab,WIF,LONG,,0.21826000,0.22680000,,,0.21310000,2x,43,,f,24,2026-04-18 00:47:10.527,SL_HIT,-2.3642,2026-04-17 10:29:16.033,,,global,2026-04-17 00:47:10.528789
551,signals_tab,SOL,LONG,,88.75200000,90.97100000,,,87.42100000,2x,40,,f,24,2026-04-18 00:47:10.514,SL_HIT,-1.4997,2026-04-17 10:46:08.795,,,global,2026-04-17 00:47:10.526073
550,signals_tab,ETH,SHORT,,2344.50000000,2285.89000000,,,2379.67000000,2x,44,,f,24,2026-04-18 00:47:10.512,SL_HIT,-1.5001,2026-04-17 19:09:04.08,,,global,2026-04-17 00:47:10.513605
549,signals_tab,BTC,SHORT,,74921.00000000,73047.98000000,,,76044.82000000,2x,41,,f,24,2026-04-18 00:47:10.494,SL_HIT,-1.5000,2026-04-17 19:09:04.08,,,global,2026-04-17 00:47:10.49772
548,signals_tab,DOGE,LONG,,0.09885600,0.10130000,,,0.09740000,2x,30,,f,24,2026-04-18 00:40:49.926,EXPIRED_WIN,0.5129,2026-04-18 00:41:16.415,,,global,2026-04-17 00:40:49.935933
547,signals_tab,WIF,LONG,,0.21810000,0.22660000,,,0.21300000,2x,43,,f,24,2026-04-18 00:40:49.923,SL_HIT,-2.3384,2026-04-17 10:29:16.033,,,global,2026-04-17 00:40:49.924723
546,signals_tab,SOL,LONG,,88.78900000,91.00900000,,,87.45700000,2x,33,,f,24,2026-04-18 00:40:49.912,SL_HIT,-1.5002,2026-04-17 10:45:08.793,,,global,2026-04-17 00:40:49.921789
545,signals_tab,ETH,LONG,,2346.20000000,2404.86000000,,,2311.01000000,2x,32,,f,24,2026-04-18 00:40:49.909,TP1_HIT,2.5002,2026-04-17 19:09:04.08,,,global,2026-04-17 00:40:49.91121
544,signals_tab,BTC,SHORT,,74970.00000000,73095.75000000,,,76094.55000000,2x,37,,f,24,2026-04-18 00:40:49.896,SL_HIT,-1.5000,2026-04-17 19:09:04.08,,,global,2026-04-17 00:40:49.89922
543,signals_tab,TIA,LONG,,0.40690000,0.46840000,,,0.37000000,2x,43,,f,24,2026-04-18 00:34:31.391,EXPIRED_WIN,5.7066,2026-04-18 00:35:24.936,,,global,2026-04-17 00:34:31.393541
542,signals_tab,HYPE,LONG,,44.19200000,45.29700000,,,43.52900000,2x,41,,f,24,2026-04-18 00:33:31.495,SL_HIT,-1.5003,2026-04-17 02:18:16.702,,,global,2026-04-17 00:33:31.602478
541,signals_tab,TRUMP,LONG,,3.08710000,3.16400000,,,3.04100000,2x,28,,f,24,2026-04-18 00:33:31.495,SL_HIT,-1.4933,2026-04-17 02:18:16.702,,,global,2026-04-17 00:33:31.601092
540,signals_tab,HBAR,LONG,,0.09010900,0.09240000,,,0.08880000,2x,35,,f,24,2026-04-18 00:33:31.494,EXPIRED_WIN,0.5083,2026-04-18 00:34:24.942,,,global,2026-04-17 00:33:31.600274
539,signals_tab,PENDLE,LONG,,1.28270000,1.31500000,,,1.26300000,2x,24,,f,24,2026-04-18 00:33:31.494,TP1_HIT,2.5181,2026-04-17 10:26:16.041,,,global,2026-04-17 00:33:31.599705
538,signals_tab,TAO,LONG,,256.43000000,262.84000000,,,252.58000000,2x,23,,f,24,2026-04-18 00:33:31.494,SL_HIT,-1.5014,2026-04-17 02:17:16.704,,,global,2026-04-17 00:33:31.599334
537,signals_tab,FET,LONG,,0.23908000,0.24510000,,,0.23550000,2x,53,,f,24,2026-04-18 00:33:31.493,SL_HIT,-1.4974,2026-04-17 01:48:56.168,,,global,2026-04-17 00:33:31.595537
536,signals_tab,RENDER,LONG,,1.87720000,1.92400000,,,1.84900000,2x,28,,f,24,2026-04-18 00:33:31.492,SL_HIT,-1.5022,2026-04-17 10:44:08.793,,,global,2026-04-17 00:33:31.594742
535,signals_tab,ONDO,SHORT,,0.26750000,0.25390000,,,0.27570000,2x,48,,f,24,2026-04-18 00:33:31.491,EXPIRED_LOSS,-0.4486,2026-04-18 00:34:24.942,,,global,2026-04-17 00:33:31.594284
534,signals_tab,JUP,LONG,,0.18005000,0.32960000,,,0.09030000,2x,48,,f,24,2026-04-18 00:33:31.491,EXPIRED_WIN,2.5410,2026-04-18 00:34:24.942,,,global,2026-04-17 00:33:31.593717
533,signals_tab,OP,LONG,,0.13224000,0.13550000,,,0.13030000,2x,40,,f,24,2026-04-18 00:33:31.49,SL_HIT,-1.4670,2026-04-17 10:29:16.033,,,global,2026-04-17 00:33:31.593161
532,signals_tab,APT,LONG,,0.98640000,1.02310000,,,0.96440000,2x,43,,f,24,2026-04-18 00:33:31.49,EXPIRED_WIN,0.3548,2026-04-18 00:34:24.942,,,global,2026-04-17 00:33:31.587668
531,signals_tab,SUI,LONG,,0.99940000,1.02440000,,,0.98440000,2x,40,,f,24,2026-04-18 00:33:31.489,SL_HIT,-1.5009,2026-04-17 10:45:08.793,,,global,2026-04-17 00:33:31.587234
530,signals_tab,NEAR,LONG,,1.42890000,1.46500000,,,1.40700000,2x,37,,f,24,2026-04-18 00:33:31.489,SL_HIT,-1.5326,2026-04-17 10:39:08.806,,,global,2026-04-17 00:33:31.586944
529,signals_tab,AAVE,LONG,,115.05000000,117.93000000,,,113.32000000,2x,33,,f,24,2026-04-18 00:33:31.488,SL_HIT,-1.5037,2026-04-17 01:50:47.223,,,global,2026-04-17 00:33:31.585515
528,signals_tab,UNI,LONG,,3.41290000,3.49800000,,,3.36200000,2x,31,,f,24,2026-04-18 00:33:31.488,TP1_HIT,2.4935,2026-04-17 19:13:56.716,,,global,2026-04-17 00:33:31.585479
527,signals_tab,WIF,LONG,,0.21788000,0.22480000,,,0.21370000,2x,48,,f,24,2026-04-18 00:33:31.481,SL_HIT,-1.9185,2026-04-17 10:26:16.041,,,global,2026-04-17 00:33:31.574017
526,signals_tab,SOL,LONG,,88.70600000,90.92400000,,,87.37500000,2x,33,,f,24,2026-04-18 00:33:31.48,SL_HIT,-1.5005,2026-04-17 10:46:08.795,,,global,2026-04-17 00:33:31.572226
525,signals_tab,DOT,LONG,,1.31690000,1.36800000,,,1.28600000,2x,38,,f,24,2026-04-18 00:33:31.487,EXPIRED_WIN,0.9682,2026-04-18 00:34:24.942,,,global,2026-04-17 00:33:31.56685
523,signals_tab,BNB,LONG,,635.93000000,651.83000000,,,626.39000000,2x,37,,f,24,2026-04-18 00:33:31.485,EXPIRED_WIN,1.1180,2026-04-18 00:34:24.942,,,global,2026-04-17 00:33:31.565049
524,signals_tab,ADA,LONG,,0.25851000,0.26500000,,,0.25460000,2x,21,,f,24,2026-04-18 00:33:31.486,SL_HIT,-1.5125,2026-04-17 10:46:08.795,,,global,2026-04-17 00:33:31.565045
522,signals_tab,ETH,LONG,,2348.30000000,2407.01000000,,,2313.08000000,2x,43,,f,24,2026-04-18 00:33:31.48,TP1_HIT,2.5001,2026-04-17 19:09:04.08,,,global,2026-04-17 00:33:31.559182
521,signals_tab,XRP,LONG,,1.44550000,1.48200000,,,1.42400000,2x,23,,f,24,2026-04-18 00:33:31.484,SL_HIT,-1.4874,2026-04-17 02:18:16.702,,,global,2026-04-17 00:33:31.557676
520,signals_tab,ARB,LONG,,0.12839000,0.13160000,,,0.12650000,2x,45,,f,24,2026-04-18 00:33:31.483,SL_HIT,-1.4721,2026-04-17 01:53:47.212,,,global,2026-04-17 00:33:31.555635
519,signals_tab,LINK,LONG,,9.52260000,9.76100000,,,9.38000000,2x,33,,f,24,2026-04-18 00:33:31.483,EXPIRED_WIN,0.8380,2026-04-18 00:34:24.942,,,global,2026-04-17 00:33:31.55213
518,signals_tab,DOGE,LONG,,0.09876300,0.10120000,,,0.09730000,2x,42,,f,24,2026-04-18 00:33:31.482,EXPIRED_WIN,0.7715,2026-04-18 00:34:24.942,,,global,2026-04-17 00:33:31.548292
517,signals_tab,AVAX,LONG,,9.69840000,9.94100000,,,9.55300000,2x,33,,f,24,2026-04-18 00:33:31.482,SL_HIT,-1.4992,2026-04-17 10:31:28.224,,,global,2026-04-17 00:33:31.534733
516,signals_tab,BTC,LONG,,75051.00000000,76927.27000000,,,73925.24000000,2x,43,,f,24,2026-04-18 00:33:31.474,TP1_HIT,2.5000,2026-04-17 19:09:04.08,,,global,2026-04-17 00:33:31.518571
488,signals_tab,SEI,SHORT,,0.05878000,0.05730000,,,0.05970000,2x,43,,f,24,2026-04-18 00:01:46.937,EXPIRED_WIN,0.6533,2026-04-18 00:32:24.945,,,global,2026-04-17 00:01:46.946641
487,signals_tab,HYPE,SHORT,,43.81300000,42.71800000,,,44.47000000,2x,41,,f,24,2026-04-18 00:00:01.807,SL_HIT,-1.4996,2026-04-17 21:32:39.047,,,global,2026-04-17 00:00:01.827559
486,signals_tab,FET,LONG,,0.23995000,0.24590000,,,0.23640000,2x,28,,f,24,2026-04-18 00:00:01.807,SL_HIT,-1.4795,2026-04-17 01:46:56.169,,,global,2026-04-17 00:00:01.82542
485,signals_tab,RENDER,SHORT,,1.87450000,1.82800000,,,1.90300000,2x,33,,f,24,2026-04-18 00:00:01.806,SL_HIT,-1.5204,2026-04-17 19:13:56.716,,,global,2026-04-17 00:00:01.823933
484,signals_tab,ONDO,LONG,,0.26955000,0.27630000,,,0.26550000,2x,28,,f,24,2026-04-18 00:00:01.806,SL_HIT,-1.5025,2026-04-17 02:17:16.704,,,global,2026-04-17 00:00:01.822859
483,signals_tab,TIA,LONG,,0.41260000,0.42290000,,,0.40640000,3x,28,,f,24,2026-04-17 23:58:56.931,SL_HIT,-1.5027,2026-04-17 00:29:11.914,,,global,2026-04-16 23:58:56.943364
482,signals_tab,TRUMP,LONG,,3.07420000,3.16600000,,,3.01900000,2x,29,,f,24,2026-04-17 23:55:26.928,SL_HIT,-1.7956,2026-04-17 10:26:16.041,,,global,2026-04-16 23:55:27.043208
481,signals_tab,HBAR,SHORT,,0.09043900,0.08820000,,,0.09180000,2x,21,,f,24,2026-04-17 23:55:26.927,EXPIRED_LOSS,-0.3317,2026-04-18 00:32:24.945,,,global,2026-04-16 23:55:27.042884
480,signals_tab,PENDLE,SHORT,,1.27480000,1.24300000,,,1.29400000,2x,33,,f,24,2026-04-17 23:55:26.927,SL_HIT,-1.5061,2026-04-17 00:46:10.127,,,global,2026-04-16 23:55:27.042614
479,signals_tab,TAO,SHORT,,252.37000000,246.06000000,,,256.16000000,2x,38,,f,24,2026-04-17 23:55:26.927,SL_HIT,-1.5018,2026-04-17 00:30:11.885,,,global,2026-04-16 23:55:27.037684
478,signals_tab,OP,SHORT,,0.13208000,0.12880000,,,0.13410000,2x,33,,f,24,2026-04-17 23:55:26.925,SL_HIT,-1.5294,2026-04-17 21:32:39.047,,,global,2026-04-16 23:55:27.037388
477,signals_tab,JUP,LONG,,0.18009000,0.32620000,,,0.09240000,2x,36,,f,24,2026-04-17 23:55:26.926,EXPIRED_WIN,2.8014,2026-04-18 00:32:24.945,,,global,2026-04-16 23:55:27.037378
476,signals_tab,APT,SHORT,,0.99980000,0.97480000,,,1.01480000,2x,28,,f,24,2026-04-17 23:55:26.925,TP1_HIT,2.5005,2026-04-17 02:18:16.702,,,global,2026-04-16 23:55:27.036811
475,signals_tab,SUI,SHORT,,1.00070000,0.97600000,,,1.01600000,2x,33,,f,24,2026-04-17 23:55:26.924,SL_HIT,-1.5289,2026-04-17 19:17:56.706,,,global,2026-04-16 23:55:27.036503
474,signals_tab,NEAR,SHORT,,1.43480000,1.39900000,,,1.45600000,2x,35,,f,24,2026-04-17 23:55:26.923,TP1_HIT,2.4951,2026-04-17 10:40:08.804,,,global,2026-04-16 23:55:27.024786
473,signals_tab,AAVE,LONG,,115.13000000,118.01000000,,,113.40000000,2x,23,,f,24,2026-04-17 23:55:26.923,SL_HIT,-1.5026,2026-04-17 01:46:56.169,,,global,2026-04-16 23:55:27.024481
472,signals_tab,UNI,LONG,,3.42470000,3.51000000,,,3.37300000,2x,28,,f,24,2026-04-17 23:55:26.923,SL_HIT,-1.5096,2026-04-17 02:18:16.702,,,global,2026-04-16 23:55:27.024197
471,signals_tab,DOT,SHORT,,1.32980000,1.29700000,,,1.35000000,2x,33,,f,24,2026-04-17 23:55:26.922,TP1_HIT,2.4665,2026-04-17 10:46:08.795,,,global,2026-04-16 23:55:27.023835
470,signals_tab,ADA,SHORT,,0.25906000,0.25260000,,,0.26290000,2x,33,,f,24,2026-04-17 23:55:26.922,EXPIRED_WIN,0.1698,2026-04-18 00:32:24.945,,,global,2026-04-16 23:55:27.023513
469,signals_tab,BNB,SHORT,,635.62000000,619.73000000,,,645.15000000,2x,35,,f,24,2026-04-17 23:55:26.921,EXPIRED_LOSS,-1.3711,2026-04-18 00:32:24.945,,,global,2026-04-16 23:55:27.020828
468,signals_tab,XRP,SHORT,,1.45140000,1.41500000,,,1.47300000,2x,35,,f,24,2026-04-17 23:55:26.921,SL_HIT,-1.4882,2026-04-17 19:09:04.08,,,global,2026-04-16 23:55:27.020494
467,signals_tab,ARB,SHORT,,0.12878000,0.12560000,,,0.13070000,2x,33,,f,24,2026-04-17 23:55:26.92,SL_HIT,-1.4909,2026-04-17 10:26:16.041,,,global,2026-04-16 23:55:27.020108
466,signals_tab,LINK,LONG,,9.57660000,9.81600000,,,9.43300000,2x,30,,f,24,2026-04-17 23:55:26.92,SL_HIT,-1.4995,2026-04-17 01:51:47.224,,,global,2026-04-16 23:55:27.019682
465,signals_tab,AVAX,SHORT,,9.72650000,9.48300000,,,9.87200000,2x,28,,f,24,2026-04-17 23:55:26.919,EXPIRED_LOSS,-0.3485,2026-04-18 00:32:24.945,,,global,2026-04-16 23:55:27.019295
464,signals_tab,DOGE,SHORT,,0.09925400,0.09680000,,,0.10070000,2x,35,,f,24,2026-04-17 23:55:26.919,EXPIRED_LOSS,-0.4705,2026-04-18 00:32:24.945,,,global,2026-04-16 23:55:26.959006
463,signals_tab,WIF,SHORT,,0.21812000,0.20910000,,,0.22360000,2x,41,,f,24,2026-04-17 23:55:26.917,EXPIRED_WIN,1.1805,2026-04-18 00:32:24.945,,,global,2026-04-16 23:55:26.95858
462,signals_tab,ETH,SHORT,,2345.70000000,2287.06000000,,,2380.89000000,2x,41,,f,24,2026-04-17 23:55:26.916,SL_HIT,-1.5002,2026-04-17 19:09:04.08,,,global,2026-04-16 23:55:26.955964
461,signals_tab,SOL,SHORT,,88.89000000,86.66800000,,,90.22300000,2x,38,,f,24,2026-04-17 23:55:26.917,EXPIRED_LOSS,-0.0613,2026-04-18 00:32:24.945,,,global,2026-04-16 23:55:26.95498
460,signals_tab,BTC,SHORT,,75020.00000000,73144.50000000,,,76145.30000000,2x,41,,f,24,2026-04-17 23:55:26.915,SL_HIT,-1.5000,2026-04-17 19:09:04.08,,,global,2026-04-16 23:55:26.941784
459,signals_tab,HBAR,LONG,,0.09043000,0.09270000,,,0.08910000,2x,33,,f,24,2026-04-17 23:49:52.932,EXPIRED_WIN,0.3417,2026-04-18 00:32:24.945,,,global,2026-04-16 23:49:53.037857
457,signals_tab,PENDLE,LONG,,1.27480000,1.30700000,,,1.25600000,2x,28,,f,24,2026-04-17 23:49:52.931,TP1_HIT,2.5259,2026-04-17 10:26:16.041,,,global,2026-04-16 23:49:53.03781
458,signals_tab,TRUMP,LONG,,3.08360000,3.18600000,,,3.02200000,2x,36,,f,24,2026-04-17 23:49:52.933,SL_HIT,-1.9977,2026-04-17 10:26:16.041,,,global,2026-04-16 23:49:53.037488
456,signals_tab,TAO,LONG,,251.86000000,258.16000000,,,248.08000000,2x,30,,f,24,2026-04-17 23:49:52.931,SL_HIT,-1.5008,2026-04-17 10:30:28.225,,,global,2026-04-16 23:49:53.036167
455,signals_tab,JUP,LONG,,0.18008000,0.32610000,,,0.09250000,2x,36,,f,24,2026-04-17 23:49:52.927,EXPIRED_WIN,2.8071,2026-04-18 00:32:24.945,,,global,2026-04-16 23:49:53.034213
454,signals_tab,OP,LONG,,0.13248000,0.13580000,,,0.13050000,2x,28,,f,24,2026-04-17 23:49:52.925,SL_HIT,-1.4946,2026-04-17 10:29:16.033,,,global,2026-04-16 23:49:53.033521
453,signals_tab,SUI,SHORT,,1.00360000,0.97900000,,,1.01900000,2x,26,,f,24,2026-04-17 23:49:52.924,EXPIRED_WIN,0.4145,2026-04-18 00:32:24.945,,,global,2026-04-16 23:49:53.032959
452,signals_tab,APT,LONG,,1.00170000,1.02700000,,,0.98700000,2x,33,,f,24,2026-04-17 23:49:52.925,SL_HIT,-1.4675,2026-04-17 00:29:11.914,,,global,2026-04-16 23:49:53.032766
451,signals_tab,NEAR,LONG,,1.43460000,1.47000000,,,1.41300000,2x,30,,f,24,2026-04-17 23:49:52.924,SL_HIT,-1.5056,2026-04-17 02:17:16.704,,,global,2026-04-16 23:49:53.030666
450,signals_tab,AAVE,LONG,,115.08000000,117.96000000,,,113.35000000,2x,30,,f,24,2026-04-17 23:49:52.923,SL_HIT,-1.5033,2026-04-17 01:50:47.223,,,global,2026-04-16 23:49:53.020776
449,signals_tab,UNI,LONG,,3.42770000,3.51300000,,,3.37600000,2x,28,,f,24,2026-04-17 23:49:52.923,SL_HIT,-1.5083,2026-04-17 02:17:16.704,,,global,2026-04-16 23:49:53.020393
448,signals_tab,DOT,SHORT,,1.33310000,1.30000000,,,1.35300000,2x,26,,f,24,2026-04-17 23:49:52.922,TP1_HIT,2.4829,2026-04-17 02:17:16.704,,,global,2026-04-16 23:49:53.020059
447,signals_tab,ADA,LONG,,0.25980000,0.26630000,,,0.25590000,2x,28,,f,24,2026-04-17 23:49:52.921,SL_HIT,-1.5012,2026-04-17 01:49:47.226,,,global,2026-04-16 23:49:53.0196
446,signals_tab,WIF,LONG,,0.21949000,0.23010000,,,0.21310000,2x,29,,f,24,2026-04-17 23:49:52.914,SL_HIT,-2.9113,2026-04-17 10:29:16.033,,,global,2026-04-16 23:49:53.017067
445,signals_tab,BNB,SHORT,,635.91000000,620.01000000,,,645.45000000,2x,35,,f,24,2026-04-17 23:49:52.918,EXPIRED_LOSS,-1.3249,2026-04-18 00:32:24.945,,,global,2026-04-16 23:49:53.016993
444,signals_tab,SOL,LONG,,89.00500000,91.23000000,,,87.67000000,2x,33,,f,24,2026-04-17 23:49:52.913,SL_HIT,-1.4999,2026-04-17 10:31:28.224,,,global,2026-04-16 23:49:53.01295
443,signals_tab,ETH,SHORT,,2348.00000000,2289.30000000,,,2383.22000000,2x,34,,f,24,2026-04-17 23:49:52.912,SL_HIT,-1.5000,2026-04-17 19:09:04.08,,,global,2026-04-16 23:49:53.009894
442,signals_tab,DOGE,LONG,,0.09954300,0.10200000,,,0.09800000,2x,30,,f,24,2026-04-17 23:49:52.914,SL_HIT,-1.5501,2026-04-17 02:16:16.702,,,global,2026-04-16 23:49:53.003377
441,signals_tab,XRP,LONG,,1.45310000,1.48900000,,,1.43100000,2x,30,,f,24,2026-04-17 23:49:52.918,SL_HIT,-1.5209,2026-04-17 01:46:56.169,,,global,2026-04-16 23:49:53.002719
440,signals_tab,ARB,LONG,,0.12912000,0.13230000,,,0.12720000,2x,28,,f,24,2026-04-17 23:49:52.916,SL_HIT,-1.4870,2026-04-17 01:49:47.226,,,global,2026-04-16 23:49:52.993079
439,signals_tab,LINK,LONG,,9.57460000,9.81400000,,,9.43100000,2x,30,,f,24,2026-04-17 23:49:52.915,SL_HIT,-1.4998,2026-04-17 01:52:47.224,,,global,2026-04-16 23:49:52.990244
438,signals_tab,AVAX,LONG,,9.73200000,9.97500000,,,9.58600000,2x,30,,f,24,2026-04-17 23:49:52.915,SL_HIT,-1.5002,2026-04-17 10:30:28.225,,,global,2026-04-16 23:49:52.979587
437,signals_tab,BTC,LONG,,75053.00000000,76929.32000000,,,73927.21000000,2x,36,,f,24,2026-04-17 23:49:52.911,TP1_HIT,2.5000,2026-04-17 19:09:04.08,,,global,2026-04-16 23:49:52.954809
436,signals_tab,TIA,LONG,,0.40967000,0.43790000,,,0.39270000,2x,36,,f,24,2026-04-17 23:40:57.316,SL_HIT,-4.1424,2026-04-17 10:41:08.794,,,global,2026-04-16 23:40:57.329266
435,signals_tab,TRUMP,LONG,,3.07820000,3.16400000,,,3.02700000,2x,36,,f,24,2026-04-17 23:38:52.491,SL_HIT,-1.6633,2026-04-17 10:26:16.041,,,global,2026-04-16 23:38:52.553437
434,signals_tab,HBAR,LONG,,0.09042400,0.09270000,,,0.08910000,2x,33,,f,24,2026-04-17 23:38:52.49,EXPIRED_WIN,0.0874,2026-04-17 23:39:43.837,,,global,2026-04-16 23:38:52.553142
433,signals_tab,PENDLE,LONG,,1.27550000,1.30700000,,,1.25600000,2x,28,,f,24,2026-04-17 23:38:52.49,TP1_HIT,2.4696,2026-04-17 10:26:16.041,,,global,2026-04-16 23:38:52.552846
432,signals_tab,TAO,LONG,,250.08000000,256.33000000,,,246.33000000,2x,30,,f,24,2026-04-17 23:38:52.489,TP1_HIT,2.4992,2026-04-17 00:31:30.805,,,global,2026-04-16 23:38:52.551208
431,signals_tab,JUP,LONG,,0.18018000,0.32630000,,,0.09250000,2x,36,,f,24,2026-04-17 23:38:52.488,EXPIRED_WIN,2.6418,2026-04-17 23:39:43.837,,,global,2026-04-16 23:38:52.550658
430,signals_tab,OP,LONG,,0.13243000,0.13570000,,,0.13040000,2x,21,,f,24,2026-04-17 23:38:52.487,SL_HIT,-1.5329,2026-04-17 10:29:16.033,,,global,2026-04-16 23:38:52.548256
429,signals_tab,APT,LONG,,1.00080000,1.02600000,,,0.98600000,2x,26,,f,24,2026-04-17 23:38:52.487,SL_HIT,-1.4788,2026-04-17 00:29:11.914,,,global,2026-04-16 23:38:52.548
428,signals_tab,SUI,LONG,,1.00600000,1.03100000,,,0.99100000,2x,28,,f,24,2026-04-17 23:38:52.486,SL_HIT,-1.4911,2026-04-17 01:51:47.224,,,global,2026-04-16 23:38:52.547498
427,signals_tab,NEAR,LONG,,1.44180000,1.47800000,,,1.42000000,2x,30,,f,24,2026-04-17 23:38:52.485,SL_HIT,-1.5120,2026-04-17 01:50:47.223,,,global,2026-04-16 23:38:52.546305
426,signals_tab,AAVE,LONG,,115.84000000,118.74000000,,,114.10000000,2x,23,,f,24,2026-04-17 23:38:52.484,SL_HIT,-1.5021,2026-04-17 01:46:56.169,,,global,2026-04-16 23:38:52.545825
425,signals_tab,UNI,LONG,,3.43700000,3.52300000,,,3.38500000,2x,28,,f,24,2026-04-17 23:38:52.484,SL_HIT,-1.5129,2026-04-17 01:50:47.223,,,global,2026-04-16 23:38:52.54344
424,signals_tab,DOT,SHORT,,1.33800000,1.30500000,,,1.35800000,2x,33,,f,24,2026-04-17 23:38:52.483,TP1_HIT,2.4664,2026-04-17 01:52:47.224,,,global,2026-04-16 23:38:52.54216
423,signals_tab,ADA,LONG,,0.26029000,0.26680000,,,0.25640000,2x,28,,f,24,2026-04-17 23:38:52.482,SL_HIT,-1.4945,2026-04-17 01:46:56.169,,,global,2026-04-16 23:38:52.541795
422,signals_tab,BNB,LONG,,636.56000000,652.47000000,,,627.01000000,2x,30,,f,24,2026-04-17 23:38:52.482,EXPIRED_WIN,0.8915,2026-04-17 23:39:43.837,,,global,2026-04-16 23:38:52.54143
421,signals_tab,XRP,LONG,,1.45610000,1.49300000,,,1.43400000,2x,30,,f,24,2026-04-17 23:38:52.481,SL_HIT,-1.5178,2026-04-17 01:46:56.169,,,global,2026-04-16 23:38:52.540981
420,signals_tab,DOGE,LONG,,0.09967800,0.10220000,,,0.09820000,2x,30,,f,24,2026-04-17 23:38:52.477,SL_HIT,-1.4828,2026-04-17 01:50:47.223,,,global,2026-04-16 23:38:52.533405
418,signals_tab,ARB,LONG,,0.12909000,0.13230000,,,0.12720000,2x,21,,f,24,2026-04-17 23:38:52.48,SL_HIT,-1.4641,2026-04-17 01:49:47.226,,,global,2026-04-16 23:38:52.52775
419,signals_tab,WIF,LONG,,0.21972000,0.23040000,,,0.21330000,2x,36,,f,24,2026-04-17 23:38:52.476,SL_HIT,-2.9219,2026-04-17 10:26:16.041,,,global,2026-04-16 23:38:52.527719
417,signals_tab,LINK,LONG,,9.59120000,9.83100000,,,9.44700000,2x,30,,f,24,2026-04-17 23:38:52.48,SL_HIT,-1.5035,2026-04-17 01:48:56.168,,,global,2026-04-16 23:38:52.527549
416,signals_tab,ETH,LONG,,2353.30000000,2412.13000000,,,2318.00000000,2x,36,,f,24,2026-04-17 23:38:52.475,TP1_HIT,2.4999,2026-04-17 19:09:04.08,,,global,2026-04-16 23:38:52.526735
415,signals_tab,SOL,LONG,,89.16500000,91.39400000,,,87.82800000,2x,33,,f,24,2026-04-17 23:38:52.476,SL_HIT,-1.4995,2026-04-17 10:30:28.225,,,global,2026-04-16 23:38:52.522206
414,signals_tab,AVAX,LONG,,9.77540000,10.02000000,,,9.62900000,2x,30,,f,24,2026-04-17 23:38:52.479,SL_HIT,-1.4976,2026-04-17 01:48:56.168,,,global,2026-04-16 23:38:52.520296
413,signals_tab,BTC,LONG,,75129.00000000,77007.23000000,,,74002.07000000,2x,36,,f,24,2026-04-17 23:38:52.473,TP1_HIT,2.5000,2026-04-17 19:09:04.08,,,global,2026-04-16 23:38:52.503871
412,signals_tab,TIA,LONG,,0.40685000,0.42760000,,,0.39440000,2x,36,,f,24,2026-04-17 23:34:35.725,SL_HIT,-3.0601,2026-04-17 10:40:08.804,,,global,2026-04-16 23:34:35.735659
411,signals_tab,APT,LONG,,1.00170000,1.02700000,,,0.98700000,2x,43,,f,24,2026-04-17 23:33:10.484,SL_HIT,-1.4675,2026-04-17 00:29:11.914,,,global,2026-04-16 23:33:10.496314
410,signals_tab,AAVE,SHORT,,115.65000000,112.76000000,,,117.38000000,2x,31,,f,24,2026-04-17 23:31:30.502,SL_HIT,-1.4959,2026-04-17 19:14:56.706,,,global,2026-04-16 23:31:30.504177
409,signals_tab,TRUMP,SHORT,,3.06250000,2.98600000,,,3.10800000,2x,33,,f,24,2026-04-17 23:31:25.409,TP1_HIT,2.4980,2026-04-17 10:43:08.793,,,global,2026-04-16 23:31:25.464288
408,signals_tab,HBAR,SHORT,,0.09025000,0.08800000,,,0.09160000,2x,31,,f,24,2026-04-17 23:31:25.409,EXPIRED_LOSS,-0.4044,2026-04-17 23:32:23.526,,,global,2026-04-16 23:31:25.463992
407,signals_tab,PENDLE,SHORT,,1.27480000,1.24300000,,,1.29400000,2x,41,,f,24,2026-04-17 23:31:25.408,SL_HIT,-1.5061,2026-04-17 00:46:10.127,,,global,2026-04-16 23:31:25.463707
406,signals_tab,TAO,LONG,,250.13000000,256.38000000,,,246.38000000,2x,31,,f,24,2026-04-17 23:31:25.408,TP1_HIT,2.4987,2026-04-17 00:31:30.805,,,global,2026-04-16 23:31:25.463402
405,signals_tab,JUP,SHORT,,0.17976000,0.03000000,,,0.26960000,2x,53,,f,24,2026-04-17 23:31:25.407,EXPIRED_LOSS,-3.0819,2026-04-17 23:32:23.526,,,global,2026-04-16 23:31:25.46196
404,signals_tab,OP,LONG,,0.13244000,0.13580000,,,0.13050000,2x,40,,f,24,2026-04-17 23:31:25.406,SL_HIT,-1.4648,2026-04-17 10:29:16.033,,,global,2026-04-16 23:31:25.452989
403,signals_tab,SUI,LONG,,1.00530000,1.03000000,,,0.99000000,2x,35,,f,24,2026-04-17 23:31:25.405,SL_HIT,-1.5219,2026-04-17 01:53:47.212,,,global,2026-04-16 23:31:25.452748
402,signals_tab,NEAR,LONG,,1.43750000,1.47300000,,,1.41600000,2x,30,,f,24,2026-04-17 23:31:25.404,SL_HIT,-1.4957,2026-04-17 02:11:16.702,,,global,2026-04-16 23:31:25.452446
401,signals_tab,UNI,SHORT,,3.42010000,3.33500000,,,3.47100000,2x,33,,f,24,2026-04-17 23:31:25.404,SL_HIT,-1.4883,2026-04-17 19:09:04.08,,,global,2026-04-16 23:31:25.452045
400,signals_tab,DOT,LONG,,1.33420000,1.36800000,,,1.31400000,2x,35,,f,24,2026-04-17 23:31:25.403,SL_HIT,-1.5140,2026-04-17 00:39:49.246,,,global,2026-04-16 23:31:25.449856
399,signals_tab,ADA,SHORT,,0.25925000,0.25280000,,,0.26310000,2x,29,,f,24,2026-04-17 23:31:25.402,EXPIRED_WIN,0.1639,2026-04-17 23:32:23.526,,,global,2026-04-16 23:31:25.448848
398,signals_tab,BNB,LONG,,635.99000000,651.89000000,,,626.45000000,2x,42,,f,24,2026-04-17 23:31:25.402,EXPIRED_WIN,1.1588,2026-04-17 23:32:23.526,,,global,2026-04-16 23:31:25.448513
397,signals_tab,XRP,SHORT,,1.45030000,1.41400000,,,1.47200000,2x,35,,f,24,2026-04-17 23:31:25.401,SL_HIT,-1.4962,2026-04-17 19:09:04.08,,,global,2026-04-16 23:31:25.448268
396,signals_tab,ARB,LONG,,0.12895000,0.13220000,,,0.12700000,2x,35,,f,24,2026-04-17 23:31:25.401,SL_HIT,-1.5122,2026-04-17 01:50:47.223,,,global,2026-04-16 23:31:25.447841
395,signals_tab,LINK,LONG,,9.55440000,9.79300000,,,9.41100000,2x,37,,f,24,2026-04-17 23:31:25.4,EXPIRED_WIN,0.6882,2026-04-17 23:32:23.526,,,global,2026-04-16 23:31:25.445099
394,signals_tab,WIF,SHORT,,0.21949000,0.20850000,,,0.22610000,2x,41,,f,24,2026-04-17 23:31:25.397,EXPIRED_WIN,2.0980,2026-04-17 23:32:23.526,,,global,2026-04-16 23:31:25.43668
392,signals_tab,SOL,LONG,,88.93000000,91.15300000,,,87.59600000,2x,33,,f,24,2026-04-17 23:31:25.396,SL_HIT,-1.5001,2026-04-17 10:45:08.793,,,global,2026-04-16 23:31:25.435851
393,signals_tab,DOGE,SHORT,,0.09911800,0.09660000,,,0.10060000,2x,40,,f,24,2026-04-17 23:31:25.399,EXPIRED_LOSS,-0.3975,2026-04-17 23:32:23.526,,,global,2026-04-16 23:31:25.435838
391,signals_tab,AVAX,SHORT,,9.73200000,9.48900000,,,9.87800000,2x,40,,f,24,2026-04-17 23:31:25.399,EXPIRED_WIN,0.0134,2026-04-17 23:32:23.526,,,global,2026-04-16 23:31:25.435288
390,signals_tab,ETH,SHORT,,2347.60000000,2288.91000000,,,2382.81000000,2x,37,,f,24,2026-04-17 23:31:25.395,SL_HIT,-1.4998,2026-04-17 19:09:04.08,,,global,2026-04-16 23:31:25.431185
389,signals_tab,BTC,LONG,,75005.00000000,76880.13000000,,,73879.93000000,2x,36,,f,24,2026-04-17 23:31:25.394,TP1_HIT,2.5000,2026-04-17 19:09:04.08,,,global,2026-04-16 23:31:25.41966
388,signals_tab,APT,LONG,,1.00110000,1.02600000,,,0.98600000,2x,43,,f,24,2026-04-17 23:25:24.637,SL_HIT,-1.5083,2026-04-17 00:29:11.914,,,global,2026-04-16 23:25:24.649092
387,signals_tab,TIA,LONG,,0.40005000,0.41530000,,,0.39090000,2x,53,,f,24,2026-04-17 23:23:04.423,TP1_HIT,3.8120,2026-04-17 00:53:10.116,,,global,2026-04-16 23:23:04.436643
386,signals_tab,SEI,SHORT,,0.05858500,0.05710000,,,0.05950000,2x,40,,f,24,2026-04-17 23:23:04.423,SL_HIT,-1.5618,2026-04-17 19:18:56.705,,,global,2026-04-16 23:23:04.436142
385,signals_tab,HBAR,LONG,,0.09009100,0.09230000,,,0.08870000,2x,29,,f,24,2026-04-17 23:19:29.638,EXPIRED_WIN,0.4518,2026-04-17 23:25:23.528,,,global,2026-04-16 23:19:29.753036
384,signals_tab,TRUMP,LONG,,3.05640000,3.13300000,,,3.01100000,2x,35,,f,24,2026-04-17 23:19:29.638,SL_HIT,-1.4854,2026-04-17 10:27:16.045,,,global,2026-04-16 23:19:29.752774
383,signals_tab,PENDLE,SHORT,,1.27560000,1.24400000,,,1.29500000,2x,26,,f,24,2026-04-17 23:19:29.638,SL_HIT,-1.5209,2026-04-17 00:48:10.117,,,global,2026-04-16 23:19:29.75055
382,signals_tab,TAO,SHORT,,249.25000000,243.02000000,,,252.99000000,2x,28,,f,24,2026-04-17 23:19:29.637,SL_HIT,-1.5005,2026-04-17 00:01:21.599,,,global,2026-04-16 23:19:29.750119
381,signals_tab,JUP,LONG,,0.17964000,0.32920000,,,0.08990000,2x,41,,f,24,2026-04-17 23:19:29.636,EXPIRED_WIN,2.9225,2026-04-17 23:25:23.528,,,global,2026-04-16 23:19:29.745299
380,signals_tab,OP,SHORT,,0.13124000,0.12800000,,,0.13320000,2x,45,,f,24,2026-04-17 23:19:29.635,SL_HIT,-1.4934,2026-04-17 00:53:10.116,,,global,2026-04-16 23:19:29.74496
379,signals_tab,SUI,LONG,,1.00330000,1.02800000,,,0.98800000,2x,35,,f,24,2026-04-17 23:19:29.634,SL_HIT,-1.5250,2026-04-17 02:18:16.702,,,global,2026-04-16 23:19:29.743553
378,signals_tab,AAVE,LONG,,115.42000000,118.31000000,,,113.69000000,2x,30,,f,24,2026-04-17 23:19:29.633,SL_HIT,-1.4989,2026-04-17 01:46:56.169,,,global,2026-04-16 23:19:29.740416
377,signals_tab,NEAR,LONG,,1.43160000,1.46700000,,,1.41000000,2x,30,,f,24,2026-04-17 23:19:29.634,SL_HIT,-1.5088,2026-04-17 02:18:16.702,,,global,2026-04-16 23:19:29.739926
376,signals_tab,DOT,SHORT,,1.32000000,1.28700000,,,1.34000000,2x,40,,f,24,2026-04-17 23:19:29.632,SL_HIT,-1.5152,2026-04-16 23:36:46.986,,,global,2026-04-16 23:19:29.738178
375,signals_tab,UNI,SHORT,,3.40700000,3.32200000,,,3.45800000,2x,40,,f,24,2026-04-17 23:19:29.632,SL_HIT,-1.4969,2026-04-17 19:09:04.08,,,global,2026-04-16 23:19:29.737854
374,signals_tab,ADA,SHORT,,0.25833000,0.25190000,,,0.26220000,2x,45,,f,24,2026-04-17 23:19:29.631,SL_HIT,-1.4981,2026-04-17 19:17:56.706,,,global,2026-04-16 23:19:29.73718
373,signals_tab,BNB,LONG,,634.00000000,649.85000000,,,624.49000000,2x,30,,f,24,2026-04-17 23:19:29.631,EXPIRED_WIN,1.4219,2026-04-17 23:25:23.528,,,global,2026-04-16 23:19:29.732102
372,signals_tab,XRP,LONG,,1.44840000,1.48500000,,,1.42700000,2x,35,,f,24,2026-04-17 23:19:29.63,SL_HIT,-1.4775,2026-04-17 02:09:16.713,,,global,2026-04-16 23:19:29.730926
371,signals_tab,SOL,LONG,,88.84400000,91.06500000,,,87.51100000,2x,26,,f,24,2026-04-17 23:19:29.625,SL_HIT,-1.5004,2026-04-17 10:45:08.793,,,global,2026-04-16 23:19:29.727625
370,signals_tab,WIF,LONG,,0.21979000,0.23130000,,,0.21290000,2x,36,,f,24,2026-04-17 23:19:29.625,SL_HIT,-3.1348,2026-04-17 10:29:16.033,,,global,2026-04-16 23:19:29.726999
369,signals_tab,DOGE,LONG,,0.09885700,0.10130000,,,0.09740000,2x,23,,f,24,2026-04-17 23:19:29.626,EXPIRED_WIN,0.4522,2026-04-17 23:25:23.528,,,global,2026-04-16 23:19:29.725851
368,signals_tab,ARB,SHORT,,0.12819000,0.12500000,,,0.13010000,2x,40,,f,24,2026-04-17 23:19:29.629,SL_HIT,-1.4900,2026-04-17 10:26:16.041,,,global,2026-04-16 23:19:29.71946
367,signals_tab,ETH,LONG,,2342.30000000,2400.86000000,,,2307.17000000,2x,32,,f,24,2026-04-17 23:19:29.624,TP1_HIT,2.5001,2026-04-17 19:09:04.08,,,global,2026-04-16 23:19:29.709583
366,signals_tab,LINK,SHORT,,9.50960000,9.27200000,,,9.65200000,2x,47,,f,24,2026-04-17 23:19:29.627,SL_HIT,-1.4974,2026-04-17 19:11:56.715,,,global,2026-04-16 23:19:29.704544
365,signals_tab,AVAX,SHORT,,9.69640000,9.45400000,,,9.84200000,2x,42,,f,24,2026-04-17 23:19:29.627,EXPIRED_LOSS,-0.1547,2026-04-17 23:25:23.528,,,global,2026-04-16 23:19:29.67849
364,signals_tab,BTC,LONG,,74906.00000000,76778.65000000,,,73782.41000000,2x,41,,f,24,2026-04-17 23:19:29.623,TP1_HIT,2.5000,2026-04-17 19:09:04.08,,,global,2026-04-16 23:19:29.656247
363,signals_tab,DOT,SHORT,,1.32580000,1.29300000,,,1.34600000,2x,36,,f,24,2026-04-17 23:14:51.428,EXPIRED_LOSS,-0.1810,2026-04-17 23:25:23.528,,,global,2026-04-16 23:14:51.458946
362,signals_tab,JUP,LONG,,0.17977000,0.30160000,,,0.10670000,3x,39,,f,24,2026-04-17 23:14:51.43,EXPIRED_WIN,2.8481,2026-04-17 23:25:23.528,,,global,2026-04-16 23:14:51.456851
360,signals_tab,ARB,SHORT,,0.12805000,0.12480000,,,0.13000000,2x,43,,f,24,2026-04-17 23:14:51.427,SL_HIT,-1.5228,2026-04-17 10:26:16.041,,,global,2026-04-16 23:14:51.453937
361,signals_tab,TRUMP,LONG,,3.05760000,3.13400000,,,3.01200000,2x,43,,f,24,2026-04-17 23:14:51.432,SL_HIT,-1.4914,2026-04-17 10:27:16.045,,,global,2026-04-16 23:14:51.452665
359,signals_tab,WIF,LONG,,0.21944000,0.22900000,,,0.21370000,3x,39,,f,24,2026-04-17 23:14:51.425,SL_HIT,-2.6157,2026-04-17 10:26:16.041,,,global,2026-04-16 23:14:51.452348
358,signals_tab,ONDO,SHORT,,0.26967000,0.26290000,,,0.27370000,2x,33,,f,24,2026-04-17 23:08:01.331,TP1_HIT,2.5105,2026-04-17 10:43:08.793,,,global,2026-04-16 23:08:01.348017
357,signals_tab,SEI,SHORT,,0.05857700,0.05710000,,,0.05950000,2x,43,,f,24,2026-04-17 23:08:01.33,SL_HIT,-1.5757,2026-04-17 19:18:56.705,,,global,2026-04-16 23:08:01.345025
356,signals_tab,TIA,LONG,,0.40157000,0.41930000,,,0.39100000,2x,36,,f,24,2026-04-17 23:08:01.329,TP1_HIT,4.4152,2026-04-17 00:59:31.298,,,global,2026-04-16 23:08:01.343852
355,signals_tab,AAVE,LONG,,115.03000000,117.91000000,,,113.30000000,2x,30,,f,24,2026-04-17 23:04:41.245,SL_HIT,-1.5040,2026-04-17 01:51:47.224,,,global,2026-04-16 23:04:41.250334
354,signals_tab,OP,LONG,,0.13160000,0.13490000,,,0.12960000,2x,28,,f,24,2026-04-17 23:04:41.245,SL_HIT,-1.5198,2026-04-17 10:40:08.804,,,global,2026-04-16 23:04:41.250272
353,signals_tab,JUP,SHORT,,0.17977000,0.04160000,,,0.26270000,2x,41,,f,24,2026-04-17 23:04:41.246,EXPIRED_LOSS,-2.8481,2026-04-17 23:25:23.528,,,global,2026-04-16 23:04:41.249839
352,signals_tab,HYPE,LONG,,43.67000000,44.76200000,,,43.01500000,2x,53,,f,24,2026-04-17 23:04:31.288,EXPIRED_WIN,1.7712,2026-04-17 23:25:23.528,,,global,2026-04-16 23:04:31.3365
351,signals_tab,TRUMP,LONG,,3.05260000,3.12900000,,,3.00700000,2x,40,,f,24,2026-04-17 23:04:31.288,SL_HIT,-1.4938,2026-04-17 10:29:16.033,,,global,2026-04-16 23:04:31.334819
350,signals_tab,HBAR,LONG,,0.09018900,0.09240000,,,0.08880000,2x,45,,f,24,2026-04-17 23:04:31.287,EXPIRED_WIN,0.3426,2026-04-17 23:25:23.528,,,global,2026-04-16 23:04:31.334479
349,signals_tab,PENDLE,LONG,,1.27480000,1.30700000,,,1.25600000,2x,28,,f,24,2026-04-17 23:04:31.286,TP1_HIT,2.5259,2026-04-17 10:26:16.041,,,global,2026-04-16 23:04:31.333988
348,signals_tab,TAO,SHORT,,247.27000000,241.09000000,,,250.98000000,2x,35,,f,24,2026-04-17 23:04:31.286,SL_HIT,-1.5004,2026-04-16 23:46:46.989,,,global,2026-04-16 23:04:31.331655
347,signals_tab,APT,LONG,,0.99560000,1.02050000,,,0.98070000,2x,40,,f,24,2026-04-17 23:04:31.284,SL_HIT,-1.4966,2026-04-17 01:06:31.286,,,global,2026-04-16 23:04:31.331308
346,signals_tab,SUI,SHORT,,1.00280000,0.97800000,,,1.01800000,2x,33,,f,24,2026-04-17 23:04:31.283,EXPIRED_WIN,0.4627,2026-04-17 23:25:23.528,,,global,2026-04-16 23:04:31.330467
345,signals_tab,NEAR,SHORT,,1.42920000,1.39300000,,,1.45100000,2x,47,,f,24,2026-04-17 23:04:31.283,TP1_HIT,2.5329,2026-04-17 10:40:08.804,,,global,2026-04-16 23:04:31.329796
344,signals_tab,UNI,SHORT,,3.40950000,3.32400000,,,3.46100000,2x,33,,f,24,2026-04-17 23:04:31.282,SL_HIT,-1.5105,2026-04-17 19:09:04.08,,,global,2026-04-16 23:04:31.329249
343,signals_tab,DOT,SHORT,,1.32300000,1.29000000,,,1.34300000,2x,33,,f,24,2026-04-17 23:04:31.282,SL_HIT,-1.5117,2026-04-16 23:36:46.986,,,global,2026-04-16 23:04:31.327888
342,signals_tab,ADA,LONG,,0.25859000,0.26510000,,,0.25470000,2x,28,,f,24,2026-04-17 23:04:31.281,SL_HIT,-1.5043,2026-04-17 10:46:08.795,,,global,2026-04-16 23:04:31.327245
341,signals_tab,BNB,LONG,,633.88000000,649.73000000,,,624.37000000,2x,30,,f,24,2026-04-17 23:04:31.281,EXPIRED_WIN,1.4411,2026-04-17 23:25:23.528,,,global,2026-04-16 23:04:31.325865
340,signals_tab,XRP,SHORT,,1.44930000,1.41300000,,,1.47100000,2x,38,,f,24,2026-04-17 23:04:31.28,SL_HIT,-1.4973,2026-04-17 19:09:04.08,,,global,2026-04-16 23:04:31.325431
339,signals_tab,ARB,SHORT,,0.12868000,0.12550000,,,0.13060000,2x,33,,f,24,2026-04-17 23:04:31.279,SL_HIT,-1.4921,2026-04-17 10:26:16.041,,,global,2026-04-16 23:04:31.324972
338,signals_tab,DOGE,LONG,,0.09894700,0.10140000,,,0.09750000,2x,42,,f,24,2026-04-17 23:04:31.277,EXPIRED_WIN,0.3608,2026-04-17 23:25:23.528,,,global,2026-04-16 23:04:31.322881
337,signals_tab,ETH,LONG,,2342.60000000,2401.16000000,,,2307.46000000,2x,53,,f,24,2026-04-17 23:04:31.276,TP1_HIT,2.4998,2026-04-17 19:09:04.08,,,global,2026-04-16 23:04:31.320513
336,signals_tab,SOL,SHORT,,88.88500000,86.66300000,,,90.21800000,2x,50,,f,24,2026-04-17 23:04:31.276,EXPIRED_WIN,0.2087,2026-04-17 23:25:23.528,,,global,2026-04-16 23:04:31.319663
335,signals_tab,WIF,LONG,,0.21962000,0.23030000,,,0.21320000,2x,43,,f,24,2026-04-17 23:04:31.277,SL_HIT,-2.9232,2026-04-17 10:27:16.045,,,global,2026-04-16 23:04:31.31896
334,signals_tab,LINK,SHORT,,9.51540000,9.27800000,,,9.65800000,2x,31,,f,24,2026-04-17 23:04:31.278,SL_HIT,-1.4986,2026-04-17 19:13:56.716,,,global,2026-04-16 23:04:31.318896
333,signals_tab,AVAX,SHORT,,9.70220000,9.46000000,,,9.84800000,2x,35,,f,24,2026-04-17 23:04:31.278,EXPIRED_LOSS,-0.0948,2026-04-17 23:25:23.528,,,global,2026-04-16 23:04:31.310796
332,signals_tab,BTC,SHORT,,74871.00000000,72999.23000000,,,75994.07000000,2x,46,,f,24,2026-04-17 23:04:31.275,SL_HIT,-1.5000,2026-04-17 19:09:04.08,,,global,2026-04-16 23:04:31.300646
331,signals_tab,HYPE,LONG,,43.60900000,44.69900000,,,42.95500000,2x,41,,f,24,2026-04-17 23:01:01.068,EXPIRED_WIN,1.9136,2026-04-17 23:25:23.528,,,global,2026-04-16 23:01:01.116635
330,signals_tab,TRUMP,SHORT,,3.04950000,2.97300000,,,3.09500000,2x,26,,f,24,2026-04-17 23:01:01.068,EXPIRED_WIN,0.0803,2026-04-17 23:25:23.528,,,global,2026-04-16 23:01:01.1163
329,signals_tab,HBAR,SHORT,,0.09004900,0.08780000,,,0.09140000,2x,28,,f,24,2026-04-17 23:01:01.068,EXPIRED_LOSS,-0.4986,2026-04-17 23:25:23.528,,,global,2026-04-16 23:01:01.115011
328,signals_tab,PENDLE,SHORT,,1.27240000,1.24100000,,,1.29100000,2x,34,,f,24,2026-04-17 23:01:01.067,SL_HIT,-1.4618,2026-04-17 00:38:02.112,,,global,2026-04-16 23:01:01.114617
327,signals_tab,TAO,LONG,,247.15000000,253.33000000,,,243.44000000,2x,30,,f,24,2026-04-17 23:01:01.067,TP1_HIT,2.5005,2026-04-17 00:29:11.914,,,global,2026-04-16 23:01:01.114305
326,signals_tab,JUP,SHORT,,0.17994000,0.03390000,,,0.26760000,2x,36,,f,24,2026-04-17 23:01:01.066,EXPIRED_LOSS,-2.7509,2026-04-17 23:25:23.528,,,global,2026-04-16 23:01:01.11155
325,signals_tab,OP,SHORT,,0.13144000,0.12820000,,,0.13340000,2x,28,,f,24,2026-04-17 23:01:01.065,SL_HIT,-1.4912,2026-04-17 00:59:31.298,,,global,2026-04-16 23:01:01.11125
324,signals_tab,APT,SHORT,,0.99380000,0.96900000,,,1.00870000,2x,28,,f,24,2026-04-17 23:01:01.065,EXPIRED_LOSS,-0.2918,2026-04-17 23:25:23.528,,,global,2026-04-16 23:01:01.109725
323,signals_tab,SUI,SHORT,,1.00300000,0.97800000,,,1.01800000,2x,33,,f,24,2026-04-17 23:01:01.064,EXPIRED_WIN,0.4826,2026-04-17 23:25:23.528,,,global,2026-04-16 23:01:01.109411
322,signals_tab,NEAR,SHORT,,1.43390000,1.39800000,,,1.45500000,2x,35,,f,24,2026-04-17 23:01:01.064,TP1_HIT,2.5037,2026-04-17 10:40:08.804,,,global,2026-04-16 23:01:01.109039
321,signals_tab,AAVE,LONG,,115.06000000,117.94000000,,,113.33000000,2x,30,,f,24,2026-04-17 23:01:01.064,SL_HIT,-1.5036,2026-04-17 01:50:47.223,,,global,2026-04-16 23:01:01.106712
320,signals_tab,UNI,SHORT,,3.41280000,3.32700000,,,3.46400000,2x,33,,f,24,2026-04-17 23:01:01.063,SL_HIT,-1.5002,2026-04-17 19:09:04.08,,,global,2026-04-16 23:01:01.106463
319,signals_tab,DOT,SHORT,,1.32370000,1.29100000,,,1.34400000,2x,33,,f,24,2026-04-17 23:01:01.063,EXPIRED_LOSS,-0.3400,2026-04-17 23:25:23.528,,,global,2026-04-16 23:01:01.105469
318,signals_tab,ADA,SHORT,,0.25817000,0.25170000,,,0.26200000,2x,33,,f,24,2026-04-17 23:01:01.062,SL_HIT,-1.4835,2026-04-17 19:17:56.706,,,global,2026-04-16 23:01:01.105106
317,signals_tab,BNB,SHORT,,633.21000000,617.38000000,,,642.71000000,2x,35,,f,24,2026-04-17 23:01:01.061,SL_HIT,-1.5003,2026-04-17 23:25:23.528,,,global,2026-04-16 23:01:01.104505
316,signals_tab,XRP,SHORT,,1.44990000,1.41400000,,,1.47200000,2x,35,,f,24,2026-04-17 23:01:01.061,SL_HIT,-1.5242,2026-04-17 19:09:04.08,,,global,2026-04-16 23:01:01.101507
314,signals_tab,ARB,SHORT,,0.12866000,0.12540000,,,0.13060000,2x,33,,f,24,2026-04-17 23:01:01.06,SL_HIT,-1.5079,2026-04-17 10:26:16.041,,,global,2026-04-16 23:01:01.098858
315,signals_tab,DOGE,SHORT,,0.09881100,0.09630000,,,0.10030000,2x,35,,f,24,2026-04-17 23:01:01.059,SL_HIT,-1.5069,2026-04-17 19:15:56.705,,,global,2026-04-16 23:01:01.098826
313,signals_tab,LINK,LONG,,9.51390000,9.75200000,,,9.37100000,2x,30,,f,24,2026-04-17 23:01:01.06,EXPIRED_WIN,0.9596,2026-04-17 23:25:23.528,,,global,2026-04-16 23:01:01.098355
312,signals_tab,WIF,LONG,,0.21911000,0.22910000,,,0.21310000,2x,29,,f,24,2026-04-17 23:01:01.058,SL_HIT,-2.7429,2026-04-17 10:29:16.033,,,global,2026-04-16 23:01:01.097289
311,signals_tab,AVAX,SHORT,,9.70760000,9.46500000,,,9.85300000,2x,35,,f,24,2026-04-17 23:01:01.059,EXPIRED_LOSS,-0.0391,2026-04-17 23:25:23.528,,,global,2026-04-16 23:01:01.096388
310,signals_tab,SOL,SHORT,,88.93800000,86.71500000,,,90.27200000,2x,38,,f,24,2026-04-17 23:01:01.058,EXPIRED_WIN,0.2682,2026-04-17 23:25:23.528,,,global,2026-04-16 23:01:01.093953
309,signals_tab,ETH,LONG,,2341.40000000,2399.93000000,,,2306.28000000,2x,41,,f,24,2026-04-17 23:01:01.057,TP1_HIT,2.4998,2026-04-17 19:09:04.08,,,global,2026-04-16 23:01:01.09135
308,signals_tab,BTC,SHORT,,74832.00000000,72961.20000000,,,75954.48000000,2x,41,,f,24,2026-04-17 23:01:01.057,SL_HIT,-1.5000,2026-04-17 19:09:04.08,,,global,2026-04-16 23:01:01.079191
307,signals_tab,HYPE,LONG,,43.55900000,44.64800000,,,42.90600000,2x,48,,f,24,2026-04-17 22:56:21.906,EXPIRED_WIN,2.0306,2026-04-17 23:25:23.528,,,global,2026-04-16 22:56:21.964453
306,signals_tab,TRUMP,LONG,,3.05200000,3.12800000,,,3.00600000,2x,33,,f,24,2026-04-17 22:56:21.905,SL_HIT,-1.5072,2026-04-17 10:29:16.033,,,global,2026-04-16 22:56:21.964107
305,signals_tab,HBAR,SHORT,,0.09008300,0.08780000,,,0.09140000,2x,31,,f,24,2026-04-17 22:56:21.905,EXPIRED_LOSS,-0.4607,2026-04-17 23:25:23.528,,,global,2026-04-16 22:56:21.962706
304,signals_tab,PENDLE,LONG,,1.27660000,1.30900000,,,1.25700000,2x,28,,f,24,2026-04-17 22:56:21.904,TP1_HIT,2.5380,2026-04-17 10:26:16.041,,,global,2026-04-16 22:56:21.962267
303,signals_tab,TAO,SHORT,,246.75000000,240.58000000,,,250.45000000,2x,35,,f,24,2026-04-17 22:56:21.904,SL_HIT,-1.4995,2026-04-16 23:45:46.99,,,global,2026-04-16 22:56:21.961306
302,signals_tab,JUP,LONG,,0.18024000,0.32620000,,,0.09260000,2x,48,,f,24,2026-04-17 22:56:21.903,EXPIRED_WIN,2.5799,2026-04-17 23:25:23.528,,,global,2026-04-16 22:56:21.960883
301,signals_tab,OP,LONG,,0.13234000,0.13560000,,,0.13040000,2x,28,,f,24,2026-04-17 22:56:21.902,SL_HIT,-1.4659,2026-04-17 10:29:16.033,,,global,2026-04-16 22:56:21.960333
300,signals_tab,APT,LONG,,1.00000000,1.02500000,,,0.98500000,2x,45,,f,24,2026-04-17 22:56:21.902,SL_HIT,-1.5000,2026-04-17 00:29:11.914,,,global,2026-04-16 22:56:21.958092
299,signals_tab,SUI,LONG,,1.01220000,1.03800000,,,0.99700000,2x,48,,f,24,2026-04-17 22:56:21.901,SL_HIT,-1.5017,2026-04-17 00:29:11.914,,,global,2026-04-16 22:56:21.957679
298,signals_tab,NEAR,LONG,,1.43630000,1.47200000,,,1.41500000,2x,30,,f,24,2026-04-17 22:56:21.901,SL_HIT,-1.4830,2026-04-17 02:14:16.701,,,global,2026-04-16 22:56:21.956232
297,signals_tab,AAVE,SHORT,,115.09000000,112.21000000,,,116.82000000,2x,35,,f,24,2026-04-17 22:56:21.9,SL_HIT,-1.5032,2026-04-17 19:09:04.08,,,global,2026-04-16 22:56:21.956099
296,signals_tab,UNI,SHORT,,3.41830000,3.33300000,,,3.47000000,2x,33,,f,24,2026-04-17 22:56:21.9,SL_HIT,-1.5124,2026-04-17 19:09:04.08,,,global,2026-04-16 22:56:21.955489
295,signals_tab,DOT,LONG,,1.32750000,1.36100000,,,1.30800000,2x,35,,f,24,2026-04-17 22:56:21.899,SL_HIT,-1.4689,2026-04-17 01:48:56.168,,,global,2026-04-16 22:56:21.953963
294,signals_tab,ADA,LONG,,0.25910000,0.26560000,,,0.25520000,2x,31,,f,24,2026-04-17 22:56:21.898,SL_HIT,-1.5052,2026-04-17 02:18:16.702,,,global,2026-04-16 22:56:21.95359
293,signals_tab,BNB,SHORT,,633.75000000,617.91000000,,,643.26000000,2x,38,,f,24,2026-04-17 22:56:21.898,EXPIRED_LOSS,-1.4619,2026-04-17 23:25:23.528,,,global,2026-04-16 22:56:21.951624
292,signals_tab,XRP,LONG,,1.45170000,1.48800000,,,1.43000000,2x,42,,f,24,2026-04-17 22:56:21.898,SL_HIT,-1.4948,2026-04-17 01:48:56.168,,,global,2026-04-16 22:56:21.951297
291,signals_tab,ARB,SHORT,,0.12966000,0.12640000,,,0.13160000,2x,33,,f,24,2026-04-17 22:56:21.897,TP1_HIT,2.5143,2026-04-17 01:53:47.212,,,global,2026-04-16 22:56:21.95098
290,signals_tab,SOL,SHORT,,89.02900000,86.80300000,,,90.36400000,2x,45,,f,24,2026-04-17 22:56:21.893,EXPIRED_WIN,0.3701,2026-04-17 23:25:23.528,,,global,2026-04-16 22:56:21.948836
289,signals_tab,DOGE,SHORT,,0.09901800,0.09650000,,,0.10050000,2x,35,,f,24,2026-04-17 22:56:21.894,SL_HIT,-1.4967,2026-04-17 19:18:56.705,,,global,2026-04-16 22:56:21.947832
288,signals_tab,WIF,SHORT,,0.21946000,0.20890000,,,0.22580000,2x,36,,f,24,2026-04-17 22:56:21.894,EXPIRED_WIN,2.1712,2026-04-17 23:25:23.528,,,global,2026-04-16 22:56:21.947635
287,signals_tab,ETH,SHORT,,2341.80000000,2283.26000000,,,2376.93000000,2x,48,,f,24,2026-04-17 22:56:21.893,SL_HIT,-1.5001,2026-04-17 19:09:04.08,,,global,2026-04-16 22:56:21.946155
286,signals_tab,LINK,SHORT,,9.50080000,9.26300000,,,9.64300000,2x,47,,f,24,2026-04-17 22:56:21.895,SL_HIT,-1.4967,2026-04-17 19:09:04.08,,,global,2026-04-16 22:56:21.944288
285,signals_tab,AVAX,SHORT,,9.73630000,9.49300000,,,9.88200000,2x,40,,f,24,2026-04-17 22:56:21.895,EXPIRED_WIN,0.2557,2026-04-17 23:25:23.528,,,global,2026-04-16 22:56:21.936521
284,signals_tab,BTC,LONG,,74839.00000000,76709.98000000,,,73716.41000000,2x,36,,f,24,2026-04-17 22:56:21.892,TP1_HIT,2.5000,2026-04-17 19:09:04.08,,,global,2026-04-16 22:56:21.919284
283,signals_tab,RENDER,SHORT,,1.85230000,1.80600000,,,1.88000000,2x,33,,f,24,2026-04-17 21:33:37.754,SL_HIT,-1.4954,2026-04-17 00:50:10.12,,,global,2026-04-16 21:33:37.780559
282,signals_tab,ONDO,SHORT,,0.26857000,0.26130000,,,0.27290000,2x,34,,f,24,2026-04-17 21:33:37.752,SL_HIT,-1.6122,2026-04-17 19:09:04.08,,,global,2026-04-16 21:33:37.778994
280,signals_tab,SEI,SHORT,,0.05829500,0.05670000,,,0.05930000,2x,41,,f,24,2026-04-17 21:33:37.752,SL_HIT,-1.7240,2026-04-17 19:15:56.705,,,global,2026-04-16 21:33:37.775503
279,signals_tab,TIA,SHORT,,0.38595000,0.24920000,,,0.46800000,3x,51,,f,24,2026-04-17 21:33:37.751,EXPIRED_LOSS,-10.0324,2026-04-17 21:33:39.049,,,global,2026-04-16 21:33:37.775096
281,signals_tab,PEPE,SHORT,,0.00000395,0.00000400,,,0.00000400,2x,43,,f,24,2026-04-17 21:33:37.75,TP1_HIT,-1.2658,2026-04-16 21:34:02.372,,,global,2026-04-16 21:33:37.77412
278,signals_tab,HBAR,SHORT,,0.09020100,0.08790000,,,0.09160000,2x,34,,f,24,2026-04-17 21:30:17.677,EXPIRED_LOSS,-0.5454,2026-04-17 21:32:39.047,,,global,2026-04-16 21:30:17.681033
277,signals_tab,APT,LONG,,0.98510000,1.01480000,,,0.96730000,2x,29,,f,24,2026-04-17 21:30:17.673,EXPIRED_WIN,2.1216,2026-04-17 21:32:39.047,,,global,2026-04-16 21:30:17.680751
276,signals_tab,WIF,LONG,,0.21880000,0.22790000,,,0.21330000,2x,29,,f,24,2026-04-17 21:30:17.672,SL_HIT,-2.5137,2026-04-17 10:26:16.041,,,global,2026-04-16 21:30:17.680364
275,signals_tab,HYPE,SHORT,,43.34300000,42.25900000,,,43.99300000,2x,41,,f,24,2026-04-17 21:30:07.621,SL_HIT,-1.4997,2026-04-17 00:30:11.885,,,global,2026-04-16 21:30:07.71995
274,signals_tab,TRUMP,LONG,,3.02130000,3.09700000,,,2.97600000,2x,24,,f,24,2026-04-17 21:30:07.62,EXPIRED_WIN,1.3024,2026-04-17 21:32:39.047,,,global,2026-04-16 21:30:07.719731
273,signals_tab,PENDLE,LONG,,1.26390000,1.29500000,,,1.24500000,2x,40,,f,24,2026-04-17 21:30:07.619,TP1_HIT,2.4606,2026-04-17 00:48:10.117,,,global,2026-04-16 21:30:07.719269
272,signals_tab,TAO,SHORT,,243.70000000,237.61000000,,,247.36000000,2x,40,,f,24,2026-04-17 21:30:07.619,SL_HIT,-1.5018,2026-04-16 23:05:25.948,,,global,2026-04-16 21:30:07.715688
271,signals_tab,JUP,LONG,,0.17843000,0.32180000,,,0.09240000,2x,36,,f,24,2026-04-17 21:30:07.618,EXPIRED_WIN,4.3126,2026-04-17 21:32:39.047,,,global,2026-04-16 21:30:07.715209
270,signals_tab,OP,LONG,,0.13005000,0.13330000,,,0.12810000,2x,33,,f,24,2026-04-17 21:30:07.616,TP1_HIT,2.4990,2026-04-17 00:53:10.116,,,global,2026-04-16 21:30:07.711507
269,signals_tab,SUI,LONG,,0.98664000,1.01130000,,,0.97180000,2x,28,,f,24,2026-04-17 21:30:07.616,TP1_HIT,2.4994,2026-04-16 22:56:21.126,,,global,2026-04-16 21:30:07.710379
268,signals_tab,NEAR,LONG,,1.42100000,1.45700000,,,1.40000000,2x,30,,f,24,2026-04-17 21:30:07.615,SL_HIT,-1.4778,2026-04-17 10:39:08.806,,,global,2026-04-16 21:30:07.70947
267,signals_tab,UNI,LONG,,3.40340000,3.48800000,,,3.35200000,2x,21,,f,24,2026-04-17 21:30:07.614,TP1_HIT,2.4857,2026-04-17 19:09:04.08,,,global,2026-04-16 21:30:07.708434
266,signals_tab,AAVE,SHORT,,113.98000000,111.13000000,,,115.69000000,2x,55,,f,24,2026-04-17 21:30:07.615,SL_HIT,-1.5003,2026-04-16 23:36:46.986,,,global,2026-04-16 21:30:07.707601
265,signals_tab,DOT,LONG,,1.32450000,1.35800000,,,1.30500000,2x,28,,f,24,2026-04-17 21:30:07.614,SL_HIT,-1.4723,2026-04-17 01:52:47.224,,,global,2026-04-16 21:30:07.70452
264,signals_tab,ADA,LONG,,0.25756000,0.26400000,,,0.25370000,2x,28,,f,24,2026-04-17 21:30:07.613,EXPIRED_WIN,1.1143,2026-04-17 21:32:39.047,,,global,2026-04-16 21:30:07.691158
261,signals_tab,BNB,LONG,,633.73000000,649.57000000,,,624.22000000,2x,26,,f,24,2026-04-17 21:30:07.613,EXPIRED_WIN,1.3910,2026-04-17 21:32:39.047,,,global,2026-04-16 21:30:07.688132
263,signals_tab,ARB,LONG,,0.12679000,0.13000000,,,0.12490000,2x,21,,f,24,2026-04-17 21:30:07.611,TP1_HIT,2.5317,2026-04-17 10:26:16.041,,,global,2026-04-16 21:30:07.686762
262,signals_tab,XRP,LONG,,1.44750000,1.48400000,,,1.42600000,2x,23,,f,24,2026-04-17 21:30:07.612,SL_HIT,-1.4853,2026-04-17 02:17:16.704,,,global,2026-04-16 21:30:07.686104
260,signals_tab,LINK,LONG,,9.48360000,9.72100000,,,9.34100000,2x,30,,f,24,2026-04-17 21:30:07.61,EXPIRED_WIN,1.6813,2026-04-17 21:32:39.047,,,global,2026-04-16 21:30:07.682593
259,signals_tab,AVAX,LONG,,9.67880000,9.92100000,,,9.53400000,2x,23,,f,24,2026-04-17 21:30:07.61,SL_HIT,-1.4961,2026-04-17 10:43:08.793,,,global,2026-04-16 21:30:07.666582
258,signals_tab,DOGE,LONG,,0.09852900,0.10100000,,,0.09710000,2x,23,,f,24,2026-04-17 21:30:07.609,EXPIRED_WIN,1.6909,2026-04-17 21:32:39.047,,,global,2026-04-16 21:30:07.660687
257,signals_tab,SOL,SHORT,,88.80800000,86.58800000,,,90.14000000,2x,36,,f,24,2026-04-17 21:30:07.608,EXPIRED_LOSS,-0.2156,2026-04-17 21:32:39.047,,,global,2026-04-16 21:30:07.659933
256,signals_tab,ETH,SHORT,,2338.70000000,2280.23000000,,,2373.78000000,2x,39,,f,24,2026-04-17 21:30:07.607,SL_HIT,-1.5000,2026-04-17 19:09:04.08,,,global,2026-04-16 21:30:07.657819
255,signals_tab,BTC,SHORT,,74872.00000000,73000.20000000,,,75995.08000000,2x,36,,f,24,2026-04-17 21:30:07.605,SL_HIT,-1.5000,2026-04-17 19:09:04.08,,,global,2026-04-16 21:30:07.63671
253,signals_tab,WIF,SHORT,,0.21856000,0.20880000,,,0.22440000,2x,41,,f,24,2026-04-17 21:25:43.123,EXPIRED_WIN,0.5079,2026-04-17 21:32:39.047,,,global,2026-04-16 21:25:43.128461
254,signals_tab,JUP,SHORT,,0.17828000,0.03850000,,,0.26220000,2x,36,,f,24,2026-04-17 21:25:43.125,EXPIRED_LOSS,-4.4004,2026-04-17 21:32:39.047,,,global,2026-04-16 21:25:43.128425
252,signals_tab,HYPE,SHORT,,43.44800000,42.36200000,,,44.10000000,2x,41,,f,24,2026-04-17 21:25:38.33,SL_HIT,-1.5006,2026-04-17 00:31:30.805,,,global,2026-04-16 21:25:38.405003
251,signals_tab,TRUMP,SHORT,,3.01410000,2.93900000,,,3.05900000,2x,33,,f,24,2026-04-17 21:25:38.329,SL_HIT,-1.4897,2026-04-16 23:06:25.945,,,global,2026-04-16 21:25:38.40471
250,signals_tab,HBAR,SHORT,,0.09019900,0.08790000,,,0.09160000,2x,33,,f,24,2026-04-17 21:25:38.329,EXPIRED_LOSS,-0.5477,2026-04-17 21:32:39.047,,,global,2026-04-16 21:25:38.402071
249,signals_tab,PENDLE,SHORT,,1.26070000,1.22900000,,,1.28000000,2x,33,,f,24,2026-04-17 21:25:38.328,SL_HIT,-1.5309,2026-04-16 23:24:29.074,,,global,2026-04-16 21:25:38.401776
248,signals_tab,TAO,SHORT,,244.06000000,237.96000000,,,247.72000000,2x,35,,f,24,2026-04-17 21:25:38.328,SL_HIT,-1.4996,2026-04-16 23:05:25.948,,,global,2026-04-16 21:25:38.401395
247,signals_tab,OP,SHORT,,0.12972000,0.12650000,,,0.13170000,2x,36,,f,24,2026-04-17 21:25:38.326,SL_HIT,-1.5264,2026-04-16 22:54:21.134,,,global,2026-04-16 21:25:38.400933
246,signals_tab,APT,SHORT,,0.98430000,0.95300000,,,1.00310000,2x,36,,f,24,2026-04-17 21:25:38.326,SL_HIT,-1.9100,2026-04-17 00:01:21.599,,,global,2026-04-16 21:25:38.400623
245,signals_tab,SUI,SHORT,,0.98686000,0.96220000,,,1.00170000,2x,33,,f,24,2026-04-17 21:25:38.325,SL_HIT,-1.5038,2026-04-16 22:54:21.134,,,global,2026-04-16 21:25:38.390099
244,signals_tab,NEAR,SHORT,,1.41950000,1.38400000,,,1.44100000,2x,28,,f,24,2026-04-17 21:25:38.325,SL_HIT,-1.5146,2026-04-16 23:37:46.985,,,global,2026-04-16 21:25:38.389774
243,signals_tab,AAVE,SHORT,,114.02000000,111.17000000,,,115.73000000,2x,28,,f,24,2026-04-17 21:25:38.324,SL_HIT,-1.4997,2026-04-16 23:36:46.986,,,global,2026-04-16 21:25:38.389446
242,signals_tab,UNI,SHORT,,3.40000000,3.31500000,,,3.45100000,2x,33,,f,24,2026-04-17 21:25:38.324,SL_HIT,-1.5000,2026-04-17 19:09:04.08,,,global,2026-04-16 21:25:38.389084
241,signals_tab,DOT,SHORT,,1.32080000,1.28800000,,,1.34100000,2x,33,,f,24,2026-04-17 21:25:38.323,SL_HIT,-1.5294,2026-04-16 23:36:46.986,,,global,2026-04-16 21:25:38.388766
240,signals_tab,ADA,SHORT,,0.25715000,0.25070000,,,0.26100000,2x,33,,f,24,2026-04-17 21:25:38.322,SL_HIT,-1.4972,2026-04-17 19:13:56.716,,,global,2026-04-16 21:25:38.384946
239,signals_tab,BNB,SHORT,,633.45000000,617.61000000,,,642.95000000,2x,28,,f,24,2026-04-17 21:25:38.322,EXPIRED_LOSS,-1.4358,2026-04-17 21:32:39.047,,,global,2026-04-16 21:25:38.38442
237,signals_tab,XRP,SHORT,,1.44680000,1.41100000,,,1.46900000,2x,35,,f,24,2026-04-17 21:25:38.321,SL_HIT,-1.5344,2026-04-17 19:09:04.08,,,global,2026-04-16 21:25:38.384059
238,signals_tab,ARB,SHORT,,0.12712000,0.12390000,,,0.12900000,2x,33,,f,24,2026-04-17 21:25:38.32,SL_HIT,-1.4789,2026-04-16 22:54:21.134,,,global,2026-04-16 21:25:38.383958
236,signals_tab,LINK,SHORT,,9.47510000,9.23800000,,,9.61700000,2x,28,,f,24,2026-04-17 21:25:38.319,SL_HIT,-1.4976,2026-04-17 19:09:04.08,,,global,2026-04-16 21:25:38.38325
235,signals_tab,SOL,SHORT,,88.88500000,86.66300000,,,90.21800000,2x,33,,f,24,2026-04-17 21:25:38.317,EXPIRED_LOSS,-0.1288,2026-04-17 21:32:39.047,,,global,2026-04-16 21:25:38.359291
234,signals_tab,AVAX,SHORT,,9.66010000,9.41900000,,,9.80500000,2x,35,,f,24,2026-04-17 21:25:38.319,SL_HIT,-1.5000,2026-04-17 19:17:56.706,,,global,2026-04-16 21:25:38.358399
233,signals_tab,ETH,SHORT,,2338.40000000,2279.94000000,,,2373.48000000,2x,29,,f,24,2026-04-17 21:25:38.315,SL_HIT,-1.5002,2026-04-17 19:09:04.08,,,global,2026-04-16 21:25:38.356324
232,signals_tab,DOGE,SHORT,,0.09839000,0.09590000,,,0.09990000,2x,28,,f,24,2026-04-17 21:25:38.318,SL_HIT,-1.5347,2026-04-17 19:09:04.08,,,global,2026-04-16 21:25:38.354291
231,signals_tab,BTC,SHORT,,74869.00000000,72997.27000000,,,75992.04000000,2x,29,,f,24,2026-04-17 21:25:38.314,SL_HIT,-1.5000,2026-04-17 19:09:04.08,,,global,2026-04-16 21:25:38.339539
230,signals_tab,FET,SHORT,,0.23760000,0.23170000,,,0.24120000,2x,33,,f,24,2026-04-17 21:21:56.341,TP1_HIT,2.4832,2026-04-17 10:26:16.041,,,global,2026-04-16 21:21:56.354228
229,signals_tab,OP,SHORT,,0.13015000,0.12690000,,,0.13210000,2x,28,,f,24,2026-04-17 21:21:56.339,SL_HIT,-1.4983,2026-04-16 22:54:21.134,,,global,2026-04-16 21:21:56.351763
228,signals_tab,HYPE,SHORT,,43.55200000,42.46300000,,,44.20500000,2x,53,,f,24,2026-04-17 21:21:46.173,SL_HIT,-1.4994,2026-04-17 00:36:02.115,,,global,2026-04-16 21:21:46.223479
227,signals_tab,TRUMP,SHORT,,3.01410000,2.93900000,,,3.05900000,2x,29,,f,24,2026-04-17 21:21:46.172,SL_HIT,-1.4897,2026-04-16 23:06:25.945,,,global,2026-04-16 21:21:46.223153
226,signals_tab,HBAR,SHORT,,0.09041000,0.08810000,,,0.09180000,2x,45,,f,24,2026-04-17 21:21:46.171,EXPIRED_LOSS,-0.3130,2026-04-17 21:32:39.047,,,global,2026-04-16 21:21:46.222803
225,signals_tab,PENDLE,SHORT,,1.26280000,1.23100000,,,1.28200000,2x,26,,f,24,2026-04-17 21:21:46.171,SL_HIT,-1.5204,2026-04-17 00:33:30.815,,,global,2026-04-16 21:21:46.22149
224,signals_tab,TAO,SHORT,,244.33000000,238.22000000,,,247.99000000,2x,28,,f,24,2026-04-17 21:21:46.17,SL_HIT,-1.4980,2026-04-16 23:13:25.949,,,global,2026-04-16 21:21:46.221135
223,signals_tab,JUP,SHORT,,0.17869000,0.03350000,,,0.26580000,2x,48,,f,24,2026-04-17 21:21:46.169,EXPIRED_LOSS,-4.1608,2026-04-17 21:32:39.047,,,global,2026-04-16 21:21:46.218923
222,signals_tab,TIA,SHORT,,0.39185000,0.36410000,,,0.40850000,2x,39,,f,24,2026-04-17 21:21:46.169,SL_HIT,-4.2491,2026-04-16 23:36:46.986,,,global,2026-04-16 21:21:46.218653
221,signals_tab,APT,SHORT,,0.98560000,0.96040000,,,1.00070000,2x,48,,f,24,2026-04-17 21:21:46.168,SL_HIT,-1.5321,2026-04-16 23:30:24.671,,,global,2026-04-16 21:21:46.218368
220,signals_tab,SUI,SHORT,,0.98840000,0.96370000,,,1.00320000,2x,50,,f,24,2026-04-17 21:21:46.167,SL_HIT,-1.4974,2026-04-16 22:54:21.134,,,global,2026-04-16 21:21:46.216399
219,signals_tab,NEAR,SHORT,,1.42050000,1.38500000,,,1.44200000,2x,47,,f,24,2026-04-17 21:21:46.167,TP1_HIT,2.4991,2026-04-17 10:40:08.804,,,global,2026-04-16 21:21:46.21604
218,signals_tab,AAVE,SHORT,,113.81000000,110.96000000,,,115.52000000,2x,43,,f,24,2026-04-17 21:21:46.166,SL_HIT,-1.5025,2026-04-16 23:21:29.076,,,global,2026-04-16 21:21:46.214479
217,signals_tab,UNI,SHORT,,3.39930000,3.31400000,,,3.45000000,2x,58,,f,24,2026-04-17 21:21:46.166,SL_HIT,-1.4915,2026-04-17 19:09:04.08,,,global,2026-04-16 21:21:46.214193
216,signals_tab,DOT,SHORT,,1.32510000,1.29200000,,,1.34500000,2x,46,,f,24,2026-04-17 21:21:46.164,EXPIRED_LOSS,-0.4339,2026-04-17 21:32:39.047,,,global,2026-04-16 21:21:46.213794
215,signals_tab,ADA,SHORT,,0.25743000,0.25100000,,,0.26130000,2x,45,,f,24,2026-04-17 21:21:46.164,SL_HIT,-1.5033,2026-04-17 19:14:56.706,,,global,2026-04-16 21:21:46.212574
214,signals_tab,BNB,SHORT,,632.98000000,617.16000000,,,642.47000000,2x,60,,f,24,2026-04-17 21:21:46.163,SL_HIT,-1.4993,2026-04-17 21:32:39.047,,,global,2026-04-16 21:21:46.211975
213,signals_tab,XRP,SHORT,,1.44750000,1.41100000,,,1.46900000,2x,47,,f,24,2026-04-17 21:21:46.163,SL_HIT,-1.4853,2026-04-17 19:09:04.08,,,global,2026-04-16 21:21:46.210837
212,signals_tab,PEPE,SHORT,,0.00000395,0.00000400,,,0.00000400,2x,45,,f,24,2026-04-17 21:21:46.162,TP1_HIT,-1.2658,2026-04-16 21:22:37.877,,,global,2026-04-16 21:21:46.210449
211,signals_tab,ARB,SHORT,,0.12726000,0.12410000,,,0.12920000,2x,33,,f,24,2026-04-17 21:21:46.162,SL_HIT,-1.5244,2026-04-16 22:54:21.134,,,global,2026-04-16 21:21:46.210123
210,signals_tab,LINK,SHORT,,9.47550000,9.23900000,,,9.61800000,2x,42,,f,24,2026-04-17 21:21:46.161,SL_HIT,-1.5039,2026-04-17 19:09:04.08,,,global,2026-04-16 21:21:46.207238
209,signals_tab,DOGE,SHORT,,0.09838200,0.09590000,,,0.09990000,2x,47,,f,24,2026-04-17 21:21:46.16,SL_HIT,-1.5430,2026-04-17 19:09:04.08,,,global,2026-04-16 21:21:46.206938
208,signals_tab,WIF,SHORT,,0.21912000,0.20550000,,,0.22730000,2x,39,,f,24,2026-04-17 21:21:46.16,EXPIRED_WIN,0.7621,2026-04-17 21:32:39.047,,,global,2026-04-16 21:21:46.206114
207,signals_tab,SOL,SHORT,,89.05000000,86.82400000,,,90.38600000,2x,38,,f,24,2026-04-17 21:21:46.158,EXPIRED_WIN,0.0567,2026-04-17 21:32:39.047,,,global,2026-04-16 21:21:46.201168
206,signals_tab,ETH,SHORT,,2338.40000000,2279.94000000,,,2373.48000000,2x,39,,f,24,2026-04-17 21:21:46.157,SL_HIT,-1.5002,2026-04-17 19:09:04.08,,,global,2026-04-16 21:21:46.201151
205,signals_tab,AVAX,SHORT,,9.66610000,9.42400000,,,9.81100000,2x,52,,f,24,2026-04-17 21:21:46.161,SL_HIT,-1.4991,2026-04-17 19:17:56.706,,,global,2026-04-16 21:21:46.199145
204,signals_tab,BTC,SHORT,,74800.00000000,72930.00000000,,,75922.00000000,2x,32,,f,24,2026-04-17 21:21:46.156,SL_HIT,-1.5000,2026-04-17 19:09:04.08,,,global,2026-04-16 21:21:46.186254
203,signals_tab,AAVE,SHORT,,115.41000000,112.52000000,,,117.14000000,2x,65,,f,24,2026-04-17 21:15:28.949,SL_HIT,-1.4990,2026-04-17 19:13:56.716,,,global,2026-04-16 21:15:28.965391
202,signals_tab,APT,LONG,,0.99130000,1.01610000,,,0.97640000,2x,41,,f,24,2026-04-17 21:12:38.95,SL_HIT,-1.5031,2026-04-17 02:16:16.702,,,global,2026-04-16 21:12:38.964976
201,signals_tab,TIA,SHORT,,0.39510000,0.33200000,,,0.43300000,3x,34,,f,24,2026-04-17 21:11:38.64,EXPIRED_LOSS,-7.6689,2026-04-17 21:32:39.047,,,global,2026-04-16 21:11:38.654816
200,signals_tab,ARB,SHORT,,0.12851000,0.12480000,,,0.13080000,2x,51,,f,24,2026-04-17 21:08:38.7,SL_HIT,-1.7820,2026-04-17 10:26:16.041,,,global,2026-04-16 21:08:38.7269
199,signals_tab,JUP,LONG,,0.18016000,0.30220000,,,0.10690000,3x,46,,f,24,2026-04-17 21:08:38.703,EXPIRED_WIN,3.3109,2026-04-17 21:32:39.047,,,global,2026-04-16 21:08:38.725001
198,signals_tab,WIF,LONG,,0.22307000,0.23650000,,,0.21500000,3x,46,,f,24,2026-04-17 21:08:38.699,SL_HIT,-3.6177,2026-04-17 10:26:16.041,,,global,2026-04-16 21:08:38.719835
197,signals_tab,SEI,SHORT,,0.05866800,0.05720000,,,0.05950000,2x,43,,f,24,2026-04-17 21:03:08.578,SL_HIT,-1.4181,2026-04-17 19:18:56.705,,,global,2026-04-16 21:03:08.605602
196,signals_tab,RENDER,SHORT,,1.85670000,1.81000000,,,1.88500000,2x,43,,f,24,2026-04-17 21:03:08.579,SL_HIT,-1.5242,2026-04-17 01:01:31.297,,,global,2026-04-16 21:03:08.602919
195,signals_tab,TIA,LONG,,0.39367000,0.46220000,,,0.35250000,2x,38,,f,24,2026-04-17 21:01:13.529,EXPIRED_WIN,8.0601,2026-04-17 21:32:39.047,,,global,2026-04-16 21:01:13.532884
194,signals_tab,HYPE,LONG,,43.64800000,44.73900000,,,42.99300000,2x,48,,f,24,2026-04-17 20:58:13.491,EXPIRED_WIN,1.9669,2026-04-17 21:32:39.047,,,global,2026-04-16 20:58:13.571896
193,signals_tab,TRUMP,LONG,,3.05600000,3.13200000,,,3.01000000,2x,35,,f,24,2026-04-17 20:58:13.49,SL_HIT,-1.5052,2026-04-17 10:28:16.047,,,global,2026-04-16 20:58:13.571577
192,signals_tab,HBAR,LONG,,0.09063500,0.09290000,,,0.08930000,2x,28,,f,24,2026-04-17 20:58:13.49,EXPIRED_WIN,0.0640,2026-04-17 21:32:39.047,,,global,2026-04-16 20:58:13.571232
191,signals_tab,PENDLE,LONG,,1.28320000,1.31500000,,,1.26400000,2x,21,,f,24,2026-04-17 20:58:13.489,SL_HIT,-1.4963,2026-04-16 21:24:33.011,,,global,2026-04-16 20:58:13.570784
190,signals_tab,TAO,SHORT,,244.19000000,238.09000000,,,247.85000000,2x,28,,f,24,2026-04-17 20:58:13.489,SL_HIT,-1.4988,2026-04-16 23:05:25.948,,,global,2026-04-16 20:58:13.566488
189,signals_tab,JUP,LONG,,0.18021000,0.33040000,,,0.09010000,2x,48,,f,24,2026-04-17 20:58:13.488,EXPIRED_WIN,3.2823,2026-04-17 21:32:39.047,,,global,2026-04-16 20:58:13.566176
188,signals_tab,OP,SHORT,,0.13097000,0.12770000,,,0.13290000,2x,35,,f,24,2026-04-17 20:58:13.487,SL_HIT,-1.4736,2026-04-17 00:51:10.116,,,global,2026-04-16 20:58:13.565819
187,signals_tab,APT,LONG,,0.98260000,1.00720000,,,0.96790000,2x,45,,f,24,2026-04-17 20:58:13.486,TP1_HIT,2.5036,2026-04-17 19:19:56.705,,,global,2026-04-16 20:58:13.565536
186,signals_tab,SUI,LONG,,0.99140000,1.01620000,,,0.97650000,2x,40,,f,24,2026-04-17 20:58:13.486,TP1_HIT,2.5015,2026-04-17 19:17:56.706,,,global,2026-04-16 20:58:13.565184
185,signals_tab,NEAR,LONG,,1.42690000,1.46300000,,,1.40500000,2x,37,,f,24,2026-04-17 20:58:13.485,SL_HIT,-1.5348,2026-04-17 10:39:08.806,,,global,2026-04-16 20:58:13.553042
184,signals_tab,AAVE,LONG,,116.55000000,119.46000000,,,114.80000000,2x,43,,f,24,2026-04-17 20:58:13.484,SL_HIT,-1.5015,2026-04-16 21:20:41.015,,,global,2026-04-16 20:58:13.552668
183,signals_tab,UNI,LONG,,3.42820000,3.51400000,,,3.37700000,2x,31,,f,24,2026-04-17 20:58:13.484,SL_HIT,-1.4935,2026-04-17 02:17:16.704,,,global,2026-04-16 20:58:13.552348
182,signals_tab,DOT,SHORT,,1.32580000,1.29300000,,,1.34600000,2x,53,,f,24,2026-04-17 20:58:13.483,EXPIRED_LOSS,-0.3809,2026-04-17 21:32:39.047,,,global,2026-04-16 20:58:13.551974
181,signals_tab,ADA,LONG,,0.25775000,0.26420000,,,0.25390000,2x,31,,f,24,2026-04-17 20:58:13.483,EXPIRED_WIN,1.0398,2026-04-17 21:32:39.047,,,global,2026-04-16 20:58:13.551638
180,signals_tab,BNB,LONG,,634.95000000,650.82000000,,,625.43000000,2x,37,,f,24,2026-04-17 20:58:13.482,EXPIRED_WIN,1.1962,2026-04-17 21:32:39.047,,,global,2026-04-16 20:58:13.547286
179,signals_tab,XRP,LONG,,1.45120000,1.48700000,,,1.42900000,2x,37,,f,24,2026-04-17 20:58:13.481,SL_HIT,-1.5298,2026-04-17 01:49:47.226,,,global,2026-04-16 20:58:13.546921
178,signals_tab,ARB,LONG,,0.12972000,0.13310000,,,0.12770000,2x,35,,f,24,2026-04-17 20:58:13.481,SL_HIT,-1.5572,2026-04-16 21:21:41.015,,,global,2026-04-16 20:58:13.546574
177,signals_tab,LINK,LONG,,9.53600000,9.77400000,,,9.39300000,2x,30,,f,24,2026-04-17 20:58:13.48,EXPIRED_WIN,1.1226,2026-04-17 21:32:39.047,,,global,2026-04-16 20:58:13.546185
176,signals_tab,AVAX,LONG,,9.69380000,9.93600000,,,9.54800000,2x,33,,f,24,2026-04-17 20:58:13.48,SL_HIT,-1.5041,2026-04-17 10:31:28.224,,,global,2026-04-16 20:58:13.545781
175,signals_tab,DOGE,LONG,,0.09854900,0.10100000,,,0.09710000,2x,55,,f,24,2026-04-17 20:58:13.478,EXPIRED_WIN,1.6702,2026-04-17 21:32:39.047,,,global,2026-04-16 20:58:13.523422
174,signals_tab,WIF,LONG,,0.22300000,0.23890000,,,0.21350000,2x,43,,f,24,2026-04-17 20:58:13.477,SL_HIT,-4.2601,2026-04-17 10:26:16.041,,,global,2026-04-16 20:58:13.523284
173,signals_tab,SOL,LONG,,89.60000000,91.84000000,,,88.25600000,2x,46,,f,24,2026-04-17 20:58:13.476,SL_HIT,-1.5000,2026-04-17 01:46:56.169,,,global,2026-04-16 20:58:13.519619
172,signals_tab,ETH,LONG,,2349.30000000,2408.03000000,,,2314.06000000,2x,44,,f,24,2026-04-17 20:58:13.475,TP1_HIT,2.4999,2026-04-17 19:09:04.08,,,global,2026-04-16 20:58:13.519042
171,signals_tab,BTC,LONG,,75208.00000000,77088.20000000,,,74079.88000000,2x,43,,f,24,2026-04-17 20:58:13.474,TP1_HIT,2.5000,2026-04-17 19:11:56.715,,,global,2026-04-16 20:58:13.504743
170,signals_tab,HYPE,LONG,,43.59300000,44.68300000,,,42.93900000,2x,36,,f,24,2026-04-17 20:53:45.833,EXPIRED_WIN,2.0955,2026-04-17 21:32:39.047,,,global,2026-04-16 20:53:45.897511
169,signals_tab,TRUMP,SHORT,,3.05460000,2.97800000,,,3.10000000,2x,33,,f,24,2026-04-17 20:53:45.833,EXPIRED_LOSS,-0.1981,2026-04-17 21:32:39.047,,,global,2026-04-16 20:53:45.897157
168,signals_tab,HBAR,LONG,,0.09063700,0.09290000,,,0.08930000,2x,33,,f,24,2026-04-17 20:53:45.832,EXPIRED_WIN,0.0618,2026-04-17 21:32:39.047,,,global,2026-04-16 20:53:45.89677
167,signals_tab,PENDLE,SHORT,,1.28080000,1.24900000,,,1.30000000,2x,29,,f,24,2026-04-17 20:53:45.832,SL_HIT,-1.4991,2026-04-17 10:26:16.041,,,global,2026-04-16 20:53:45.896443
166,signals_tab,TAO,SHORT,,244.09000000,237.99000000,,,247.75000000,2x,28,,f,24,2026-04-17 20:53:45.832,SL_HIT,-1.4994,2026-04-16 23:05:25.948,,,global,2026-04-16 20:53:45.893592
165,signals_tab,JUP,SHORT,,0.17983000,0.03000000,,,0.26970000,2x,53,,f,24,2026-04-17 20:53:45.831,EXPIRED_LOSS,-3.5005,2026-04-17 21:32:39.047,,,global,2026-04-16 20:53:45.89194
164,signals_tab,OP,SHORT,,0.13120000,0.12790000,,,0.13320000,2x,28,,f,24,2026-04-17 20:53:45.83,SL_HIT,-1.5244,2026-04-17 00:53:10.116,,,global,2026-04-16 20:53:45.891697
163,signals_tab,APT,LONG,,0.98080000,1.00530000,,,0.96610000,2x,40,,f,24,2026-04-17 20:53:45.829,TP1_HIT,2.4980,2026-04-17 19:17:56.706,,,global,2026-04-16 20:53:45.891331
162,signals_tab,SUI,LONG,,0.98930000,1.01400000,,,0.97450000,2x,28,,f,24,2026-04-17 20:53:45.828,TP1_HIT,2.4967,2026-04-17 19:15:56.705,,,global,2026-04-16 20:53:45.890903
161,signals_tab,NEAR,LONG,,1.42460000,1.46000000,,,1.40300000,2x,37,,f,24,2026-04-17 20:53:45.828,SL_HIT,-1.5162,2026-04-17 10:39:08.806,,,global,2026-04-16 20:53:45.887445
160,signals_tab,AAVE,LONG,,116.84000000,119.76000000,,,115.09000000,2x,30,,f,24,2026-04-17 20:53:45.827,SL_HIT,-1.4978,2026-04-16 21:20:41.015,,,global,2026-04-16 20:53:45.875802
159,signals_tab,UNI,SHORT,,3.42600000,3.34000000,,,3.47700000,2x,33,,f,24,2026-04-17 20:53:45.827,SL_HIT,-1.4886,2026-04-17 19:09:04.08,,,global,2026-04-16 20:53:45.875566
158,signals_tab,DOT,SHORT,,1.32800000,1.29500000,,,1.34800000,2x,33,,f,24,2026-04-17 20:53:45.826,EXPIRED_LOSS,-0.2146,2026-04-17 21:32:39.047,,,global,2026-04-16 20:53:45.875307
157,signals_tab,ADA,LONG,,0.25724000,0.26370000,,,0.25340000,2x,35,,f,24,2026-04-17 20:53:45.826,EXPIRED_WIN,1.2401,2026-04-17 21:32:39.047,,,global,2026-04-16 20:53:45.874844
156,signals_tab,BNB,SHORT,,634.77000000,618.90000000,,,644.29000000,2x,38,,f,24,2026-04-17 20:53:45.825,EXPIRED_LOSS,-1.2249,2026-04-17 21:32:39.047,,,global,2026-04-16 20:53:45.872389
155,signals_tab,DOGE,SHORT,,0.09833900,0.09590000,,,0.09980000,2x,47,,f,24,2026-04-17 20:53:45.822,SL_HIT,-1.4857,2026-04-16 23:43:46.984,,,global,2026-04-16 20:53:45.870945
154,signals_tab,XRP,SHORT,,1.44990000,1.41400000,,,1.47200000,2x,38,,f,24,2026-04-17 20:53:45.825,SL_HIT,-1.5242,2026-04-17 19:09:04.08,,,global,2026-04-16 20:53:45.870327
153,signals_tab,ARB,SHORT,,0.12973000,0.12620000,,,0.13180000,2x,41,,f,24,2026-04-17 20:53:45.824,TP1_HIT,2.7210,2026-04-17 01:53:47.212,,,global,2026-04-16 20:53:45.869969
152,signals_tab,LINK,SHORT,,9.52080000,9.28300000,,,9.66400000,2x,35,,f,24,2026-04-17 20:53:45.824,SL_HIT,-1.5041,2026-04-17 19:14:56.706,,,global,2026-04-16 20:53:45.869323
151,signals_tab,AVAX,SHORT,,9.68800000,9.44600000,,,9.83300000,2x,42,,f,24,2026-04-17 20:53:45.823,EXPIRED_LOSS,-1.2232,2026-04-17 21:32:39.047,,,global,2026-04-16 20:53:45.867182
150,signals_tab,ETH,SHORT,,2347.00000000,2288.32000000,,,2382.20000000,2x,32,,f,24,2026-04-17 20:53:45.82,SL_HIT,-1.4998,2026-04-17 19:09:04.08,,,global,2026-04-16 20:53:45.863914
149,signals_tab,SOL,SHORT,,89.52700000,87.28900000,,,90.87000000,2x,29,,f,24,2026-04-17 20:53:45.821,EXPIRED_WIN,0.5892,2026-04-17 21:32:39.047,,,global,2026-04-16 20:53:45.860967
148,signals_tab,WIF,SHORT,,0.22252000,0.20660000,,,0.23210000,2x,41,,f,24,2026-04-17 20:53:45.821,EXPIRED_WIN,2.2784,2026-04-17 21:32:39.047,,,global,2026-04-16 20:53:45.860286
147,signals_tab,BTC,SHORT,,75160.00000000,73281.00000000,,,76287.40000000,2x,46,,f,24,2026-04-17 20:53:45.819,SL_HIT,-1.5000,2026-04-17 19:09:04.08,,,global,2026-04-16 20:53:45.846938
116,signals_tab,ARB,SHORT,,0.13027000,0.12700000,,,0.13220000,2x,43,,f,24,2026-04-17 20:45:55.394,TP1_HIT,2.5102,2026-04-16 21:28:02.373,,,global,2026-04-16 20:45:55.410004
115,signals_tab,JUP,LONG,,0.17887000,0.29950000,,,0.10650000,3x,39,,f,24,2026-04-17 20:45:25.365,EXPIRED_WIN,4.0560,2026-04-17 21:32:39.047,,,global,2026-04-16 20:45:25.380302
114,signals_tab,WIF,LONG,,0.22233000,0.23440000,,,0.21510000,3x,46,,f,24,2026-04-17 20:45:25.36,SL_HIT,-3.2519,2026-04-17 10:26:16.041,,,global,2026-04-16 20:45:25.379957
113,signals_tab,ONDO,SHORT,,0.27011000,0.26340000,,,0.27420000,2x,36,,f,24,2026-04-17 20:38:55.417,TP1_HIT,2.4842,2026-04-17 10:32:28.226,,,global,2026-04-16 20:38:55.438233
112,signals_tab,TIA,SHORT,,0.39227000,0.33120000,,,0.42890000,3x,44,,f,24,2026-04-17 20:38:55.416,EXPIRED_LOSS,-8.4457,2026-04-17 21:32:39.047,,,global,2026-04-16 20:38:55.432142
111,signals_tab,SEI,SHORT,,0.05865100,0.05720000,,,0.05950000,2x,36,,f,24,2026-04-17 20:38:55.416,SL_HIT,-1.4475,2026-04-17 19:18:56.705,,,global,2026-04-16 20:38:55.431005
110,signals_tab,AAVE,SHORT,,116.00000000,113.10000000,,,117.74000000,2x,35,,f,24,2026-04-17 20:35:10.38,TP1_HIT,2.5000,2026-04-17 02:17:16.704,,,global,2026-04-16 20:35:10.382802
109,signals_tab,HYPE,SHORT,,43.55700000,42.46800000,,,44.21000000,2x,34,,f,24,2026-04-17 20:35:05.187,SL_HIT,-1.4992,2026-04-17 00:37:02.112,,,global,2026-04-16 20:35:05.239517
108,signals_tab,TRUMP,SHORT,,3.06210000,2.98600000,,,3.10800000,2x,40,,f,24,2026-04-17 20:35:05.186,TP1_HIT,2.4852,2026-04-17 10:43:08.793,,,global,2026-04-16 20:35:05.239202
107,signals_tab,HBAR,SHORT,,0.09063300,0.08840000,,,0.09200000,2x,40,,f,24,2026-04-17 20:35:05.186,EXPIRED_LOSS,-0.0662,2026-04-17 21:32:39.047,,,global,2026-04-16 20:35:05.236953
106,signals_tab,PENDLE,SHORT,,1.27900000,1.24700000,,,1.29800000,2x,33,,f,24,2026-04-17 20:35:05.185,SL_HIT,-1.4855,2026-04-17 00:49:10.116,,,global,2026-04-16 20:35:05.236653
105,signals_tab,TAO,SHORT,,243.43000000,237.34000000,,,247.08000000,2x,28,,f,24,2026-04-17 20:35:05.185,SL_HIT,-1.4994,2026-04-16 23:00:55.635,,,global,2026-04-16 20:35:05.23426
104,signals_tab,JUP,SHORT,,0.17877000,0.03460000,,,0.26530000,2x,48,,f,24,2026-04-17 20:35:05.184,EXPIRED_LOSS,-4.1142,2026-04-17 21:32:39.047,,,global,2026-04-16 20:35:05.23382
103,signals_tab,OP,SHORT,,0.13154000,0.12830000,,,0.13350000,2x,40,,f,24,2026-04-17 20:35:05.183,SL_HIT,-1.4900,2026-04-17 00:59:31.298,,,global,2026-04-16 20:35:05.233535
102,signals_tab,APT,SHORT,,0.98210000,0.95750000,,,0.99680000,2x,35,,f,24,2026-04-17 20:35:05.183,SL_HIT,-1.4968,2026-04-16 22:54:21.134,,,global,2026-04-16 20:35:05.231984
101,signals_tab,SUI,SHORT,,0.98800000,0.96330000,,,1.00280000,2x,45,,f,24,2026-04-17 20:35:05.182,SL_HIT,-1.4980,2026-04-16 22:54:21.134,,,global,2026-04-16 20:35:05.231602
100,signals_tab,NEAR,SHORT,,1.42740000,1.39200000,,,1.44900000,2x,42,,f,24,2026-04-17 20:35:05.182,TP1_HIT,2.4800,2026-04-17 10:40:08.804,,,global,2026-04-16 20:35:05.230635
99,signals_tab,UNI,SHORT,,3.42600000,3.34000000,,,3.47700000,2x,45,,f,24,2026-04-17 20:35:05.181,SL_HIT,-1.4886,2026-04-17 19:09:04.08,,,global,2026-04-16 20:35:05.230235
98,signals_tab,DOT,SHORT,,1.32710000,1.29400000,,,1.34700000,2x,36,,f,24,2026-04-17 20:35:05.18,EXPIRED_LOSS,-0.2826,2026-04-17 21:32:39.047,,,global,2026-04-16 20:35:05.229474
97,signals_tab,ADA,SHORT,,0.25765000,0.25120000,,,0.26150000,2x,45,,f,24,2026-04-17 20:35:05.179,SL_HIT,-1.4943,2026-04-17 19:15:56.705,,,global,2026-04-16 20:35:05.228169
96,signals_tab,BNB,SHORT,,634.03000000,618.18000000,,,643.54000000,2x,42,,f,24,2026-04-17 20:35:05.179,EXPIRED_LOSS,-1.3430,2026-04-17 21:32:39.047,,,global,2026-04-16 20:35:05.227555
95,signals_tab,DOGE,SHORT,,0.09826900,0.09580000,,,0.09970000,2x,35,,f,24,2026-04-17 20:35:05.176,SL_HIT,-1.4562,2026-04-16 23:39:46.983,,,global,2026-04-16 20:35:05.225828
94,signals_tab,XRP,SHORT,,1.44850000,1.41200000,,,1.47000000,2x,38,,f,24,2026-04-17 20:35:05.179,SL_HIT,-1.4843,2026-04-17 19:09:04.08,,,global,2026-04-16 20:35:05.224787
92,signals_tab,WIF,SHORT,,0.22222000,0.20650000,,,0.23160000,2x,48,,f,24,2026-04-17 20:35:05.176,EXPIRED_WIN,2.1465,2026-04-17 21:32:39.047,,,global,2026-04-16 20:35:05.22388
93,signals_tab,ETH,SHORT,,2345.10000000,2286.47000000,,,2380.28000000,2x,53,,f,24,2026-04-17 20:35:05.173,SL_HIT,-1.5001,2026-04-17 19:09:04.08,,,global,2026-04-16 20:35:05.223392
91,signals_tab,ARB,SHORT,,0.13070000,0.12740000,,,0.13270000,2x,45,,f,24,2026-04-17 20:35:05.178,TP1_HIT,2.5249,2026-04-16 21:21:41.015,,,global,2026-04-16 20:35:05.222375
90,signals_tab,SOL,SHORT,,89.62900000,87.38800000,,,90.97300000,2x,33,,f,24,2026-04-17 20:35:05.174,TP1_HIT,2.5003,2026-04-17 10:46:08.795,,,global,2026-04-16 20:35:05.218973
89,signals_tab,LINK,SHORT,,9.52720000,9.28900000,,,9.67000000,2x,47,,f,24,2026-04-17 20:35:05.177,SL_HIT,-1.4989,2026-04-17 19:14:56.706,,,global,2026-04-16 20:35:05.2166
88,signals_tab,AVAX,SHORT,,9.68060000,9.43900000,,,9.82600000,2x,38,,f,24,2026-04-17 20:35:05.177,EXPIRED_LOSS,-1.3005,2026-04-17 21:32:39.047,,,global,2026-04-16 20:35:05.209452
87,signals_tab,BTC,SHORT,,75017.00000000,73141.57000000,,,76142.26000000,2x,53,,f,24,2026-04-17 20:35:05.172,SL_HIT,-1.5000,2026-04-17 19:09:04.08,,,global,2026-04-16 20:35:05.200781
86,signals_tab,HYPE,SHORT,,43.73300000,42.64000000,,,44.38900000,2x,48,,f,24,2026-04-17 20:28:26.286,SL_HIT,-1.5000,2026-04-17 21:32:39.047,,,global,2026-04-16 20:28:26.364207
85,signals_tab,TRUMP,LONG,,3.07780000,3.15500000,,,3.03200000,2x,35,,f,24,2026-04-17 20:28:26.285,SL_HIT,-1.4881,2026-04-16 21:21:41.015,,,global,2026-04-16 20:28:26.362907
84,signals_tab,HBAR,SHORT,,0.09106400,0.08880000,,,0.09240000,2x,31,,f,24,2026-04-17 20:28:26.285,EXPIRED_WIN,0.4074,2026-04-17 21:32:39.047,,,global,2026-04-16 20:28:26.362445
83,signals_tab,PENDLE,SHORT,,1.28660000,1.25400000,,,1.30600000,2x,33,,f,24,2026-04-17 20:28:26.285,SL_HIT,-1.5079,2026-04-17 10:26:16.041,,,global,2026-04-16 20:28:26.360452
82,signals_tab,TAO,LONG,,244.13000000,250.23000000,,,240.47000000,2x,30,,f,24,2026-04-17 20:28:26.284,TP1_HIT,2.4987,2026-04-16 23:43:46.984,,,global,2026-04-16 20:28:26.360221
81,signals_tab,JUP,LONG,,0.17946000,0.32810000,,,0.09020000,2x,48,,f,24,2026-04-17 20:28:26.283,EXPIRED_WIN,3.7139,2026-04-17 21:32:39.047,,,global,2026-04-16 20:28:26.359895
80,signals_tab,OP,SHORT,,0.13210000,0.12880000,,,0.13410000,2x,31,,f,24,2026-04-17 20:28:26.282,SL_HIT,-1.5140,2026-04-17 21:32:39.047,,,global,2026-04-16 20:28:26.354186
79,signals_tab,APT,SHORT,,0.98650000,0.96180000,,,1.00130000,2x,28,,f,24,2026-04-17 20:28:26.281,SL_HIT,-1.5003,2026-04-16 23:30:24.671,,,global,2026-04-16 20:28:26.353814
78,signals_tab,SUI,LONG,,0.99466000,1.01950000,,,0.97970000,2x,37,,f,24,2026-04-17 20:28:26.281,EXPIRED_WIN,1.6076,2026-04-17 21:32:39.047,,,global,2026-04-16 20:28:26.352449
77,signals_tab,NEAR,LONG,,1.42780000,1.46300000,,,1.40600000,2x,37,,f,24,2026-04-17 20:28:26.28,SL_HIT,-1.5268,2026-04-17 10:39:08.806,,,global,2026-04-16 20:28:26.35205
76,signals_tab,AAVE,LONG,,116.67000000,119.59000000,,,114.92000000,2x,33,,f,24,2026-04-17 20:28:26.28,SL_HIT,-1.5000,2026-04-16 21:20:41.015,,,global,2026-04-16 20:28:26.351641
75,signals_tab,UNI,LONG,,3.43670000,3.52300000,,,3.38500000,2x,35,,f,24,2026-04-17 20:28:26.279,SL_HIT,-1.5044,2026-04-17 01:50:47.223,,,global,2026-04-16 20:28:26.34946
74,signals_tab,DOT,LONG,,1.33900000,1.37200000,,,1.31900000,2x,35,,f,24,2026-04-17 20:28:26.279,SL_HIT,-1.4937,2026-04-17 00:29:11.914,,,global,2026-04-16 20:28:26.349084
73,signals_tab,ADA,LONG,,0.25901000,0.26550000,,,0.25510000,2x,35,,f,24,2026-04-17 20:28:26.278,SL_HIT,-1.5096,2026-04-17 02:18:16.702,,,global,2026-04-16 20:28:26.347438
72,signals_tab,XRP,SHORT,,1.45560000,1.41900000,,,1.47700000,2x,31,,f,24,2026-04-17 20:28:26.277,SL_HIT,-1.4702,2026-04-17 19:09:04.08,,,global,2026-04-16 20:28:26.34743
71,signals_tab,BNB,SHORT,,635.00000000,619.13000000,,,644.52000000,2x,35,,f,24,2026-04-17 20:28:26.278,EXPIRED_LOSS,-1.1882,2026-04-17 21:32:39.047,,,global,2026-04-16 20:28:26.347047
70,signals_tab,LINK,LONG,,9.57170000,9.81100000,,,9.42800000,2x,33,,f,24,2026-04-17 20:28:26.275,SL_HIT,-1.5013,2026-04-17 01:52:47.224,,,global,2026-04-16 20:28:26.343384
69,signals_tab,ARB,SHORT,,0.13143000,0.12810000,,,0.13340000,2x,36,,f,24,2026-04-17 20:28:26.275,TP1_HIT,2.5337,2026-04-16 21:20:41.015,,,global,2026-04-16 20:28:26.343302
68,signals_tab,WIF,SHORT,,0.22442000,0.20540000,,,0.23590000,2x,36,,f,24,2026-04-17 20:28:26.273,EXPIRED_WIN,3.1058,2026-04-17 21:32:39.047,,,global,2026-04-16 20:28:26.342099
66,signals_tab,AVAX,LONG,,9.73520000,9.97900000,,,9.58900000,2x,37,,f,24,2026-04-17 20:28:26.274,SL_HIT,-1.5018,2026-04-17 02:18:16.702,,,global,2026-04-16 20:28:26.33888
67,signals_tab,ETH,LONG,,2350.00000000,2408.75000000,,,2314.75000000,2x,43,,f,24,2026-04-17 20:28:26.272,TP1_HIT,2.5000,2026-04-17 19:09:04.08,,,global,2026-04-16 20:28:26.338776
65,signals_tab,SOL,LONG,,89.75000000,91.99400000,,,88.40400000,2x,50,,f,24,2026-04-17 20:28:26.273,SL_HIT,-1.4997,2026-04-17 01:46:56.169,,,global,2026-04-16 20:28:26.328556
64,signals_tab,DOGE,SHORT,,0.09863000,0.09620000,,,0.10010000,2x,28,,f,24,2026-04-17 20:28:26.274,SL_HIT,-1.4904,2026-04-17 19:13:56.716,,,global,2026-04-16 20:28:26.325485
63,signals_tab,BTC,LONG,,75153.00000000,77031.82000000,,,74025.71000000,2x,36,,f,24,2026-04-17 20:28:26.271,TP1_HIT,2.5000,2026-04-17 19:09:04.08,,,global,2026-04-16 20:28:26.297604
62,signals_tab,AAVE,SHORT,,116.12000000,113.22000000,,,117.86000000,2x,38,,f,24,2026-04-17 20:21:34.557,TP1_HIT,2.4974,2026-04-17 01:53:47.212,,,global,2026-04-16 20:21:34.561044
61,signals_tab,TRUMP,SHORT,,3.07250000,2.99600000,,,3.11900000,2x,43,,f,24,2026-04-17 20:21:29.508,TP1_HIT,2.4898,2026-04-17 10:31:28.224,,,global,2026-04-16 20:21:29.544506
60,signals_tab,OP,SHORT,,0.13128000,0.12800000,,,0.13320000,2x,56,,f,24,2026-04-17 20:20:44.689,SL_HIT,-1.4625,2026-04-17 00:53:10.116,,,global,2026-04-16 20:20:44.704468
59,signals_tab,DOT,SHORT,,1.33740000,1.30400000,,,1.35700000,2x,43,,f,24,2026-04-17 20:20:29.404,TP1_HIT,2.4974,2026-04-17 01:52:47.224,,,global,2026-04-16 20:20:29.4182
58,signals_tab,ARB,SHORT,,0.13154000,0.12830000,,,0.13350000,2x,46,,f,24,2026-04-17 20:20:14.686,TP1_HIT,2.4631,2026-04-16 21:16:12.726,,,global,2026-04-16 20:20:14.698996
57,signals_tab,AVAX,SHORT,,9.75910000,9.51500000,,,9.90500000,2x,45,,f,24,2026-04-17 20:19:59.631,TP1_HIT,2.5013,2026-04-17 10:46:08.795,,,global,2026-04-16 20:19:59.645108
56,signals_tab,TIA,SHORT,,0.39335000,0.33740000,,,0.42690000,3x,51,,f,24,2026-04-17 20:19:29.476,EXPIRED_LOSS,-8.1480,2026-04-17 21:32:39.047,,,global,2026-04-16 20:19:29.487447
55,signals_tab,JUP,LONG,,0.17944000,0.30080000,,,0.10660000,3x,46,,f,24,2026-04-17 20:15:59.424,EXPIRED_WIN,3.7255,2026-04-17 21:32:39.047,,,global,2026-04-16 20:15:59.448175
54,signals_tab,APT,LONG,,0.98850000,1.01320000,,,0.97370000,2x,36,,f,24,2026-04-17 20:15:59.423,EXPIRED_WIN,1.7704,2026-04-17 21:32:39.047,,,global,2026-04-16 20:15:59.444567
53,signals_tab,UNI,LONG,,3.45610000,3.54300000,,,3.40400000,2x,46,,f,24,2026-04-17 20:15:59.422,SL_HIT,-1.5075,2026-04-16 21:22:37.877,,,global,2026-04-16 20:15:59.444267
52,signals_tab,WIF,LONG,,0.22608000,0.24330000,,,0.21580000,3x,46,,f,24,2026-04-17 20:15:59.419,SL_HIT,-4.5471,2026-04-17 01:52:47.224,,,global,2026-04-16 20:15:59.442169
51,signals_tab,TIA,SHORT,,0.39720000,0.34460000,,,0.42880000,3x,44,,f,24,2026-04-17 20:09:29.327,EXPIRED_LOSS,-7.0997,2026-04-17 21:32:39.047,,,global,2026-04-16 20:09:29.339118
50,signals_tab,UNI,SHORT,,3.45630000,3.32200000,,,3.53700000,2x,29,,f,24,2026-04-17 20:05:14.215,EXPIRED_LOSS,-1.4423,2026-04-17 21:32:39.047,,,global,2026-04-16 20:05:14.219181
49,signals_tab,DOT,LONG,,1.35010000,1.38400000,,,1.33000000,2x,28,,f,24,2026-04-17 20:05:14.212,SL_HIT,-1.4888,2026-04-16 20:32:59.984,,,global,2026-04-16 20:05:14.218992
48,signals_tab,DOGE,SHORT,,0.09935500,0.09690000,,,0.10080000,2x,28,,f,24,2026-04-17 20:05:14.212,EXPIRED_LOSS,-0.8455,2026-04-17 21:32:39.047,,,global,2026-04-16 20:05:14.21859
47,signals_tab,WIF,SHORT,,0.22477000,0.20520000,,,0.23650000,2x,41,,f,24,2026-04-17 20:05:14.211,EXPIRED_WIN,3.2567,2026-04-17 21:32:39.047,,,global,2026-04-16 20:05:14.218385
46,signals_tab,HYPE,SHORT,,44.03100000,42.93000000,,,44.69100000,2x,34,,f,24,2026-04-17 20:05:09.221,EXPIRED_LOSS,-1.0799,2026-04-17 21:32:39.047,,,global,2026-04-16 20:05:09.303562
45,signals_tab,TRUMP,SHORT,,3.07550000,2.99900000,,,3.12200000,2x,26,,f,24,2026-04-17 20:05:09.22,TP1_HIT,2.4874,2026-04-17 10:30:28.225,,,global,2026-04-16 20:05:09.302312
44,signals_tab,HBAR,SHORT,,0.09080000,0.08850000,,,0.09220000,2x,33,,f,24,2026-04-17 20:05:09.22,EXPIRED_WIN,0.1178,2026-04-17 21:32:39.047,,,global,2026-04-16 20:05:09.299999
43,signals_tab,PENDLE,LONG,,1.29880000,1.33100000,,,1.27900000,2x,28,,f,24,2026-04-17 20:05:09.219,SL_HIT,-1.5245,2026-04-16 20:32:59.984,,,global,2026-04-16 20:05:09.299695
42,signals_tab,TAO,LONG,,243.36000000,249.44000000,,,239.71000000,2x,23,,f,24,2026-04-17 20:05:09.219,TP1_HIT,2.4984,2026-04-16 23:17:29.075,,,global,2026-04-16 20:05:09.299001
41,signals_tab,ONDO,SHORT,,0.27225000,0.26540000,,,0.27630000,2x,33,,f,24,2026-04-17 20:05:09.217,TP1_HIT,2.5161,2026-04-17 02:17:16.704,,,global,2026-04-16 20:05:09.29748
40,signals_tab,JUP,LONG,,0.17984000,0.32550000,,,0.09240000,2x,36,,f,24,2026-04-17 20:05:09.216,EXPIRED_WIN,3.4948,2026-04-17 21:32:39.047,,,global,2026-04-16 20:05:09.294338
39,signals_tab,OP,SHORT,,0.13170000,0.12840000,,,0.13370000,2x,33,,f,24,2026-04-17 20:05:09.215,SL_HIT,-1.5186,2026-04-17 00:59:31.298,,,global,2026-04-16 20:05:09.293563
38,signals_tab,APT,LONG,,0.99080000,1.01560000,,,0.97590000,2x,34,,f,24,2026-04-17 20:05:09.215,SL_HIT,-1.5038,2026-04-17 02:17:16.704,,,global,2026-04-16 20:05:09.293326
37,signals_tab,SUI,SHORT,,1.00110000,0.97600000,,,1.01600000,2x,28,,f,24,2026-04-17 20:05:09.214,SL_HIT,-1.4884,2026-04-17 19:17:56.706,,,global,2026-04-16 20:05:09.292943
36,signals_tab,NEAR,SHORT,,1.42950000,1.39400000,,,1.45100000,2x,28,,f,24,2026-04-17 20:05:09.214,TP1_HIT,2.4834,2026-04-17 10:40:08.804,,,global,2026-04-16 20:05:09.292555
35,signals_tab,AAVE,SHORT,,116.89000000,113.97000000,,,118.64000000,2x,28,,f,24,2026-04-17 20:05:09.213,TP1_HIT,2.4981,2026-04-17 01:46:56.169,,,global,2026-04-16 20:05:09.281405
33,signals_tab,ADA,SHORT,,0.25990000,0.25340000,,,0.26380000,2x,26,,f,24,2026-04-17 20:05:09.212,EXPIRED_LOSS,-0.2039,2026-04-17 21:32:39.047,,,global,2026-04-16 20:05:09.280373
34,signals_tab,BNB,SHORT,,636.41000000,620.50000000,,,645.96000000,2x,28,,f,24,2026-04-17 20:05:09.212,EXPIRED_LOSS,-0.9640,2026-04-17 21:32:39.047,,,global,2026-04-16 20:05:09.280318
32,signals_tab,XRP,SHORT,,1.46050000,1.42400000,,,1.48200000,2x,35,,f,24,2026-04-17 20:05:09.211,TP1_HIT,2.4991,2026-04-17 02:18:16.702,,,global,2026-04-16 20:05:09.280087
31,signals_tab,ARB,LONG,,0.13219000,0.13550000,,,0.13020000,2x,24,,f,24,2026-04-17 20:05:09.209,SL_HIT,-1.5054,2026-04-16 20:51:45.481,,,global,2026-04-16 20:05:09.27919
30,signals_tab,AVAX,SHORT,,9.84110000,9.59500000,,,9.98900000,2x,28,,f,24,2026-04-17 20:05:09.208,TP1_HIT,2.5007,2026-04-17 02:18:16.702,,,global,2026-04-16 20:05:09.252248
29,signals_tab,LINK,SHORT,,9.63480000,9.39400000,,,9.77900000,2x,28,,f,24,2026-04-17 20:05:09.209,EXPIRED_LOSS,-0.0856,2026-04-17 21:32:39.047,,,global,2026-04-16 20:05:09.251033
28,signals_tab,SOL,LONG,,90.21200000,92.46700000,,,88.85900000,2x,31,,f,24,2026-04-17 20:05:09.207,SL_HIT,-1.4998,2026-04-16 21:29:02.376,,,global,2026-04-16 20:05:09.249485
27,signals_tab,ETH,SHORT,,2356.10000000,2297.20000000,,,2391.44000000,2x,34,,f,24,2026-04-17 20:05:09.206,SL_HIT,-1.4999,2026-04-17 19:09:04.08,,,global,2026-04-16 20:05:09.247492
26,signals_tab,BTC,SHORT,,75297.00000000,73414.57000000,,,76426.46000000,2x,46,,f,24,2026-04-17 20:05:09.205,SL_HIT,-1.5000,2026-04-17 19:09:04.08,,,global,2026-04-16 20:05:09.233909
25,signals_tab,HYPE,SHORT,,44.13200000,43.02900000,,,44.79400000,2x,41,,f,24,2026-04-17 20:01:20.915,EXPIRED_LOSS,-0.8486,2026-04-17 21:32:39.047,,,global,2026-04-16 20:01:21.036806
24,signals_tab,TRUMP,SHORT,,3.07210000,2.99500000,,,3.11800000,2x,33,,f,24,2026-04-17 20:01:20.915,TP1_HIT,2.5097,2026-04-17 10:31:28.224,,,global,2026-04-16 20:01:21.036491
23,signals_tab,HBAR,LONG,,0.09111000,0.09340000,,,0.08970000,2x,28,,f,24,2026-04-17 20:01:20.914,SL_HIT,-1.5476,2026-04-17 01:49:47.226,,,global,2026-04-16 20:01:21.036202
22,signals_tab,PENDLE,SHORT,,1.29440000,1.26200000,,,1.31400000,2x,33,,f,24,2026-04-17 20:01:20.914,TP1_HIT,2.5031,2026-04-16 21:24:33.011,,,global,2026-04-16 20:01:21.035843
21,signals_tab,TAO,LONG,,243.45000000,249.54000000,,,239.80000000,2x,35,,f,24,2026-04-17 20:01:20.914,TP1_HIT,2.5015,2026-04-16 23:17:29.075,,,global,2026-04-16 20:01:21.035468
20,signals_tab,ONDO,LONG,,0.27340000,0.28020000,,,0.26930000,2x,28,,f,24,2026-04-17 20:01:20.912,SL_HIT,-1.4996,2026-04-16 21:21:41.015,,,global,2026-04-16 20:01:21.023553
19,signals_tab,JUP,LONG,,0.18041000,0.32620000,,,0.09290000,2x,36,,f,24,2026-04-17 20:01:20.912,EXPIRED_WIN,3.1678,2026-04-17 21:32:39.047,,,global,2026-04-16 20:01:21.023319
18,signals_tab,OP,LONG,,0.13245000,0.13580000,,,0.13050000,2x,28,,f,24,2026-04-17 20:01:20.911,SL_HIT,-1.4723,2026-04-16 21:21:41.015,,,global,2026-04-16 20:01:21.023051
17,signals_tab,APT,LONG,,0.99100000,1.01580000,,,0.97610000,2x,33,,f,24,2026-04-17 20:01:20.911,SL_HIT,-1.5035,2026-04-17 02:16:16.702,,,global,2026-04-16 20:01:21.022671
16,signals_tab,SUI,LONG,,1.00610000,1.03100000,,,0.99100000,2x,30,,f,24,2026-04-17 20:01:20.911,SL_HIT,-1.5008,2026-04-16 20:33:59.982,,,global,2026-04-16 20:01:21.022422
15,signals_tab,NEAR,LONG,,1.43440000,1.47000000,,,1.41300000,2x,23,,f,24,2026-04-17 20:01:20.91,SL_HIT,-1.4919,2026-04-17 02:17:16.704,,,global,2026-04-16 20:01:21.019396
14,signals_tab,AAVE,LONG,,117.02000000,119.95000000,,,115.26000000,2x,30,,f,24,2026-04-17 20:01:20.91,SL_HIT,-1.5040,2026-04-16 21:19:41.015,,,global,2026-04-16 20:01:21.019074
13,signals_tab,UNI,LONG,,3.46600000,3.61500000,,,3.37700000,2x,36,,f,24,2026-04-17 20:01:20.91,SL_HIT,-2.5678,2026-04-17 02:17:16.704,,,global,2026-04-16 20:01:21.018787
12,signals_tab,DOT,LONG,,1.34960000,1.38300000,,,1.32900000,2x,28,,f,24,2026-04-17 20:01:20.909,SL_HIT,-1.5264,2026-04-16 20:34:59.977,,,global,2026-04-16 20:01:21.018384
11,signals_tab,ADA,LONG,,0.26092000,0.26740000,,,0.25700000,2x,21,,f,24,2026-04-17 20:01:20.909,SL_HIT,-1.5024,2026-04-16 20:40:59.975,,,global,2026-04-16 20:01:21.017912
10,signals_tab,BNB,LONG,,637.17000000,653.10000000,,,627.61000000,2x,23,,f,24,2026-04-17 20:01:20.908,EXPIRED_WIN,0.8436,2026-04-17 21:32:39.047,,,global,2026-04-16 20:01:21.007075
9,signals_tab,XRP,LONG,,1.46380000,1.50000000,,,1.44200000,2x,23,,f,24,2026-04-17 20:01:20.907,SL_HIT,-1.4893,2026-04-17 00:49:10.116,,,global,2026-04-16 20:01:21.006688
8,signals_tab,ARB,LONG,,0.13254000,0.13590000,,,0.13060000,2x,28,,f,24,2026-04-17 20:01:20.906,SL_HIT,-1.4637,2026-04-16 20:35:59.975,,,global,2026-04-16 20:01:21.006324
7,signals_tab,LINK,LONG,,9.67060000,9.91200000,,,9.52600000,2x,30,,f,24,2026-04-17 20:01:20.905,SL_HIT,-1.4953,2026-04-16 20:35:59.975,,,global,2026-04-16 20:01:21.005902
6,signals_tab,AVAX,LONG,,9.86570000,10.11200000,,,9.71800000,2x,33,,f,24,2026-04-17 20:01:20.905,SL_HIT,-1.4971,2026-04-16 20:21:03.98,,,global,2026-04-16 20:01:21.00539
5,signals_tab,DOGE,LONG,,0.09962400,0.10210000,,,0.09810000,2x,30,,f,24,2026-04-17 20:01:20.905,SL_HIT,-1.5298,2026-04-17 01:53:47.212,,,global,2026-04-16 20:01:20.95969
4,signals_tab,SOL,LONG,,90.16900000,92.42300000,,,88.81600000,2x,31,,f,24,2026-04-17 20:01:20.903,SL_HIT,-1.5005,2026-04-16 21:31:02.374,,,global,2026-04-16 20:01:20.957503
3,signals_tab,ETH,LONG,,2361.30000000,2420.33000000,,,2325.88000000,2x,29,,f,24,2026-04-17 20:01:20.903,TP1_HIT,2.4999,2026-04-17 19:14:56.706,,,global,2026-04-16 20:01:20.956072
2,signals_tab,WIF,SHORT,,0.22515000,0.20510000,,,0.23720000,2x,34,,f,24,2026-04-17 20:01:20.904,EXPIRED_WIN,3.4199,2026-04-17 21:32:39.047,,,global,2026-04-16 20:01:20.95598
1,signals_tab,BTC,LONG,,75431.00000000,77316.77000000,,,74299.54000000,2x,29,,f,24,2026-04-17 20:01:20.901,TP1_HIT,2.5000,2026-04-17 19:17:56.706,,,global,2026-04-16 20:01:20.926841
