id,created_at,resolved_at,hold_hours,token,direction,trade_type,kronos,conviction,archetype,edge_source,leverage,entry_price,stop_loss,tp1_price,tp2_price,tp3_price,exit_price,outcome,pnl_pct,planned_risk_pct,realized_R
6,2026-04-16T20:01:21,2026-04-16T20:21:03,0.33,AVAX,LONG,,false,33,,,2x,9.8657,9.718,10.112,,,9.718,SL_HIT,-1.4971,1.4971,-1
43,2026-04-16T20:05:09,2026-04-16T20:32:59,0.46,PENDLE,LONG,,false,28,,,2x,1.2988,1.279,1.331,,,1.279,SL_HIT,-1.5245,1.5245,-1
49,2026-04-16T20:05:14,2026-04-16T20:32:59,0.46,DOT,LONG,,false,28,,,2x,1.3501,1.33,1.384,,,1.33,SL_HIT,-1.4888,1.4888,-1
16,2026-04-16T20:01:21,2026-04-16T20:33:59,0.54,SUI,LONG,,false,30,,,2x,1.0061,0.991,1.031,,,0.991,SL_HIT,-1.5008,1.5008,-1
12,2026-04-16T20:01:21,2026-04-16T20:34:59,0.56,DOT,LONG,,false,28,,,2x,1.3496,1.329,1.383,,,1.329,SL_HIT,-1.5264,1.5264,-1
7,2026-04-16T20:01:21,2026-04-16T20:35:59,0.58,LINK,LONG,,false,30,,,2x,9.6706,9.526,9.912,,,9.526,SL_HIT,-1.4953,1.4953,-1
8,2026-04-16T20:01:21,2026-04-16T20:35:59,0.58,ARB,LONG,,false,28,,,2x,0.13254,0.1306,0.1359,,,0.1306,SL_HIT,-1.4637,1.4637,-1
11,2026-04-16T20:01:21,2026-04-16T20:40:59,0.66,ADA,LONG,,false,21,,,2x,0.26092,0.257,0.2674,,,0.257,SL_HIT,-1.5024,1.5024,-1
31,2026-04-16T20:05:09,2026-04-16T20:51:45,0.78,ARB,LONG,,false,24,,,2x,0.13219,0.1302,0.1355,,,0.1302,SL_HIT,-1.5054,1.5054,-1
58,2026-04-16T20:20:14,2026-04-16T21:16:12,0.93,ARB,SHORT,,false,46,,,2x,0.13154,0.1335,0.1283,,,0.1283,TP1_HIT,2.4631,1.49,1.6531
14,2026-04-16T20:01:21,2026-04-16T21:19:41,1.31,AAVE,LONG,,false,30,,,2x,117.02,115.26,119.95,,,115.26,SL_HIT,-1.504,1.504,-1
69,2026-04-16T20:28:26,2026-04-16T21:20:41,0.87,ARB,SHORT,,false,36,,,2x,0.13143,0.1334,0.1281,,,0.1281,TP1_HIT,2.5337,1.4989,1.6904
76,2026-04-16T20:28:26,2026-04-16T21:20:41,0.87,AAVE,LONG,,false,33,,,2x,116.67,114.92,119.59,,,114.92,SL_HIT,-1.5,1.5,-1
160,2026-04-16T20:53:45,2026-04-16T21:20:41,0.45,AAVE,LONG,,false,30,,,2x,116.84,115.09,119.76,,,115.09,SL_HIT,-1.4978,1.4978,-1
184,2026-04-16T20:58:13,2026-04-16T21:20:41,0.37,AAVE,LONG,,false,43,,,2x,116.55,114.8,119.46,,,114.8,SL_HIT,-1.5015,1.5015,-1
18,2026-04-16T20:01:21,2026-04-16T21:21:41,1.34,OP,LONG,,false,28,,,2x,0.13245,0.1305,0.1358,,,0.1305,SL_HIT,-1.4723,1.4723,-1
20,2026-04-16T20:01:21,2026-04-16T21:21:41,1.34,ONDO,LONG,,false,28,,,2x,0.2734,0.2693,0.2802,,,0.2693,SL_HIT,-1.4996,1.4996,-1
85,2026-04-16T20:28:26,2026-04-16T21:21:41,0.89,TRUMP,LONG,,false,35,,,2x,3.0778,3.032,3.155,,,3.032,SL_HIT,-1.4881,1.4881,-1
91,2026-04-16T20:35:05,2026-04-16T21:21:41,0.78,ARB,SHORT,,false,45,,,2x,0.1307,0.1327,0.1274,,,0.1274,TP1_HIT,2.5249,1.5302,1.65
178,2026-04-16T20:58:13,2026-04-16T21:21:41,0.39,ARB,LONG,,false,35,,,2x,0.12972,0.1277,0.1331,,,0.1277,SL_HIT,-1.5572,1.5572,-1
53,2026-04-16T20:15:59,2026-04-16T21:22:37,1.11,UNI,LONG,,false,46,,,2x,3.4561,3.404,3.543,,,3.404,SL_HIT,-1.5075,1.5075,-1
212,2026-04-16T21:21:46,2026-04-16T21:22:37,0.01,PEPE,SHORT,,false,45,,,2x,0.00000395,0.000004,0.000004,,,0.000004,TP1_HIT,-1.2658,1.2658,-1
22,2026-04-16T20:01:21,2026-04-16T21:24:33,1.39,PENDLE,SHORT,,false,33,,,2x,1.2944,1.314,1.262,,,1.262,TP1_HIT,2.5031,1.5142,1.6531
191,2026-04-16T20:58:13,2026-04-16T21:24:33,0.44,PENDLE,LONG,,false,21,,,2x,1.2832,1.264,1.315,,,1.264,SL_HIT,-1.4963,1.4963,-1
116,2026-04-16T20:45:55,2026-04-16T21:28:02,0.7,ARB,SHORT,,false,43,,,2x,0.13027,0.1322,0.127,,,0.127,TP1_HIT,2.5102,1.4815,1.6944
28,2026-04-16T20:05:09,2026-04-16T21:29:02,1.4,SOL,LONG,,false,31,,,2x,90.212,88.859,92.467,,,88.859,SL_HIT,-1.4998,1.4998,-1
4,2026-04-16T20:01:20,2026-04-16T21:31:02,1.49,SOL,LONG,,false,31,,,2x,90.169,88.816,92.423,,,88.816,SL_HIT,-1.5005,1.5005,-1
281,2026-04-16T21:33:37,2026-04-16T21:34:02,0.01,PEPE,SHORT,,false,43,,,2x,0.00000395,0.000004,0.000004,,,0.000004,TP1_HIT,-1.2658,1.2658,-1
101,2026-04-16T20:35:05,2026-04-16T22:54:21,2.32,SUI,SHORT,,false,45,,,2x,0.988,1.0028,0.9633,,,1.0028,SL_HIT,-1.498,1.498,-1
102,2026-04-16T20:35:05,2026-04-16T22:54:21,2.32,APT,SHORT,,false,35,,,2x,0.9821,0.9968,0.9575,,,0.9968,SL_HIT,-1.4968,1.4968,-1
211,2026-04-16T21:21:46,2026-04-16T22:54:21,1.54,ARB,SHORT,,false,33,,,2x,0.12726,0.1292,0.1241,,,0.1292,SL_HIT,-1.5244,1.5244,-1
220,2026-04-16T21:21:46,2026-04-16T22:54:21,1.54,SUI,SHORT,,false,50,,,2x,0.9884,1.0032,0.9637,,,1.0032,SL_HIT,-1.4974,1.4974,-1
229,2026-04-16T21:21:56,2026-04-16T22:54:21,1.54,OP,SHORT,,false,28,,,2x,0.13015,0.1321,0.1269,,,0.1321,SL_HIT,-1.4983,1.4983,-1
238,2026-04-16T21:25:38,2026-04-16T22:54:21,1.48,ARB,SHORT,,false,33,,,2x,0.12712,0.129,0.1239,,,0.129,SL_HIT,-1.4789,1.4789,-1
245,2026-04-16T21:25:38,2026-04-16T22:54:21,1.48,SUI,SHORT,,false,33,,,2x,0.98686,1.0017,0.9622,,,1.0017,SL_HIT,-1.5038,1.5038,-1
247,2026-04-16T21:25:38,2026-04-16T22:54:21,1.48,OP,SHORT,,false,36,,,2x,0.12972,0.1317,0.1265,,,0.1317,SL_HIT,-1.5264,1.5264,-1
269,2026-04-16T21:30:07,2026-04-16T22:56:21,1.44,SUI,LONG,,false,28,,,2x,0.98664,0.9718,1.0113,,,1.0113,TP1_HIT,2.4994,1.5041,1.6617
105,2026-04-16T20:35:05,2026-04-16T23:00:55,2.43,TAO,SHORT,,false,28,,,2x,243.43,247.08,237.34,,,247.08,SL_HIT,-1.4994,1.4994,-1
166,2026-04-16T20:53:45,2026-04-16T23:05:25,2.19,TAO,SHORT,,false,28,,,2x,244.09,247.75,237.99,,,247.75,SL_HIT,-1.4994,1.4994,-1
190,2026-04-16T20:58:13,2026-04-16T23:05:25,2.12,TAO,SHORT,,false,28,,,2x,244.19,247.85,238.09,,,247.85,SL_HIT,-1.4988,1.4988,-1
248,2026-04-16T21:25:38,2026-04-16T23:05:25,1.66,TAO,SHORT,,false,35,,,2x,244.06,247.72,237.96,,,247.72,SL_HIT,-1.4996,1.4996,-1
272,2026-04-16T21:30:07,2026-04-16T23:05:25,1.59,TAO,SHORT,,false,40,,,2x,243.7,247.36,237.61,,,247.36,SL_HIT,-1.5018,1.5018,-1
227,2026-04-16T21:21:46,2026-04-16T23:06:25,1.74,TRUMP,SHORT,,false,29,,,2x,3.0141,3.059,2.939,,,3.059,SL_HIT,-1.4897,1.4897,-1
251,2026-04-16T21:25:38,2026-04-16T23:06:25,1.68,TRUMP,SHORT,,false,33,,,2x,3.0141,3.059,2.939,,,3.059,SL_HIT,-1.4897,1.4897,-1
224,2026-04-16T21:21:46,2026-04-16T23:13:25,1.86,TAO,SHORT,,false,28,,,2x,244.33,247.99,238.22,,,247.99,SL_HIT,-1.498,1.498,-1
21,2026-04-16T20:01:21,2026-04-16T23:17:29,3.27,TAO,LONG,,false,35,,,2x,243.45,239.8,249.54,,,249.54,TP1_HIT,2.5015,1.4993,1.6684
42,2026-04-16T20:05:09,2026-04-16T23:17:29,3.21,TAO,LONG,,false,23,,,2x,243.36,239.71,249.44,,,249.44,TP1_HIT,2.4984,1.4998,1.6658
218,2026-04-16T21:21:46,2026-04-16T23:21:29,2,AAVE,SHORT,,false,43,,,2x,113.81,115.52,110.96,,,115.52,SL_HIT,-1.5025,1.5025,-1
249,2026-04-16T21:25:38,2026-04-16T23:24:29,1.98,PENDLE,SHORT,,false,33,,,2x,1.2607,1.28,1.229,,,1.28,SL_HIT,-1.5309,1.5309,-1
79,2026-04-16T20:28:26,2026-04-16T23:30:24,3.03,APT,SHORT,,false,28,,,2x,0.9865,1.0013,0.9618,,,1.0013,SL_HIT,-1.5003,1.5003,-1
221,2026-04-16T21:21:46,2026-04-16T23:30:24,2.14,APT,SHORT,,false,48,,,2x,0.9856,1.0007,0.9604,,,1.0007,SL_HIT,-1.5321,1.5321,-1
222,2026-04-16T21:21:46,2026-04-16T23:36:46,2.25,TIA,SHORT,,false,39,,,2x,0.39185,0.4085,0.3641,,,0.4085,SL_HIT,-4.2491,4.2491,-1
241,2026-04-16T21:25:38,2026-04-16T23:36:46,2.19,DOT,SHORT,,false,33,,,2x,1.3208,1.341,1.288,,,1.341,SL_HIT,-1.5294,1.5294,-1
243,2026-04-16T21:25:38,2026-04-16T23:36:46,2.19,AAVE,SHORT,,false,28,,,2x,114.02,115.73,111.17,,,115.73,SL_HIT,-1.4997,1.4997,-1
266,2026-04-16T21:30:07,2026-04-16T23:36:46,2.11,AAVE,SHORT,,false,55,,,2x,113.98,115.69,111.13,,,115.69,SL_HIT,-1.5003,1.5003,-1
343,2026-04-16T23:04:31,2026-04-16T23:36:46,0.54,DOT,SHORT,,false,33,,,2x,1.323,1.343,1.29,,,1.343,SL_HIT,-1.5117,1.5117,-1
376,2026-04-16T23:19:29,2026-04-16T23:36:46,0.29,DOT,SHORT,,false,40,,,2x,1.32,1.34,1.287,,,1.34,SL_HIT,-1.5152,1.5152,-1
244,2026-04-16T21:25:38,2026-04-16T23:37:46,2.2,NEAR,SHORT,,false,28,,,2x,1.4195,1.441,1.384,,,1.441,SL_HIT,-1.5146,1.5146,-1
95,2026-04-16T20:35:05,2026-04-16T23:39:46,3.08,DOGE,SHORT,,false,35,,,2x,0.098269,0.0997,0.0958,,,0.0997,SL_HIT,-1.4562,1.4562,-1
82,2026-04-16T20:28:26,2026-04-16T23:43:46,3.26,TAO,LONG,,false,30,,,2x,244.13,240.47,250.23,,,250.23,TP1_HIT,2.4987,1.4992,1.6667
155,2026-04-16T20:53:45,2026-04-16T23:43:46,2.83,DOGE,SHORT,,false,47,,,2x,0.098339,0.0998,0.0959,,,0.0998,SL_HIT,-1.4857,1.4857,-1
303,2026-04-16T22:56:21,2026-04-16T23:45:46,0.82,TAO,SHORT,,false,35,,,2x,246.75,250.45,240.58,,,250.45,SL_HIT,-1.4995,1.4995,-1
348,2026-04-16T23:04:31,2026-04-16T23:46:46,0.7,TAO,SHORT,,false,35,,,2x,247.27,250.98,241.09,,,250.98,SL_HIT,-1.5004,1.5004,-1
246,2026-04-16T21:25:38,2026-04-17T00:01:21,2.6,APT,SHORT,,false,36,,,2x,0.9843,1.0031,0.953,,,1.0031,SL_HIT,-1.91,1.91,-1
382,2026-04-16T23:19:29,2026-04-17T00:01:21,0.7,TAO,SHORT,,false,28,,,2x,249.25,252.99,243.02,,,252.99,SL_HIT,-1.5005,1.5005,-1
74,2026-04-16T20:28:26,2026-04-17T00:29:11,4.01,DOT,LONG,,false,35,,,2x,1.339,1.319,1.372,,,1.319,SL_HIT,-1.4937,1.4937,-1
299,2026-04-16T22:56:21,2026-04-17T00:29:11,1.55,SUI,LONG,,false,48,,,2x,1.0122,0.997,1.038,,,0.997,SL_HIT,-1.5017,1.5017,-1
300,2026-04-16T22:56:21,2026-04-17T00:29:11,1.55,APT,LONG,,false,45,,,2x,1,0.985,1.025,,,0.985,SL_HIT,-1.5,1.5,-1
327,2026-04-16T23:01:01,2026-04-17T00:29:11,1.47,TAO,LONG,,false,30,,,2x,247.15,243.44,253.33,,,253.33,TP1_HIT,2.5005,1.5011,1.6658
388,2026-04-16T23:25:24,2026-04-17T00:29:11,1.06,APT,LONG,,false,43,,,2x,1.0011,0.986,1.026,,,0.986,SL_HIT,-1.5083,1.5083,-1
411,2026-04-16T23:33:10,2026-04-17T00:29:11,0.93,APT,LONG,,false,43,,,2x,1.0017,0.987,1.027,,,0.987,SL_HIT,-1.4675,1.4675,-1
429,2026-04-16T23:38:52,2026-04-17T00:29:11,0.84,APT,LONG,,false,26,,,2x,1.0008,0.986,1.026,,,0.986,SL_HIT,-1.4788,1.4788,-1
452,2026-04-16T23:49:53,2026-04-17T00:29:11,0.66,APT,LONG,,false,33,,,2x,1.0017,0.987,1.027,,,0.987,SL_HIT,-1.4675,1.4675,-1
483,2026-04-16T23:58:56,2026-04-17T00:29:11,0.5,TIA,LONG,,false,28,,,3x,0.4126,0.4064,0.4229,,,0.4064,SL_HIT,-1.5027,1.5027,-1
275,2026-04-16T21:30:07,2026-04-17T00:30:11,3,HYPE,SHORT,,false,41,,,2x,43.343,43.993,42.259,,,43.993,SL_HIT,-1.4997,1.4997,-1
479,2026-04-16T23:55:27,2026-04-17T00:30:11,0.58,TAO,SHORT,,false,38,,,2x,252.37,256.16,246.06,,,256.16,SL_HIT,-1.5018,1.5018,-1
252,2026-04-16T21:25:38,2026-04-17T00:31:30,3.1,HYPE,SHORT,,false,41,,,2x,43.448,44.1,42.362,,,44.1,SL_HIT,-1.5006,1.5006,-1
406,2026-04-16T23:31:25,2026-04-17T00:31:30,1,TAO,LONG,,false,31,,,2x,250.13,246.38,256.38,,,256.38,TP1_HIT,2.4987,1.4992,1.6667
432,2026-04-16T23:38:52,2026-04-17T00:31:30,0.88,TAO,LONG,,false,30,,,2x,250.08,246.33,256.33,,,256.33,TP1_HIT,2.4992,1.4995,1.6667
225,2026-04-16T21:21:46,2026-04-17T00:33:30,3.2,PENDLE,SHORT,,false,26,,,2x,1.2628,1.282,1.231,,,1.282,SL_HIT,-1.5204,1.5204,-1
228,2026-04-16T21:21:46,2026-04-17T00:36:02,3.24,HYPE,SHORT,,false,53,,,2x,43.552,44.205,42.463,,,44.205,SL_HIT,-1.4994,1.4994,-1
109,2026-04-16T20:35:05,2026-04-17T00:37:02,4.03,HYPE,SHORT,,false,34,,,2x,43.557,44.21,42.468,,,44.21,SL_HIT,-1.4992,1.4992,-1
328,2026-04-16T23:01:01,2026-04-17T00:38:02,1.62,PENDLE,SHORT,,false,34,,,2x,1.2724,1.291,1.241,,,1.291,SL_HIT,-1.4618,1.4618,-1
400,2026-04-16T23:31:25,2026-04-17T00:39:49,1.14,DOT,LONG,,false,35,,,2x,1.3342,1.314,1.368,,,1.314,SL_HIT,-1.514,1.514,-1
407,2026-04-16T23:31:25,2026-04-17T00:46:10,1.25,PENDLE,SHORT,,false,41,,,2x,1.2748,1.294,1.243,,,1.294,SL_HIT,-1.5061,1.5061,-1
480,2026-04-16T23:55:27,2026-04-17T00:46:10,0.85,PENDLE,SHORT,,false,33,,,2x,1.2748,1.294,1.243,,,1.294,SL_HIT,-1.5061,1.5061,-1
273,2026-04-16T21:30:07,2026-04-17T00:48:10,3.3,PENDLE,LONG,,false,40,,,2x,1.2639,1.245,1.295,,,1.295,TP1_HIT,2.4606,1.4954,1.6454
383,2026-04-16T23:19:29,2026-04-17T00:48:10,1.48,PENDLE,SHORT,,false,26,,,2x,1.2756,1.295,1.244,,,1.295,SL_HIT,-1.5209,1.5209,-1
9,2026-04-16T20:01:21,2026-04-17T00:49:10,4.8,XRP,LONG,,false,23,,,2x,1.4638,1.442,1.5,,,1.442,SL_HIT,-1.4893,1.4893,-1
106,2026-04-16T20:35:05,2026-04-17T00:49:10,4.23,PENDLE,SHORT,,false,33,,,2x,1.279,1.298,1.247,,,1.298,SL_HIT,-1.4855,1.4855,-1
283,2026-04-16T21:33:37,2026-04-17T00:50:10,3.28,RENDER,SHORT,,false,33,,,2x,1.8523,1.88,1.806,,,1.88,SL_HIT,-1.4954,1.4954,-1
188,2026-04-16T20:58:13,2026-04-17T00:51:10,3.88,OP,SHORT,,false,35,,,2x,0.13097,0.1329,0.1277,,,0.1329,SL_HIT,-1.4736,1.4736,-1
60,2026-04-16T20:20:44,2026-04-17T00:53:10,4.54,OP,SHORT,,false,56,,,2x,0.13128,0.1332,0.128,,,0.1332,SL_HIT,-1.4625,1.4625,-1
164,2026-04-16T20:53:45,2026-04-17T00:53:10,3.99,OP,SHORT,,false,28,,,2x,0.1312,0.1332,0.1279,,,0.1332,SL_HIT,-1.5244,1.5244,-1
270,2026-04-16T21:30:07,2026-04-17T00:53:10,3.38,OP,LONG,,false,33,,,2x,0.13005,0.1281,0.1333,,,0.1333,TP1_HIT,2.499,1.4994,1.6667
380,2026-04-16T23:19:29,2026-04-17T00:53:10,1.56,OP,SHORT,,false,45,,,2x,0.13124,0.1332,0.128,,,0.1332,SL_HIT,-1.4934,1.4934,-1
387,2026-04-16T23:23:04,2026-04-17T00:53:10,1.5,TIA,LONG,,false,53,,,2x,0.40005,0.3909,0.4153,,,0.4153,TP1_HIT,3.812,2.2872,1.6667
39,2026-04-16T20:05:09,2026-04-17T00:59:31,4.91,OP,SHORT,,false,33,,,2x,0.1317,0.1337,0.1284,,,0.1337,SL_HIT,-1.5186,1.5186,-1
103,2026-04-16T20:35:05,2026-04-17T00:59:31,4.41,OP,SHORT,,false,40,,,2x,0.13154,0.1335,0.1283,,,0.1335,SL_HIT,-1.49,1.49,-1
325,2026-04-16T23:01:01,2026-04-17T00:59:31,1.98,OP,SHORT,,false,28,,,2x,0.13144,0.1334,0.1282,,,0.1334,SL_HIT,-1.4912,1.4912,-1
356,2026-04-16T23:08:01,2026-04-17T00:59:31,1.86,TIA,LONG,,false,36,,,2x,0.40157,0.391,0.4193,,,0.4193,TP1_HIT,4.4152,2.6322,1.6774
196,2026-04-16T21:03:08,2026-04-17T01:01:31,3.97,RENDER,SHORT,,false,43,,,2x,1.8567,1.885,1.81,,,1.885,SL_HIT,-1.5242,1.5242,-1
347,2026-04-16T23:04:31,2026-04-17T01:06:31,2.03,APT,LONG,,false,40,,,2x,0.9956,0.9807,1.0205,,,0.9807,SL_HIT,-1.4966,1.4966,-1
35,2026-04-16T20:05:09,2026-04-17T01:46:56,5.7,AAVE,SHORT,,false,28,,,2x,116.89,118.64,113.97,,,113.97,TP1_HIT,2.4981,1.4971,1.6686
65,2026-04-16T20:28:26,2026-04-17T01:46:56,5.31,SOL,LONG,,false,50,,,2x,89.75,88.404,91.994,,,88.404,SL_HIT,-1.4997,1.4997,-1
173,2026-04-16T20:58:13,2026-04-17T01:46:56,4.81,SOL,LONG,,false,46,,,2x,89.6,88.256,91.84,,,88.256,SL_HIT,-1.5,1.5,-1
378,2026-04-16T23:19:29,2026-04-17T01:46:56,2.46,AAVE,LONG,,false,30,,,2x,115.42,113.69,118.31,,,113.69,SL_HIT,-1.4989,1.4989,-1
421,2026-04-16T23:38:52,2026-04-17T01:46:56,2.13,XRP,LONG,,false,30,,,2x,1.4561,1.434,1.493,,,1.434,SL_HIT,-1.5178,1.5178,-1
423,2026-04-16T23:38:52,2026-04-17T01:46:56,2.13,ADA,LONG,,false,28,,,2x,0.26029,0.2564,0.2668,,,0.2564,SL_HIT,-1.4945,1.4945,-1
426,2026-04-16T23:38:52,2026-04-17T01:46:56,2.13,AAVE,LONG,,false,23,,,2x,115.84,114.1,118.74,,,114.1,SL_HIT,-1.5021,1.5021,-1
441,2026-04-16T23:49:53,2026-04-17T01:46:56,1.95,XRP,LONG,,false,30,,,2x,1.4531,1.431,1.489,,,1.431,SL_HIT,-1.5209,1.5209,-1
473,2026-04-16T23:55:27,2026-04-17T01:46:56,1.86,AAVE,LONG,,false,23,,,2x,115.13,113.4,118.01,,,113.4,SL_HIT,-1.5026,1.5026,-1
486,2026-04-17T00:00:01,2026-04-17T01:46:56,1.78,FET,LONG,,false,28,,,2x,0.23995,0.2364,0.2459,,,0.2364,SL_HIT,-1.4795,1.4795,-1
292,2026-04-16T22:56:21,2026-04-17T01:48:56,2.88,XRP,LONG,,false,42,,,2x,1.4517,1.43,1.488,,,1.43,SL_HIT,-1.4948,1.4948,-1
295,2026-04-16T22:56:21,2026-04-17T01:48:56,2.88,DOT,LONG,,false,35,,,2x,1.3275,1.308,1.361,,,1.308,SL_HIT,-1.4689,1.4689,-1
414,2026-04-16T23:38:52,2026-04-17T01:48:56,2.17,AVAX,LONG,,false,30,,,2x,9.7754,9.629,10.02,,,9.629,SL_HIT,-1.4976,1.4976,-1
417,2026-04-16T23:38:52,2026-04-17T01:48:56,2.17,LINK,LONG,,false,30,,,2x,9.5912,9.447,9.831,,,9.447,SL_HIT,-1.5035,1.5035,-1
537,2026-04-17T00:33:31,2026-04-17T01:48:56,1.26,FET,LONG,,false,53,,,2x,0.23908,0.2355,0.2451,,,0.2355,SL_HIT,-1.4974,1.4974,-1
23,2026-04-16T20:01:21,2026-04-17T01:49:47,5.81,HBAR,LONG,,false,28,,,2x,0.09111,0.0897,0.0934,,,0.0897,SL_HIT,-1.5476,1.5476,-1
179,2026-04-16T20:58:13,2026-04-17T01:49:47,4.86,XRP,LONG,,false,37,,,2x,1.4512,1.429,1.487,,,1.429,SL_HIT,-1.5298,1.5298,-1
418,2026-04-16T23:38:52,2026-04-17T01:49:47,2.18,ARB,LONG,,false,21,,,2x,0.12909,0.1272,0.1323,,,0.1272,SL_HIT,-1.4641,1.4641,-1
440,2026-04-16T23:49:52,2026-04-17T01:49:47,2,ARB,LONG,,false,28,,,2x,0.12912,0.1272,0.1323,,,0.1272,SL_HIT,-1.487,1.487,-1
447,2026-04-16T23:49:53,2026-04-17T01:49:47,2,ADA,LONG,,false,28,,,2x,0.2598,0.2559,0.2663,,,0.2559,SL_HIT,-1.5012,1.5012,-1
75,2026-04-16T20:28:26,2026-04-17T01:50:47,5.37,UNI,LONG,,false,35,,,2x,3.4367,3.385,3.523,,,3.385,SL_HIT,-1.5044,1.5044,-1
321,2026-04-16T23:01:01,2026-04-17T01:50:47,2.83,AAVE,LONG,,false,30,,,2x,115.06,113.33,117.94,,,113.33,SL_HIT,-1.5036,1.5036,-1
396,2026-04-16T23:31:25,2026-04-17T01:50:47,2.32,ARB,LONG,,false,35,,,2x,0.12895,0.127,0.1322,,,0.127,SL_HIT,-1.5122,1.5122,-1
420,2026-04-16T23:38:52,2026-04-17T01:50:47,2.2,DOGE,LONG,,false,30,,,2x,0.099678,0.0982,0.1022,,,0.0982,SL_HIT,-1.4828,1.4828,-1
425,2026-04-16T23:38:52,2026-04-17T01:50:47,2.2,UNI,LONG,,false,28,,,2x,3.437,3.385,3.523,,,3.385,SL_HIT,-1.5129,1.5129,-1
427,2026-04-16T23:38:52,2026-04-17T01:50:47,2.2,NEAR,LONG,,false,30,,,2x,1.4418,1.42,1.478,,,1.42,SL_HIT,-1.512,1.512,-1
450,2026-04-16T23:49:53,2026-04-17T01:50:47,2.02,AAVE,LONG,,false,30,,,2x,115.08,113.35,117.96,,,113.35,SL_HIT,-1.5033,1.5033,-1
529,2026-04-17T00:33:31,2026-04-17T01:50:47,1.29,AAVE,LONG,,false,33,,,2x,115.05,113.32,117.93,,,113.32,SL_HIT,-1.5037,1.5037,-1
355,2026-04-16T23:04:41,2026-04-17T01:51:47,2.78,AAVE,LONG,,false,30,,,2x,115.03,113.3,117.91,,,113.3,SL_HIT,-1.504,1.504,-1
428,2026-04-16T23:38:52,2026-04-17T01:51:47,2.22,SUI,LONG,,false,28,,,2x,1.006,0.991,1.031,,,0.991,SL_HIT,-1.4911,1.4911,-1
466,2026-04-16T23:55:27,2026-04-17T01:51:47,1.94,LINK,LONG,,false,30,,,2x,9.5766,9.433,9.816,,,9.433,SL_HIT,-1.4995,1.4995,-1
52,2026-04-16T20:15:59,2026-04-17T01:52:47,5.61,WIF,LONG,,false,46,,,3x,0.22608,0.2158,0.2433,,,0.2158,SL_HIT,-4.5471,4.5471,-1
59,2026-04-16T20:20:29,2026-04-17T01:52:47,5.54,DOT,SHORT,,false,43,,,2x,1.3374,1.357,1.304,,,1.304,TP1_HIT,2.4974,1.4655,1.7041
70,2026-04-16T20:28:26,2026-04-17T01:52:47,5.41,LINK,LONG,,false,33,,,2x,9.5717,9.428,9.811,,,9.428,SL_HIT,-1.5013,1.5013,-1
265,2026-04-16T21:30:07,2026-04-17T01:52:47,4.38,DOT,LONG,,false,28,,,2x,1.3245,1.305,1.358,,,1.305,SL_HIT,-1.4723,1.4723,-1
424,2026-04-16T23:38:52,2026-04-17T01:52:47,2.23,DOT,SHORT,,false,33,,,2x,1.338,1.358,1.305,,,1.305,TP1_HIT,2.4664,1.4948,1.65
439,2026-04-16T23:49:52,2026-04-17T01:52:47,2.05,LINK,LONG,,false,30,,,2x,9.5746,9.431,9.814,,,9.431,SL_HIT,-1.4998,1.4998,-1
5,2026-04-16T20:01:20,2026-04-17T01:53:47,5.87,DOGE,LONG,,false,30,,,2x,0.099624,0.0981,0.1021,,,0.0981,SL_HIT,-1.5298,1.5298,-1
62,2026-04-16T20:21:34,2026-04-17T01:53:47,5.54,AAVE,SHORT,,false,38,,,2x,116.12,117.86,113.22,,,113.22,TP1_HIT,2.4974,1.4984,1.6667
153,2026-04-16T20:53:45,2026-04-17T01:53:47,5,ARB,SHORT,,false,41,,,2x,0.12973,0.1318,0.1262,,,0.1262,TP1_HIT,2.721,1.5956,1.7053
291,2026-04-16T22:56:21,2026-04-17T01:53:47,2.96,ARB,SHORT,,false,33,,,2x,0.12966,0.1316,0.1264,,,0.1264,TP1_HIT,2.5143,1.4962,1.6805
403,2026-04-16T23:31:25,2026-04-17T01:53:47,2.37,SUI,LONG,,false,35,,,2x,1.0053,0.99,1.03,,,0.99,SL_HIT,-1.5219,1.5219,-1
520,2026-04-17T00:33:31,2026-04-17T01:53:47,1.34,ARB,LONG,,false,45,,,2x,0.12839,0.1265,0.1316,,,0.1265,SL_HIT,-1.4721,1.4721,-1
372,2026-04-16T23:19:29,2026-04-17T02:09:16,2.83,XRP,LONG,,false,35,,,2x,1.4484,1.427,1.485,,,1.427,SL_HIT,-1.4775,1.4775,-1
402,2026-04-16T23:31:25,2026-04-17T02:11:16,2.66,NEAR,LONG,,false,30,,,2x,1.4375,1.416,1.473,,,1.416,SL_HIT,-1.4957,1.4957,-1
298,2026-04-16T22:56:21,2026-04-17T02:14:16,3.3,NEAR,LONG,,false,30,,,2x,1.4363,1.415,1.472,,,1.415,SL_HIT,-1.483,1.483,-1
17,2026-04-16T20:01:21,2026-04-17T02:16:16,6.25,APT,LONG,,false,33,,,2x,0.991,0.9761,1.0158,,,0.9761,SL_HIT,-1.5035,1.5035,-1
202,2026-04-16T21:12:38,2026-04-17T02:16:16,5.06,APT,LONG,,false,41,,,2x,0.9913,0.9764,1.0161,,,0.9764,SL_HIT,-1.5031,1.5031,-1
442,2026-04-16T23:49:53,2026-04-17T02:16:16,2.44,DOGE,LONG,,false,30,,,2x,0.099543,0.098,0.102,,,0.098,SL_HIT,-1.5501,1.5501,-1
13,2026-04-16T20:01:21,2026-04-17T02:17:16,6.27,UNI,LONG,,false,36,,,2x,3.466,3.377,3.615,,,3.377,SL_HIT,-2.5678,2.5678,-1
15,2026-04-16T20:01:21,2026-04-17T02:17:16,6.27,NEAR,LONG,,false,23,,,2x,1.4344,1.413,1.47,,,1.413,SL_HIT,-1.4919,1.4919,-1
38,2026-04-16T20:05:09,2026-04-17T02:17:16,6.2,APT,LONG,,false,34,,,2x,0.9908,0.9759,1.0156,,,0.9759,SL_HIT,-1.5038,1.5038,-1
41,2026-04-16T20:05:09,2026-04-17T02:17:16,6.2,ONDO,SHORT,,false,33,,,2x,0.27225,0.2763,0.2654,,,0.2654,TP1_HIT,2.5161,1.4876,1.6914
110,2026-04-16T20:35:10,2026-04-17T02:17:16,5.7,AAVE,SHORT,,false,35,,,2x,116,117.74,113.1,,,113.1,TP1_HIT,2.5,1.5,1.6667
183,2026-04-16T20:58:13,2026-04-17T02:17:16,5.32,UNI,LONG,,false,31,,,2x,3.4282,3.377,3.514,,,3.377,SL_HIT,-1.4935,1.4935,-1
262,2026-04-16T21:30:07,2026-04-17T02:17:16,4.79,XRP,LONG,,false,23,,,2x,1.4475,1.426,1.484,,,1.426,SL_HIT,-1.4853,1.4853,-1
448,2026-04-16T23:49:53,2026-04-17T02:17:16,2.46,DOT,SHORT,,false,26,,,2x,1.3331,1.353,1.3,,,1.3,TP1_HIT,2.4829,1.4928,1.6633
449,2026-04-16T23:49:53,2026-04-17T02:17:16,2.46,UNI,LONG,,false,28,,,2x,3.4277,3.376,3.513,,,3.376,SL_HIT,-1.5083,1.5083,-1
451,2026-04-16T23:49:53,2026-04-17T02:17:16,2.46,NEAR,LONG,,false,30,,,2x,1.4346,1.413,1.47,,,1.413,SL_HIT,-1.5056,1.5056,-1
484,2026-04-17T00:00:01,2026-04-17T02:17:16,2.29,ONDO,LONG,,false,28,,,2x,0.26955,0.2655,0.2763,,,0.2655,SL_HIT,-1.5025,1.5025,-1
538,2026-04-17T00:33:31,2026-04-17T02:17:16,1.73,TAO,LONG,,false,23,,,2x,256.43,252.58,262.84,,,252.58,SL_HIT,-1.5014,1.5014,-1
30,2026-04-16T20:05:09,2026-04-17T02:18:16,6.22,AVAX,SHORT,,false,28,,,2x,9.8411,9.989,9.595,,,9.595,TP1_HIT,2.5007,1.5029,1.6639
32,2026-04-16T20:05:09,2026-04-17T02:18:16,6.22,XRP,SHORT,,false,35,,,2x,1.4605,1.482,1.424,,,1.424,TP1_HIT,2.4991,1.4721,1.6976
66,2026-04-16T20:28:26,2026-04-17T02:18:16,5.83,AVAX,LONG,,false,37,,,2x,9.7352,9.589,9.979,,,9.589,SL_HIT,-1.5018,1.5018,-1
73,2026-04-16T20:28:26,2026-04-17T02:18:16,5.83,ADA,LONG,,false,35,,,2x,0.25901,0.2551,0.2655,,,0.2551,SL_HIT,-1.5096,1.5096,-1
294,2026-04-16T22:56:21,2026-04-17T02:18:16,3.37,ADA,LONG,,false,31,,,2x,0.2591,0.2552,0.2656,,,0.2552,SL_HIT,-1.5052,1.5052,-1
377,2026-04-16T23:19:29,2026-04-17T02:18:16,2.98,NEAR,LONG,,false,30,,,2x,1.4316,1.41,1.467,,,1.41,SL_HIT,-1.5088,1.5088,-1
379,2026-04-16T23:19:29,2026-04-17T02:18:16,2.98,SUI,LONG,,false,35,,,2x,1.0033,0.988,1.028,,,0.988,SL_HIT,-1.525,1.525,-1
472,2026-04-16T23:55:27,2026-04-17T02:18:16,2.38,UNI,LONG,,false,28,,,2x,3.4247,3.373,3.51,,,3.373,SL_HIT,-1.5096,1.5096,-1
476,2026-04-16T23:55:27,2026-04-17T02:18:16,2.38,APT,SHORT,,false,28,,,2x,0.9998,1.0148,0.9748,,,0.9748,TP1_HIT,2.5005,1.5003,1.6667
521,2026-04-17T00:33:31,2026-04-17T02:18:16,1.75,XRP,LONG,,false,23,,,2x,1.4455,1.424,1.482,,,1.424,SL_HIT,-1.4874,1.4874,-1
541,2026-04-17T00:33:31,2026-04-17T02:18:16,1.75,TRUMP,LONG,,false,28,,,2x,3.0871,3.041,3.164,,,3.041,SL_HIT,-1.4933,1.4933,-1
542,2026-04-17T00:33:31,2026-04-17T02:18:16,1.75,HYPE,LONG,,false,41,,,2x,44.192,43.529,45.297,,,43.529,SL_HIT,-1.5003,1.5003,-1
83,2026-04-16T20:28:26,2026-04-17T10:26:16,13.96,PENDLE,SHORT,,false,33,,,2x,1.2866,1.306,1.254,,,1.306,SL_HIT,-1.5079,1.5079,-1
114,2026-04-16T20:45:25,2026-04-17T10:26:16,13.68,WIF,LONG,,false,46,,,3x,0.22233,0.2151,0.2344,,,0.2151,SL_HIT,-3.2519,3.2519,-1
167,2026-04-16T20:53:45,2026-04-17T10:26:16,13.54,PENDLE,SHORT,,false,29,,,2x,1.2808,1.3,1.249,,,1.3,SL_HIT,-1.4991,1.4991,-1
174,2026-04-16T20:58:13,2026-04-17T10:26:16,13.47,WIF,LONG,,false,43,,,2x,0.223,0.2135,0.2389,,,0.2135,SL_HIT,-4.2601,4.2601,-1
198,2026-04-16T21:08:38,2026-04-17T10:26:16,13.29,WIF,LONG,,false,46,,,3x,0.22307,0.215,0.2365,,,0.215,SL_HIT,-3.6177,3.6177,-1
200,2026-04-16T21:08:38,2026-04-17T10:26:16,13.29,ARB,SHORT,,false,51,,,2x,0.12851,0.1308,0.1248,,,0.1308,SL_HIT,-1.782,1.782,-1
230,2026-04-16T21:21:56,2026-04-17T10:26:16,13.07,FET,SHORT,,false,33,,,2x,0.2376,0.2412,0.2317,,,0.2317,TP1_HIT,2.4832,1.5152,1.6389
263,2026-04-16T21:30:07,2026-04-17T10:26:16,12.94,ARB,LONG,,false,21,,,2x,0.12679,0.1249,0.13,,,0.13,TP1_HIT,2.5317,1.4907,1.6983
276,2026-04-16T21:30:17,2026-04-17T10:26:16,12.93,WIF,LONG,,false,29,,,2x,0.2188,0.2133,0.2279,,,0.2133,SL_HIT,-2.5137,2.5137,-1
304,2026-04-16T22:56:21,2026-04-17T10:26:16,11.5,PENDLE,LONG,,false,28,,,2x,1.2766,1.257,1.309,,,1.309,TP1_HIT,2.538,1.5353,1.6531
314,2026-04-16T23:01:01,2026-04-17T10:26:16,11.42,ARB,SHORT,,false,33,,,2x,0.12866,0.1306,0.1254,,,0.1306,SL_HIT,-1.5079,1.5079,-1
339,2026-04-16T23:04:31,2026-04-17T10:26:16,11.36,ARB,SHORT,,false,33,,,2x,0.12868,0.1306,0.1255,,,0.1306,SL_HIT,-1.4921,1.4921,-1
349,2026-04-16T23:04:31,2026-04-17T10:26:16,11.36,PENDLE,LONG,,false,28,,,2x,1.2748,1.256,1.307,,,1.307,TP1_HIT,2.5259,1.4747,1.7128
359,2026-04-16T23:14:51,2026-04-17T10:26:16,11.19,WIF,LONG,,false,39,,,3x,0.21944,0.2137,0.229,,,0.2137,SL_HIT,-2.6157,2.6157,-1
360,2026-04-16T23:14:51,2026-04-17T10:26:16,11.19,ARB,SHORT,,false,43,,,2x,0.12805,0.13,0.1248,,,0.13,SL_HIT,-1.5228,1.5228,-1
368,2026-04-16T23:19:29,2026-04-17T10:26:16,11.11,ARB,SHORT,,false,40,,,2x,0.12819,0.1301,0.125,,,0.1301,SL_HIT,-1.49,1.49,-1
419,2026-04-16T23:38:52,2026-04-17T10:26:16,10.79,WIF,LONG,,false,36,,,2x,0.21972,0.2133,0.2304,,,0.2133,SL_HIT,-2.9219,2.9219,-1
433,2026-04-16T23:38:52,2026-04-17T10:26:16,10.79,PENDLE,LONG,,false,28,,,2x,1.2755,1.256,1.307,,,1.307,TP1_HIT,2.4696,1.5288,1.6154
435,2026-04-16T23:38:52,2026-04-17T10:26:16,10.79,TRUMP,LONG,,false,36,,,2x,3.0782,3.027,3.164,,,3.027,SL_HIT,-1.6633,1.6633,-1
457,2026-04-16T23:49:53,2026-04-17T10:26:16,10.61,PENDLE,LONG,,false,28,,,2x,1.2748,1.256,1.307,,,1.307,TP1_HIT,2.5259,1.4747,1.7128
458,2026-04-16T23:49:53,2026-04-17T10:26:16,10.61,TRUMP,LONG,,false,36,,,2x,3.0836,3.022,3.186,,,3.022,SL_HIT,-1.9977,1.9977,-1
467,2026-04-16T23:55:27,2026-04-17T10:26:16,10.51,ARB,SHORT,,false,33,,,2x,0.12878,0.1307,0.1256,,,0.1307,SL_HIT,-1.4909,1.4909,-1
482,2026-04-16T23:55:27,2026-04-17T10:26:16,10.51,TRUMP,LONG,,false,29,,,2x,3.0742,3.019,3.166,,,3.019,SL_HIT,-1.7956,1.7956,-1
527,2026-04-17T00:33:31,2026-04-17T10:26:16,9.88,WIF,LONG,,false,48,,,2x,0.21788,0.2137,0.2248,,,0.2137,SL_HIT,-1.9185,1.9185,-1
539,2026-04-17T00:33:31,2026-04-17T10:26:16,9.88,PENDLE,LONG,,false,24,,,2x,1.2827,1.263,1.315,,,1.315,TP1_HIT,2.5181,1.5358,1.6396
335,2026-04-16T23:04:31,2026-04-17T10:27:16,11.38,WIF,LONG,,false,43,,,2x,0.21962,0.2132,0.2303,,,0.2132,SL_HIT,-2.9232,2.9232,-1
361,2026-04-16T23:14:51,2026-04-17T10:27:16,11.21,TRUMP,LONG,,false,43,,,2x,3.0576,3.012,3.134,,,3.012,SL_HIT,-1.4914,1.4914,-1
384,2026-04-16T23:19:29,2026-04-17T10:27:16,11.13,TRUMP,LONG,,false,35,,,2x,3.0564,3.011,3.133,,,3.011,SL_HIT,-1.4854,1.4854,-1
557,2026-04-17T01:01:31,2026-04-17T10:27:16,9.43,WIF,LONG,,false,43,,,2x,0.21931,0.2132,0.2295,,,0.2132,SL_HIT,-2.786,2.786,-1
193,2026-04-16T20:58:13,2026-04-17T10:28:16,13.5,TRUMP,LONG,,false,35,,,2x,3.056,3.01,3.132,,,3.01,SL_HIT,-1.5052,1.5052,-1
301,2026-04-16T22:56:21,2026-04-17T10:29:16,11.55,OP,LONG,,false,28,,,2x,0.13234,0.1304,0.1356,,,0.1304,SL_HIT,-1.4659,1.4659,-1
306,2026-04-16T22:56:21,2026-04-17T10:29:16,11.55,TRUMP,LONG,,false,33,,,2x,3.052,3.006,3.128,,,3.006,SL_HIT,-1.5072,1.5072,-1
312,2026-04-16T23:01:01,2026-04-17T10:29:16,11.47,WIF,LONG,,false,29,,,2x,0.21911,0.2131,0.2291,,,0.2131,SL_HIT,-2.7429,2.7429,-1
351,2026-04-16T23:04:31,2026-04-17T10:29:16,11.41,TRUMP,LONG,,false,40,,,2x,3.0526,3.007,3.129,,,3.007,SL_HIT,-1.4938,1.4938,-1
370,2026-04-16T23:19:29,2026-04-17T10:29:16,11.16,WIF,LONG,,false,36,,,2x,0.21979,0.2129,0.2313,,,0.2129,SL_HIT,-3.1348,3.1348,-1
404,2026-04-16T23:31:25,2026-04-17T10:29:16,10.96,OP,LONG,,false,40,,,2x,0.13244,0.1305,0.1358,,,0.1305,SL_HIT,-1.4648,1.4648,-1
430,2026-04-16T23:38:52,2026-04-17T10:29:16,10.84,OP,LONG,,false,21,,,2x,0.13243,0.1304,0.1357,,,0.1304,SL_HIT,-1.5329,1.5329,-1
446,2026-04-16T23:49:53,2026-04-17T10:29:16,10.66,WIF,LONG,,false,29,,,2x,0.21949,0.2131,0.2301,,,0.2131,SL_HIT,-2.9113,2.9113,-1
454,2026-04-16T23:49:53,2026-04-17T10:29:16,10.66,OP,LONG,,false,28,,,2x,0.13248,0.1305,0.1358,,,0.1305,SL_HIT,-1.4946,1.4946,-1
533,2026-04-17T00:33:31,2026-04-17T10:29:16,9.93,OP,LONG,,false,40,,,2x,0.13224,0.1303,0.1355,,,0.1303,SL_HIT,-1.467,1.467,-1
547,2026-04-17T00:40:49,2026-04-17T10:29:16,9.81,WIF,LONG,,false,43,,,2x,0.2181,0.213,0.2266,,,0.213,SL_HIT,-2.3384,2.3384,-1
552,2026-04-17T00:47:10,2026-04-17T10:29:16,9.7,WIF,LONG,,false,43,,,2x,0.21826,0.2131,0.2268,,,0.2131,SL_HIT,-2.3642,2.3642,-1
572,2026-04-17T02:01:24,2026-04-17T10:29:16,8.46,WIF,LONG,,false,43,,,2x,0.21668,0.213,0.2229,,,0.213,SL_HIT,-1.6984,1.6984,-1
577,2026-04-17T02:10:22,2026-04-17T10:29:16,8.31,WIF,LONG,,false,29,,,2x,0.21672,0.213,0.2229,,,0.213,SL_HIT,-1.7165,1.7165,-1
45,2026-04-16T20:05:09,2026-04-17T10:30:28,14.42,TRUMP,SHORT,,false,26,,,2x,3.0755,3.122,2.999,,,2.999,TP1_HIT,2.4874,1.5119,1.6452
415,2026-04-16T23:38:52,2026-04-17T10:30:28,10.86,SOL,LONG,,false,33,,,2x,89.165,87.828,91.394,,,87.828,SL_HIT,-1.4995,1.4995,-1
438,2026-04-16T23:49:52,2026-04-17T10:30:28,10.68,AVAX,LONG,,false,30,,,2x,9.732,9.586,9.975,,,9.586,SL_HIT,-1.5002,1.5002,-1
456,2026-04-16T23:49:53,2026-04-17T10:30:28,10.68,TAO,LONG,,false,30,,,2x,251.86,248.08,258.16,,,248.08,SL_HIT,-1.5008,1.5008,-1
24,2026-04-16T20:01:21,2026-04-17T10:31:28,14.5,TRUMP,SHORT,,false,33,,,2x,3.0721,3.118,2.995,,,2.995,TP1_HIT,2.5097,1.4941,1.6797
61,2026-04-16T20:21:29,2026-04-17T10:31:28,14.17,TRUMP,SHORT,,false,43,,,2x,3.0725,3.119,2.996,,,2.996,TP1_HIT,2.4898,1.5134,1.6452
176,2026-04-16T20:58:13,2026-04-17T10:31:28,13.55,AVAX,LONG,,false,33,,,2x,9.6938,9.548,9.936,,,9.548,SL_HIT,-1.5041,1.5041,-1
444,2026-04-16T23:49:53,2026-04-17T10:31:28,10.69,SOL,LONG,,false,33,,,2x,89.005,87.67,91.23,,,87.67,SL_HIT,-1.4999,1.4999,-1
517,2026-04-17T00:33:31,2026-04-17T10:31:28,9.97,AVAX,LONG,,false,33,,,2x,9.6984,9.553,9.941,,,9.553,SL_HIT,-1.4992,1.4992,-1
113,2026-04-16T20:38:55,2026-04-17T10:32:28,13.89,ONDO,SHORT,,false,36,,,2x,0.27011,0.2742,0.2634,,,0.2634,TP1_HIT,2.4842,1.5142,1.6406
77,2026-04-16T20:28:26,2026-04-17T10:39:08,14.18,NEAR,LONG,,false,37,,,2x,1.4278,1.406,1.463,,,1.406,SL_HIT,-1.5268,1.5268,-1
161,2026-04-16T20:53:45,2026-04-17T10:39:08,13.76,NEAR,LONG,,false,37,,,2x,1.4246,1.403,1.46,,,1.403,SL_HIT,-1.5162,1.5162,-1
185,2026-04-16T20:58:13,2026-04-17T10:39:08,13.68,NEAR,LONG,,false,37,,,2x,1.4269,1.405,1.463,,,1.405,SL_HIT,-1.5348,1.5348,-1
268,2026-04-16T21:30:07,2026-04-17T10:39:08,13.15,NEAR,LONG,,false,30,,,2x,1.421,1.4,1.457,,,1.4,SL_HIT,-1.4778,1.4778,-1
530,2026-04-17T00:33:31,2026-04-17T10:39:08,10.09,NEAR,LONG,,false,37,,,2x,1.4289,1.407,1.465,,,1.407,SL_HIT,-1.5326,1.5326,-1
36,2026-04-16T20:05:09,2026-04-17T10:40:08,14.58,NEAR,SHORT,,false,28,,,2x,1.4295,1.451,1.394,,,1.394,TP1_HIT,2.4834,1.504,1.6512
100,2026-04-16T20:35:05,2026-04-17T10:40:08,14.08,NEAR,SHORT,,false,42,,,2x,1.4274,1.449,1.392,,,1.392,TP1_HIT,2.48,1.5132,1.6389
219,2026-04-16T21:21:46,2026-04-17T10:40:08,13.31,NEAR,SHORT,,false,47,,,2x,1.4205,1.442,1.385,,,1.385,TP1_HIT,2.4991,1.5136,1.6511
322,2026-04-16T23:01:01,2026-04-17T10:40:08,11.65,NEAR,SHORT,,false,35,,,2x,1.4339,1.455,1.398,,,1.398,TP1_HIT,2.5037,1.4715,1.7015
345,2026-04-16T23:04:31,2026-04-17T10:40:08,11.59,NEAR,SHORT,,false,47,,,2x,1.4292,1.451,1.393,,,1.393,TP1_HIT,2.5329,1.5253,1.6606
354,2026-04-16T23:04:41,2026-04-17T10:40:08,11.59,OP,LONG,,false,28,,,2x,0.1316,0.1296,0.1349,,,0.1296,SL_HIT,-1.5198,1.5198,-1
412,2026-04-16T23:34:35,2026-04-17T10:40:08,11.09,TIA,LONG,,false,36,,,2x,0.40685,0.3944,0.4276,,,0.3944,SL_HIT,-3.0601,3.0601,-1
474,2026-04-16T23:55:27,2026-04-17T10:40:08,10.74,NEAR,SHORT,,false,35,,,2x,1.4348,1.456,1.399,,,1.399,TP1_HIT,2.4951,1.4776,1.6886
436,2026-04-16T23:40:57,2026-04-17T10:41:08,11,TIA,LONG,,false,36,,,2x,0.40967,0.3927,0.4379,,,0.3927,SL_HIT,-4.1424,4.1424,-1
108,2026-04-16T20:35:05,2026-04-17T10:43:08,14.13,TRUMP,SHORT,,false,40,,,2x,3.0621,3.108,2.986,,,2.986,TP1_HIT,2.4852,1.499,1.6579
259,2026-04-16T21:30:07,2026-04-17T10:43:08,13.22,AVAX,LONG,,false,23,,,2x,9.6788,9.534,9.921,,,9.534,SL_HIT,-1.4961,1.4961,-1
358,2026-04-16T23:08:01,2026-04-17T10:43:08,11.59,ONDO,SHORT,,false,33,,,2x,0.26967,0.2737,0.2629,,,0.2629,TP1_HIT,2.5105,1.4944,1.6799
409,2026-04-16T23:31:25,2026-04-17T10:43:08,11.2,TRUMP,SHORT,,false,33,,,2x,3.0625,3.108,2.986,,,2.986,TP1_HIT,2.498,1.4857,1.6814
536,2026-04-17T00:33:31,2026-04-17T10:44:08,10.18,RENDER,LONG,,false,28,,,2x,1.8772,1.849,1.924,,,1.849,SL_HIT,-1.5022,1.5022,-1
371,2026-04-16T23:19:29,2026-04-17T10:45:08,11.43,SOL,LONG,,false,26,,,2x,88.844,87.511,91.065,,,87.511,SL_HIT,-1.5004,1.5004,-1
392,2026-04-16T23:31:25,2026-04-17T10:45:08,11.23,SOL,LONG,,false,33,,,2x,88.93,87.596,91.153,,,87.596,SL_HIT,-1.5001,1.5001,-1
531,2026-04-17T00:33:31,2026-04-17T10:45:08,10.19,SUI,LONG,,false,40,,,2x,0.9994,0.9844,1.0244,,,0.9844,SL_HIT,-1.5009,1.5009,-1
546,2026-04-17T00:40:49,2026-04-17T10:45:08,10.07,SOL,LONG,,false,33,,,2x,88.789,87.457,91.009,,,87.457,SL_HIT,-1.5002,1.5002,-1
556,2026-04-17T01:01:31,2026-04-17T10:45:08,9.73,SOL,LONG,,false,33,,,2x,88.812,87.48,91.032,,,87.48,SL_HIT,-1.4998,1.4998,-1
57,2026-04-16T20:19:59,2026-04-17T10:46:08,14.44,AVAX,SHORT,,false,45,,,2x,9.7591,9.905,9.515,,,9.515,TP1_HIT,2.5013,1.495,1.6731
90,2026-04-16T20:35:05,2026-04-17T10:46:08,14.18,SOL,SHORT,,false,33,,,2x,89.629,90.973,87.388,,,87.388,TP1_HIT,2.5003,1.4995,1.6674
342,2026-04-16T23:04:31,2026-04-17T10:46:08,11.69,ADA,LONG,,false,28,,,2x,0.25859,0.2547,0.2651,,,0.2547,SL_HIT,-1.5043,1.5043,-1
471,2026-04-16T23:55:27,2026-04-17T10:46:08,10.84,DOT,SHORT,,false,33,,,2x,1.3298,1.35,1.297,,,1.297,TP1_HIT,2.4665,1.519,1.6238
524,2026-04-17T00:33:31,2026-04-17T10:46:08,10.21,ADA,LONG,,false,21,,,2x,0.25851,0.2546,0.265,,,0.2546,SL_HIT,-1.5125,1.5125,-1
526,2026-04-17T00:33:31,2026-04-17T10:46:08,10.21,SOL,LONG,,false,33,,,2x,88.706,87.375,90.924,,,87.375,SL_HIT,-1.5005,1.5005,-1
551,2026-04-17T00:47:10,2026-04-17T10:46:08,9.98,SOL,LONG,,false,40,,,2x,88.752,87.421,90.971,,,87.421,SL_HIT,-1.4997,1.4997,-1
26,2026-04-16T20:05:09,2026-04-17T19:09:04,23.07,BTC,SHORT,,false,46,,,2x,75297,76426.46,73414.57,,,76426.46,SL_HIT,-1.5,1.5,-1
27,2026-04-16T20:05:09,2026-04-17T19:09:04,23.07,ETH,SHORT,,false,34,,,2x,2356.1,2391.44,2297.2,,,2391.44,SL_HIT,-1.4999,1.4999,-1
63,2026-04-16T20:28:26,2026-04-17T19:09:04,22.68,BTC,LONG,,false,36,,,2x,75153,74025.71,77031.82,,,77031.82,TP1_HIT,2.5,1.5,1.6667
67,2026-04-16T20:28:26,2026-04-17T19:09:04,22.68,ETH,LONG,,false,43,,,2x,2350,2314.75,2408.75,,,2408.75,TP1_HIT,2.5,1.5,1.6667
72,2026-04-16T20:28:26,2026-04-17T19:09:04,22.68,XRP,SHORT,,false,31,,,2x,1.4556,1.477,1.419,,,1.477,SL_HIT,-1.4702,1.4702,-1
87,2026-04-16T20:35:05,2026-04-17T19:09:04,22.57,BTC,SHORT,,false,53,,,2x,75017,76142.26,73141.57,,,76142.26,SL_HIT,-1.5,1.5,-1
93,2026-04-16T20:35:05,2026-04-17T19:09:04,22.57,ETH,SHORT,,false,53,,,2x,2345.1,2380.28,2286.47,,,2380.28,SL_HIT,-1.5001,1.5001,-1
94,2026-04-16T20:35:05,2026-04-17T19:09:04,22.57,XRP,SHORT,,false,38,,,2x,1.4485,1.47,1.412,,,1.47,SL_HIT,-1.4843,1.4843,-1
99,2026-04-16T20:35:05,2026-04-17T19:09:04,22.57,UNI,SHORT,,false,45,,,2x,3.426,3.477,3.34,,,3.477,SL_HIT,-1.4886,1.4886,-1
147,2026-04-16T20:53:45,2026-04-17T19:09:04,22.26,BTC,SHORT,,false,46,,,2x,75160,76287.4,73281,,,76287.4,SL_HIT,-1.5,1.5,-1
150,2026-04-16T20:53:45,2026-04-17T19:09:04,22.26,ETH,SHORT,,false,32,,,2x,2347,2382.2,2288.32,,,2382.2,SL_HIT,-1.4998,1.4998,-1
154,2026-04-16T20:53:45,2026-04-17T19:09:04,22.26,XRP,SHORT,,false,38,,,2x,1.4499,1.472,1.414,,,1.472,SL_HIT,-1.5242,1.5242,-1
159,2026-04-16T20:53:45,2026-04-17T19:09:04,22.26,UNI,SHORT,,false,33,,,2x,3.426,3.477,3.34,,,3.477,SL_HIT,-1.4886,1.4886,-1
172,2026-04-16T20:58:13,2026-04-17T19:09:04,22.18,ETH,LONG,,false,44,,,2x,2349.3,2314.06,2408.03,,,2408.03,TP1_HIT,2.4999,1.5,1.6666
204,2026-04-16T21:21:46,2026-04-17T19:09:04,21.79,BTC,SHORT,,false,32,,,2x,74800,75922,72930,,,75922,SL_HIT,-1.5,1.5,-1
206,2026-04-16T21:21:46,2026-04-17T19:09:04,21.79,ETH,SHORT,,false,39,,,2x,2338.4,2373.48,2279.94,,,2373.48,SL_HIT,-1.5002,1.5002,-1
209,2026-04-16T21:21:46,2026-04-17T19:09:04,21.79,DOGE,SHORT,,false,47,,,2x,0.098382,0.0999,0.0959,,,0.0999,SL_HIT,-1.543,1.543,-1
210,2026-04-16T21:21:46,2026-04-17T19:09:04,21.79,LINK,SHORT,,false,42,,,2x,9.4755,9.618,9.239,,,9.618,SL_HIT,-1.5039,1.5039,-1
213,2026-04-16T21:21:46,2026-04-17T19:09:04,21.79,XRP,SHORT,,false,47,,,2x,1.4475,1.469,1.411,,,1.469,SL_HIT,-1.4853,1.4853,-1
217,2026-04-16T21:21:46,2026-04-17T19:09:04,21.79,UNI,SHORT,,false,58,,,2x,3.3993,3.45,3.314,,,3.45,SL_HIT,-1.4915,1.4915,-1
231,2026-04-16T21:25:38,2026-04-17T19:09:04,21.72,BTC,SHORT,,false,29,,,2x,74869,75992.04,72997.27,,,75992.04,SL_HIT,-1.5,1.5,-1
232,2026-04-16T21:25:38,2026-04-17T19:09:04,21.72,DOGE,SHORT,,false,28,,,2x,0.09839,0.0999,0.0959,,,0.0999,SL_HIT,-1.5347,1.5347,-1
233,2026-04-16T21:25:38,2026-04-17T19:09:04,21.72,ETH,SHORT,,false,29,,,2x,2338.4,2373.48,2279.94,,,2373.48,SL_HIT,-1.5002,1.5002,-1
236,2026-04-16T21:25:38,2026-04-17T19:09:04,21.72,LINK,SHORT,,false,28,,,2x,9.4751,9.617,9.238,,,9.617,SL_HIT,-1.4976,1.4976,-1
237,2026-04-16T21:25:38,2026-04-17T19:09:04,21.72,XRP,SHORT,,false,35,,,2x,1.4468,1.469,1.411,,,1.469,SL_HIT,-1.5344,1.5344,-1
242,2026-04-16T21:25:38,2026-04-17T19:09:04,21.72,UNI,SHORT,,false,33,,,2x,3.4,3.451,3.315,,,3.451,SL_HIT,-1.5,1.5,-1
255,2026-04-16T21:30:07,2026-04-17T19:09:04,21.65,BTC,SHORT,,false,36,,,2x,74872,75995.08,73000.2,,,75995.08,SL_HIT,-1.5,1.5,-1
256,2026-04-16T21:30:07,2026-04-17T19:09:04,21.65,ETH,SHORT,,false,39,,,2x,2338.7,2373.78,2280.23,,,2373.78,SL_HIT,-1.5,1.5,-1
267,2026-04-16T21:30:07,2026-04-17T19:09:04,21.65,UNI,LONG,,false,21,,,2x,3.4034,3.352,3.488,,,3.488,TP1_HIT,2.4857,1.5103,1.6458
282,2026-04-16T21:33:37,2026-04-17T19:09:04,21.59,ONDO,SHORT,,false,34,,,2x,0.26857,0.2729,0.2613,,,0.2729,SL_HIT,-1.6122,1.6122,-1
284,2026-04-16T22:56:21,2026-04-17T19:09:04,20.21,BTC,LONG,,false,36,,,2x,74839,73716.41,76709.98,,,76709.98,TP1_HIT,2.5,1.5,1.6667
286,2026-04-16T22:56:21,2026-04-17T19:09:04,20.21,LINK,SHORT,,false,47,,,2x,9.5008,9.643,9.263,,,9.643,SL_HIT,-1.4967,1.4967,-1
287,2026-04-16T22:56:21,2026-04-17T19:09:04,20.21,ETH,SHORT,,false,48,,,2x,2341.8,2376.93,2283.26,,,2376.93,SL_HIT,-1.5001,1.5001,-1
296,2026-04-16T22:56:21,2026-04-17T19:09:04,20.21,UNI,SHORT,,false,33,,,2x,3.4183,3.47,3.333,,,3.47,SL_HIT,-1.5124,1.5124,-1
297,2026-04-16T22:56:21,2026-04-17T19:09:04,20.21,AAVE,SHORT,,false,35,,,2x,115.09,116.82,112.21,,,116.82,SL_HIT,-1.5032,1.5032,-1
308,2026-04-16T23:01:01,2026-04-17T19:09:04,20.13,BTC,SHORT,,false,41,,,2x,74832,75954.48,72961.2,,,75954.48,SL_HIT,-1.5,1.5,-1
309,2026-04-16T23:01:01,2026-04-17T19:09:04,20.13,ETH,LONG,,false,41,,,2x,2341.4,2306.28,2399.93,,,2399.93,TP1_HIT,2.4998,1.5,1.6665
316,2026-04-16T23:01:01,2026-04-17T19:09:04,20.13,XRP,SHORT,,false,35,,,2x,1.4499,1.472,1.414,,,1.472,SL_HIT,-1.5242,1.5242,-1
320,2026-04-16T23:01:01,2026-04-17T19:09:04,20.13,UNI,SHORT,,false,33,,,2x,3.4128,3.464,3.327,,,3.464,SL_HIT,-1.5002,1.5002,-1
332,2026-04-16T23:04:31,2026-04-17T19:09:04,20.08,BTC,SHORT,,false,46,,,2x,74871,75994.07,72999.23,,,75994.07,SL_HIT,-1.5,1.5,-1
337,2026-04-16T23:04:31,2026-04-17T19:09:04,20.08,ETH,LONG,,false,53,,,2x,2342.6,2307.46,2401.16,,,2401.16,TP1_HIT,2.4998,1.5,1.6665
340,2026-04-16T23:04:31,2026-04-17T19:09:04,20.08,XRP,SHORT,,false,38,,,2x,1.4493,1.471,1.413,,,1.471,SL_HIT,-1.4973,1.4973,-1
344,2026-04-16T23:04:31,2026-04-17T19:09:04,20.08,UNI,SHORT,,false,33,,,2x,3.4095,3.461,3.324,,,3.461,SL_HIT,-1.5105,1.5105,-1
364,2026-04-16T23:19:29,2026-04-17T19:09:04,19.83,BTC,LONG,,false,41,,,2x,74906,73782.41,76778.65,,,76778.65,TP1_HIT,2.5,1.5,1.6667
367,2026-04-16T23:19:29,2026-04-17T19:09:04,19.83,ETH,LONG,,false,32,,,2x,2342.3,2307.17,2400.86,,,2400.86,TP1_HIT,2.5001,1.4998,1.667
375,2026-04-16T23:19:29,2026-04-17T19:09:04,19.83,UNI,SHORT,,false,40,,,2x,3.407,3.458,3.322,,,3.458,SL_HIT,-1.4969,1.4969,-1
389,2026-04-16T23:31:25,2026-04-17T19:09:04,19.63,BTC,LONG,,false,36,,,2x,75005,73879.93,76880.13,,,76880.13,TP1_HIT,2.5,1.5,1.6667
390,2026-04-16T23:31:25,2026-04-17T19:09:04,19.63,ETH,SHORT,,false,37,,,2x,2347.6,2382.81,2288.91,,,2382.81,SL_HIT,-1.4998,1.4998,-1
397,2026-04-16T23:31:25,2026-04-17T19:09:04,19.63,XRP,SHORT,,false,35,,,2x,1.4503,1.472,1.414,,,1.472,SL_HIT,-1.4962,1.4962,-1
401,2026-04-16T23:31:25,2026-04-17T19:09:04,19.63,UNI,SHORT,,false,33,,,2x,3.4201,3.471,3.335,,,3.471,SL_HIT,-1.4883,1.4883,-1
413,2026-04-16T23:38:52,2026-04-17T19:09:04,19.5,BTC,LONG,,false,36,,,2x,75129,74002.07,77007.23,,,77007.23,TP1_HIT,2.5,1.5,1.6667
416,2026-04-16T23:38:52,2026-04-17T19:09:04,19.5,ETH,LONG,,false,36,,,2x,2353.3,2318,2412.13,,,2412.13,TP1_HIT,2.4999,1.5,1.6666
437,2026-04-16T23:49:52,2026-04-17T19:09:04,19.32,BTC,LONG,,false,36,,,2x,75053,73927.21,76929.32,,,76929.32,TP1_HIT,2.5,1.5,1.6667
443,2026-04-16T23:49:53,2026-04-17T19:09:04,19.32,ETH,SHORT,,false,34,,,2x,2348,2383.22,2289.3,,,2383.22,SL_HIT,-1.5,1.5,-1
460,2026-04-16T23:55:26,2026-04-17T19:09:04,19.23,BTC,SHORT,,false,41,,,2x,75020,76145.3,73144.5,,,76145.3,SL_HIT,-1.5,1.5,-1
462,2026-04-16T23:55:26,2026-04-17T19:09:04,19.23,ETH,SHORT,,false,41,,,2x,2345.7,2380.89,2287.06,,,2380.89,SL_HIT,-1.5002,1.5002,-1
468,2026-04-16T23:55:27,2026-04-17T19:09:04,19.23,XRP,SHORT,,false,35,,,2x,1.4514,1.473,1.415,,,1.473,SL_HIT,-1.4882,1.4882,-1
516,2026-04-17T00:33:31,2026-04-17T19:09:04,18.59,BTC,LONG,,false,43,,,2x,75051,73925.24,76927.27,,,76927.27,TP1_HIT,2.5,1.5,1.6667
522,2026-04-17T00:33:31,2026-04-17T19:09:04,18.59,ETH,LONG,,false,43,,,2x,2348.3,2313.08,2407.01,,,2407.01,TP1_HIT,2.5001,1.4998,1.667
544,2026-04-17T00:40:49,2026-04-17T19:09:04,18.47,BTC,SHORT,,false,37,,,2x,74970,76094.55,73095.75,,,76094.55,SL_HIT,-1.5,1.5,-1
545,2026-04-17T00:40:49,2026-04-17T19:09:04,18.47,ETH,LONG,,false,32,,,2x,2346.2,2311.01,2404.86,,,2404.86,TP1_HIT,2.5002,1.4999,1.6669
549,2026-04-17T00:47:10,2026-04-17T19:09:04,18.36,BTC,SHORT,,false,41,,,2x,74921,76044.82,73047.98,,,76044.82,SL_HIT,-1.5,1.5,-1
550,2026-04-17T00:47:10,2026-04-17T19:09:04,18.36,ETH,SHORT,,false,44,,,2x,2344.5,2379.67,2285.89,,,2379.67,SL_HIT,-1.5001,1.5001,-1
554,2026-04-17T01:01:31,2026-04-17T19:09:04,18.13,BTC,SHORT,,false,43,,,2x,74897,76020.46,73024.57,,,76020.46,SL_HIT,-1.5,1.5,-1
555,2026-04-17T01:01:31,2026-04-17T19:09:04,18.13,ETH,LONG,,false,32,,,2x,2344,2308.84,2402.6,,,2402.6,TP1_HIT,2.5,1.5,1.6667
559,2026-04-17T01:49:01,2026-04-17T19:09:04,17.33,BTC,SHORT,,false,41,,,2x,74626,75745.39,72760.35,,,75745.39,SL_HIT,-1.5,1.5,-1
560,2026-04-17T01:49:01,2026-04-17T19:09:04,17.33,ETH,SHORT,,false,36,,,2x,2330.2,2365.15,2271.94,,,2365.15,SL_HIT,-1.4999,1.4999,-1
562,2026-04-17T01:49:01,2026-04-17T19:09:04,17.33,DOGE,SHORT,,false,35,,,2x,0.098361,0.0998,0.0959,,,0.0998,SL_HIT,-1.463,1.463,-1
564,2026-04-17T01:51:47,2026-04-17T19:09:04,17.29,BTC,SHORT,,false,44,,,2x,74559,75677.38,72695.02,,,75677.38,SL_HIT,-1.5,1.5,-1
565,2026-04-17T01:51:47,2026-04-17T19:09:04,17.29,ETH,SHORT,,false,39,,,2x,2328,2362.92,2269.8,,,2362.92,SL_HIT,-1.5,1.5,-1
567,2026-04-17T01:51:47,2026-04-17T19:09:04,17.29,WIF,SHORT,,false,48,,,2x,0.21643,0.2202,0.2102,,,0.2202,SL_HIT,-1.7419,1.7419,-1
568,2026-04-17T01:51:47,2026-04-17T19:09:04,17.29,DOGE,SHORT,,false,28,,,2x,0.098134,0.0996,0.0957,,,0.0996,SL_HIT,-1.4939,1.4939,-1
569,2026-04-17T02:01:24,2026-04-17T19:09:04,17.13,BTC,SHORT,,false,53,,,2x,74682,75802.23,72814.95,,,75802.23,SL_HIT,-1.5,1.5,-1
570,2026-04-17T02:01:24,2026-04-17T19:09:04,17.13,ETH,SHORT,,false,43,,,2x,2333.3,2368.3,2274.97,,,2368.3,SL_HIT,-1.5,1.5,-1
573,2026-04-17T02:01:24,2026-04-17T19:09:04,17.13,DOGE,SHORT,,false,35,,,2x,0.098336,0.0998,0.0959,,,0.0998,SL_HIT,-1.4888,1.4888,-1
574,2026-04-17T02:10:22,2026-04-17T19:09:04,16.98,BTC,SHORT,,false,34,,,2x,74630,75749.45,72764.25,,,75749.45,SL_HIT,-1.5,1.5,-1
575,2026-04-17T02:10:22,2026-04-17T19:09:04,16.98,ETH,SHORT,,false,29,,,2x,2330.1,2365.05,2271.85,,,2365.05,SL_HIT,-1.4999,1.4999,-1
578,2026-04-17T02:10:22,2026-04-17T19:09:04,16.98,DOGE,SHORT,,false,28,,,2x,0.098143,0.0996,0.0957,,,0.0996,SL_HIT,-1.4846,1.4846,-1
579,2026-04-17T10:28:21,2026-04-17T19:09:04,8.68,BTC,SHORT,,false,36,,,2x,75520,76652.8,73632,,,76652.8,SL_HIT,-1.5,1.5,-1
580,2026-04-17T10:28:21,2026-04-17T19:09:04,8.68,ETH,SHORT,,false,36,,,2x,2350.2,2385.45,2291.44,,,2385.45,SL_HIT,-1.4999,1.4999,-1
582,2026-04-17T10:28:21,2026-04-17T19:09:04,8.68,WIF,SHORT,,false,26,,,2x,0.21317,0.2164,0.2078,,,0.2164,SL_HIT,-1.5152,1.5152,-1
583,2026-04-17T10:28:21,2026-04-17T19:09:04,8.68,DOGE,SHORT,,false,50,,,2x,0.098338,0.0998,0.0959,,,0.0998,SL_HIT,-1.4867,1.4867,-1
584,2026-04-17T10:32:28,2026-04-17T19:09:04,8.61,BTC,SHORT,,false,29,,,2x,75173,76300.6,73293.68,,,76300.6,SL_HIT,-1.5,1.5,-1
585,2026-04-17T10:32:28,2026-04-17T19:09:04,8.61,ETH,SHORT,,false,29,,,2x,2338.8,2373.88,2280.33,,,2373.88,SL_HIT,-1.4999,1.4999,-1
586,2026-04-17T10:32:28,2026-04-17T19:09:04,8.61,SOL,SHORT,,false,45,,,2x,87.636,88.951,85.445,,,88.951,SL_HIT,-1.5005,1.5005,-1
587,2026-04-17T10:32:28,2026-04-17T19:09:04,8.61,WIF,SHORT,,false,33,,,2x,0.2115,0.2147,0.2062,,,0.2147,SL_HIT,-1.513,1.513,-1
588,2026-04-17T10:32:28,2026-04-17T19:09:04,8.61,DOGE,SHORT,,false,35,,,2x,0.097756,0.0992,0.0953,,,0.0992,SL_HIT,-1.4771,1.4771,-1
589,2026-04-17T10:39:09,2026-04-17T19:09:04,8.5,BTC,SHORT,,false,39,,,2x,75162,76289.43,73282.95,,,76289.43,SL_HIT,-1.5,1.5,-1
590,2026-04-17T10:39:09,2026-04-17T19:09:04,8.5,ETH,SHORT,,false,48,,,2x,2340.6,2375.71,2282.09,,,2375.71,SL_HIT,-1.5,1.5,-1
591,2026-04-17T10:39:09,2026-04-17T19:09:04,8.5,SOL,SHORT,,false,50,,,2x,87.687,89.002,85.495,,,89.002,SL_HIT,-1.4997,1.4997,-1
592,2026-04-17T10:39:09,2026-04-17T19:09:04,8.5,WIF,SHORT,,false,45,,,2x,0.21139,0.2146,0.2061,,,0.2146,SL_HIT,-1.5185,1.5185,-1
593,2026-04-17T10:39:09,2026-04-17T19:09:04,8.5,DOGE,SHORT,,false,38,,,2x,0.097941,0.0994,0.0955,,,0.0994,SL_HIT,-1.4897,1.4897,-1
594,2026-04-17T10:52:44,2026-04-17T19:09:04,8.27,BTC,SHORT,,false,36,,,2x,75183,76310.74,73303.43,,,76310.74,SL_HIT,-1.5,1.5,-1
595,2026-04-17T10:52:44,2026-04-17T19:09:04,8.27,ETH,LONG,,false,34,,,2x,2340.5,2305.39,2399.01,,,2399.01,TP1_HIT,2.4999,1.5001,1.6665
596,2026-04-17T10:52:44,2026-04-17T19:09:04,8.27,SOL,SHORT,,false,31,,,2x,87.58,88.894,85.391,,,88.894,SL_HIT,-1.5003,1.5003,-1
600,2026-04-17T11:07:37,2026-04-17T19:09:04,8.02,ETH,LONG,,false,41,,,2x,2346.9,2311.7,2405.57,,,2405.57,TP1_HIT,2.4999,1.4999,1.6667
601,2026-04-17T11:07:37,2026-04-17T19:09:04,8.02,DOGE,SHORT,,false,35,,,2x,0.098015,0.0995,0.0956,,,0.0995,SL_HIT,-1.5151,1.5151,-1
171,2026-04-16T20:58:13,2026-04-17T19:11:56,22.23,BTC,LONG,,false,43,,,2x,75208,74079.88,77088.2,,,77088.2,TP1_HIT,2.5,1.5,1.6667
366,2026-04-16T23:19:29,2026-04-17T19:11:56,19.87,LINK,SHORT,,false,47,,,2x,9.5096,9.652,9.272,,,9.652,SL_HIT,-1.4974,1.4974,-1
563,2026-04-17T01:49:01,2026-04-17T19:11:56,17.38,AVAX,SHORT,,false,35,,,2x,9.6296,9.774,9.389,,,9.774,SL_HIT,-1.4995,1.4995,-1
598,2026-04-17T10:52:44,2026-04-17T19:11:56,8.32,AVAX,LONG,,false,30,,,2x,9.5379,9.395,9.776,,,9.776,TP1_HIT,2.4964,1.4982,1.6663
64,2026-04-16T20:28:26,2026-04-17T19:13:56,22.76,DOGE,SHORT,,false,28,,,2x,0.09863,0.1001,0.0962,,,0.1001,SL_HIT,-1.4904,1.4904,-1
203,2026-04-16T21:15:28,2026-04-17T19:13:56,21.97,AAVE,SHORT,,false,65,,,2x,115.41,117.14,112.52,,,117.14,SL_HIT,-1.499,1.499,-1
240,2026-04-16T21:25:38,2026-04-17T19:13:56,21.81,ADA,SHORT,,false,33,,,2x,0.25715,0.261,0.2507,,,0.261,SL_HIT,-1.4972,1.4972,-1
334,2026-04-16T23:04:31,2026-04-17T19:13:56,20.16,LINK,SHORT,,false,31,,,2x,9.5154,9.658,9.278,,,9.658,SL_HIT,-1.4986,1.4986,-1
485,2026-04-17T00:00:01,2026-04-17T19:13:56,19.23,RENDER,SHORT,,false,33,,,2x,1.8745,1.903,1.828,,,1.903,SL_HIT,-1.5204,1.5204,-1
528,2026-04-17T00:33:31,2026-04-17T19:13:56,18.67,UNI,LONG,,false,31,,,2x,3.4129,3.362,3.498,,,3.498,TP1_HIT,2.4935,1.4914,1.6719
3,2026-04-16T20:01:20,2026-04-17T19:14:56,23.23,ETH,LONG,,false,29,,,2x,2361.3,2325.88,2420.33,,,2420.33,TP1_HIT,2.4999,1.5,1.6666
89,2026-04-16T20:35:05,2026-04-17T19:14:56,22.66,LINK,SHORT,,false,47,,,2x,9.5272,9.67,9.289,,,9.67,SL_HIT,-1.4989,1.4989,-1
152,2026-04-16T20:53:45,2026-04-17T19:14:56,22.35,LINK,SHORT,,false,35,,,2x,9.5208,9.664,9.283,,,9.664,SL_HIT,-1.5041,1.5041,-1
215,2026-04-16T21:21:46,2026-04-17T19:14:56,21.89,ADA,SHORT,,false,45,,,2x,0.25743,0.2613,0.251,,,0.2613,SL_HIT,-1.5033,1.5033,-1
410,2026-04-16T23:31:30,2026-04-17T19:14:56,19.72,AAVE,SHORT,,false,31,,,2x,115.65,117.38,112.76,,,117.38,SL_HIT,-1.4959,1.4959,-1
97,2026-04-16T20:35:05,2026-04-17T19:15:56,22.68,ADA,SHORT,,false,45,,,2x,0.25765,0.2615,0.2512,,,0.2615,SL_HIT,-1.4943,1.4943,-1
162,2026-04-16T20:53:45,2026-04-17T19:15:56,22.37,SUI,LONG,,false,28,,,2x,0.9893,0.9745,1.014,,,1.014,TP1_HIT,2.4967,1.496,1.6689
280,2026-04-16T21:33:37,2026-04-17T19:15:56,21.71,SEI,SHORT,,false,41,,,2x,0.058295,0.0593,0.0567,,,0.0593,SL_HIT,-1.724,1.724,-1
315,2026-04-16T23:01:01,2026-04-17T19:15:56,20.25,DOGE,SHORT,,false,35,,,2x,0.098811,0.1003,0.0963,,,0.1003,SL_HIT,-1.5069,1.5069,-1
597,2026-04-17T10:52:44,2026-04-17T19:15:56,8.39,DOGE,LONG,,false,30,,,2x,0.097864,0.0964,0.1003,,,0.1003,TP1_HIT,2.4892,1.496,1.6639
599,2026-04-17T11:07:37,2026-04-17T19:15:56,8.14,BTC,LONG,,false,41,,,2x,75327,74197.1,77210.18,,,77210.18,TP1_HIT,2.5,1.5,1.6667
1,2026-04-16T20:01:20,2026-04-17T19:17:56,23.28,BTC,LONG,,false,29,,,2x,75431,74299.54,77316.77,,,77316.77,TP1_HIT,2.5,1.5,1.6667
37,2026-04-16T20:05:09,2026-04-17T19:17:56,23.21,SUI,SHORT,,false,28,,,2x,1.0011,1.016,0.976,,,1.016,SL_HIT,-1.4884,1.4884,-1
163,2026-04-16T20:53:45,2026-04-17T19:17:56,22.4,APT,LONG,,false,40,,,2x,0.9808,0.9661,1.0053,,,1.0053,TP1_HIT,2.498,1.4988,1.6667
186,2026-04-16T20:58:13,2026-04-17T19:17:56,22.33,SUI,LONG,,false,40,,,2x,0.9914,0.9765,1.0162,,,1.0162,TP1_HIT,2.5015,1.5029,1.6644
205,2026-04-16T21:21:46,2026-04-17T19:17:56,21.94,AVAX,SHORT,,false,52,,,2x,9.6661,9.811,9.424,,,9.811,SL_HIT,-1.4991,1.4991,-1
234,2026-04-16T21:25:38,2026-04-17T19:17:56,21.87,AVAX,SHORT,,false,35,,,2x,9.6601,9.805,9.419,,,9.805,SL_HIT,-1.5,1.5,-1
318,2026-04-16T23:01:01,2026-04-17T19:17:56,20.28,ADA,SHORT,,false,33,,,2x,0.25817,0.262,0.2517,,,0.262,SL_HIT,-1.4835,1.4835,-1
374,2026-04-16T23:19:29,2026-04-17T19:17:56,19.97,ADA,SHORT,,false,45,,,2x,0.25833,0.2622,0.2519,,,0.2622,SL_HIT,-1.4981,1.4981,-1
475,2026-04-16T23:55:27,2026-04-17T19:17:56,19.37,SUI,SHORT,,false,33,,,2x,1.0007,1.016,0.976,,,1.016,SL_HIT,-1.5289,1.5289,-1
566,2026-04-17T01:51:47,2026-04-17T19:17:56,17.44,SOL,SHORT,,false,41,,,2x,87.963,89.282,85.764,,,89.282,SL_HIT,-1.4995,1.4995,-1
111,2026-04-16T20:38:55,2026-04-17T19:18:56,22.67,SEI,SHORT,,false,36,,,2x,0.058651,0.0595,0.0572,,,0.0595,SL_HIT,-1.4475,1.4475,-1
197,2026-04-16T21:03:08,2026-04-17T19:18:56,22.26,SEI,SHORT,,false,43,,,2x,0.058668,0.0595,0.0572,,,0.0595,SL_HIT,-1.4181,1.4181,-1
289,2026-04-16T22:56:21,2026-04-17T19:18:56,20.38,DOGE,SHORT,,false,35,,,2x,0.099018,0.1005,0.0965,,,0.1005,SL_HIT,-1.4967,1.4967,-1
357,2026-04-16T23:08:01,2026-04-17T19:18:56,20.18,SEI,SHORT,,false,43,,,2x,0.058577,0.0595,0.0571,,,0.0595,SL_HIT,-1.5757,1.5757,-1
386,2026-04-16T23:23:04,2026-04-17T19:18:56,19.93,SEI,SHORT,,false,40,,,2x,0.058585,0.0595,0.0571,,,0.0595,SL_HIT,-1.5618,1.5618,-1
187,2026-04-16T20:58:13,2026-04-17T19:19:56,22.36,APT,LONG,,false,45,,,2x,0.9826,0.9679,1.0072,,,1.0072,TP1_HIT,2.5036,1.496,1.6735
576,2026-04-17T02:10:22,2026-04-17T19:20:56,17.18,SOL,SHORT,,false,38,,,2x,88.015,89.335,85.815,,,89.335,SL_HIT,-1.4997,1.4997,-1
2,2026-04-16T20:01:20,2026-04-17T21:32:39,25.52,WIF,SHORT,,false,34,,,2x,0.22515,0.2372,0.2051,,,0.2174501,EXPIRED_WIN,3.4199,5.352,0.639
10,2026-04-16T20:01:21,2026-04-17T21:32:39,25.52,BNB,LONG,,false,23,,,2x,637.17,627.61,653.1,,,642.54516612,EXPIRED_WIN,0.8436,1.5004,0.5623
19,2026-04-16T20:01:21,2026-04-17T21:32:39,25.52,JUP,LONG,,false,36,,,2x,0.18041,0.0929,0.3262,,,0.18612503,EXPIRED_WIN,3.1678,48.5062,0.0653
25,2026-04-16T20:01:21,2026-04-17T21:32:39,25.52,HYPE,SHORT,,false,41,,,2x,44.132,44.794,43.029,,,44.50650415,EXPIRED_LOSS,-0.8486,1.5,-0.5657
29,2026-04-16T20:05:09,2026-04-17T21:32:39,25.46,LINK,SHORT,,false,28,,,2x,9.6348,9.779,9.394,,,9.64304739,EXPIRED_LOSS,-0.0856,1.4967,-0.0572
33,2026-04-16T20:05:09,2026-04-17T21:32:39,25.46,ADA,SHORT,,false,26,,,2x,0.2599,0.2638,0.2534,,,0.26042994,EXPIRED_LOSS,-0.2039,1.5006,-0.1359
34,2026-04-16T20:05:09,2026-04-17T21:32:39,25.46,BNB,SHORT,,false,28,,,2x,636.41,645.96,620.5,,,642.5449924,EXPIRED_LOSS,-0.964,1.5006,-0.6424
40,2026-04-16T20:05:09,2026-04-17T21:32:39,25.46,JUP,LONG,,false,36,,,2x,0.17984,0.0924,0.3255,,,0.18612505,EXPIRED_WIN,3.4948,48.621,0.0719
44,2026-04-16T20:05:09,2026-04-17T21:32:39,25.46,HBAR,SHORT,,false,33,,,2x,0.0908,0.0922,0.0885,,,0.09069304,EXPIRED_WIN,0.1178,1.5419,0.0764
46,2026-04-16T20:05:09,2026-04-17T21:32:39,25.46,HYPE,SHORT,,false,34,,,2x,44.031,44.691,42.93,,,44.50649077,EXPIRED_LOSS,-1.0799,1.4989,-0.7205
47,2026-04-16T20:05:14,2026-04-17T21:32:39,25.46,WIF,SHORT,,false,41,,,2x,0.22477,0.2365,0.2052,,,0.21744992,EXPIRED_WIN,3.2567,5.2187,0.624
48,2026-04-16T20:05:14,2026-04-17T21:32:39,25.46,DOGE,SHORT,,false,28,,,2x,0.099355,0.1008,0.0969,,,0.10019505,EXPIRED_LOSS,-0.8455,1.4544,-0.5813
50,2026-04-16T20:05:14,2026-04-17T21:32:39,25.46,UNI,SHORT,,false,29,,,2x,3.4563,3.537,3.322,,,3.50615021,EXPIRED_LOSS,-1.4423,2.3349,-0.6177
51,2026-04-16T20:09:29,2026-04-17T21:32:39,25.39,TIA,SHORT,,false,44,,,3x,0.3972,0.4288,0.3446,,,0.42540001,EXPIRED_LOSS,-7.0997,7.9557,-0.8924
54,2026-04-16T20:15:59,2026-04-17T21:32:39,25.28,APT,LONG,,false,36,,,2x,0.9885,0.9737,1.0132,,,1.0060004,EXPIRED_WIN,1.7704,1.4972,1.1825
55,2026-04-16T20:15:59,2026-04-17T21:32:39,25.28,JUP,LONG,,false,46,,,3x,0.17944,0.1066,0.3008,,,0.18612504,EXPIRED_WIN,3.7255,40.593,0.0918
56,2026-04-16T20:19:29,2026-04-17T21:32:39,25.22,TIA,SHORT,,false,51,,,3x,0.39335,0.4269,0.3374,,,0.42540016,EXPIRED_LOSS,-8.148,8.5293,-0.9553
68,2026-04-16T20:28:26,2026-04-17T21:32:39,25.07,WIF,SHORT,,false,36,,,2x,0.22442,0.2359,0.2054,,,0.21744996,EXPIRED_WIN,3.1058,5.1154,0.6071
71,2026-04-16T20:28:26,2026-04-17T21:32:39,25.07,BNB,SHORT,,false,35,,,2x,635,644.52,619.13,,,642.54507,EXPIRED_LOSS,-1.1882,1.4992,-0.7926
78,2026-04-16T20:28:26,2026-04-17T21:32:39,25.07,SUI,LONG,,false,37,,,2x,0.99466,0.9797,1.0195,,,1.01065015,EXPIRED_WIN,1.6076,1.504,1.0689
80,2026-04-16T20:28:26,2026-04-17T21:32:39,25.07,OP,SHORT,,false,31,,,2x,0.1321,0.1341,0.1288,,,0.1341,SL_HIT,-1.514,1.514,-1
81,2026-04-16T20:28:26,2026-04-17T21:32:39,25.07,JUP,LONG,,false,48,,,2x,0.17946,0.0902,0.3281,,,0.18612496,EXPIRED_WIN,3.7139,49.7381,0.0747
84,2026-04-16T20:28:26,2026-04-17T21:32:39,25.07,HBAR,SHORT,,false,31,,,2x,0.091064,0.0924,0.0888,,,0.09069301,EXPIRED_WIN,0.4074,1.4671,0.2777
86,2026-04-16T20:28:26,2026-04-17T21:32:39,25.07,HYPE,SHORT,,false,48,,,2x,43.733,44.389,42.64,,,44.389,SL_HIT,-1.5,1.5,-1
88,2026-04-16T20:35:05,2026-04-17T21:32:39,24.96,AVAX,SHORT,,false,38,,,2x,9.6806,9.826,9.439,,,9.8064962,EXPIRED_LOSS,-1.3005,1.502,-0.8658
92,2026-04-16T20:35:05,2026-04-17T21:32:39,24.96,WIF,SHORT,,false,48,,,2x,0.22222,0.2316,0.2065,,,0.21745005,EXPIRED_WIN,2.1465,4.221,0.5085
96,2026-04-16T20:35:05,2026-04-17T21:32:39,24.96,BNB,SHORT,,false,42,,,2x,634.03,643.54,618.18,,,642.5450229,EXPIRED_LOSS,-1.343,1.4999,-0.8954
98,2026-04-16T20:35:05,2026-04-17T21:32:39,24.96,DOT,SHORT,,false,36,,,2x,1.3271,1.347,1.294,,,1.33085038,EXPIRED_LOSS,-0.2826,1.4995,-0.1885
104,2026-04-16T20:35:05,2026-04-17T21:32:39,24.96,JUP,SHORT,,false,48,,,2x,0.17877,0.2653,0.0346,,,0.18612496,EXPIRED_LOSS,-4.1142,48.403,-0.085
107,2026-04-16T20:35:05,2026-04-17T21:32:39,24.96,HBAR,SHORT,,false,40,,,2x,0.090633,0.092,0.0884,,,0.090693,EXPIRED_LOSS,-0.0662,1.5083,-0.0439
112,2026-04-16T20:38:55,2026-04-17T21:32:39,24.9,TIA,SHORT,,false,44,,,3x,0.39227,0.4289,0.3312,,,0.42539995,EXPIRED_LOSS,-8.4457,9.338,-0.9044
115,2026-04-16T20:45:25,2026-04-17T21:32:39,24.79,JUP,LONG,,false,39,,,3x,0.17887,0.1065,0.2995,,,0.18612497,EXPIRED_WIN,4.056,40.4596,0.1002
148,2026-04-16T20:53:45,2026-04-17T21:32:39,24.65,WIF,SHORT,,false,41,,,2x,0.22252,0.2321,0.2066,,,0.2174501,EXPIRED_WIN,2.2784,4.3052,0.5292
149,2026-04-16T20:53:45,2026-04-17T21:32:39,24.65,SOL,SHORT,,false,29,,,2x,89.527,90.87,87.289,,,88.99950692,EXPIRED_WIN,0.5892,1.5001,0.3928
151,2026-04-16T20:53:45,2026-04-17T21:32:39,24.65,AVAX,SHORT,,false,42,,,2x,9.688,9.833,9.446,,,9.80650362,EXPIRED_LOSS,-1.2232,1.4967,-0.8173
156,2026-04-16T20:53:45,2026-04-17T21:32:39,24.65,BNB,SHORT,,false,38,,,2x,634.77,644.29,618.9,,,642.54529773,EXPIRED_LOSS,-1.2249,1.4998,-0.8167
157,2026-04-16T20:53:45,2026-04-17T21:32:39,24.65,ADA,LONG,,false,35,,,2x,0.25724,0.2534,0.2637,,,0.26043003,EXPIRED_WIN,1.2401,1.4928,0.8307
158,2026-04-16T20:53:45,2026-04-17T21:32:39,24.65,DOT,SHORT,,false,33,,,2x,1.328,1.348,1.295,,,1.33084989,EXPIRED_LOSS,-0.2146,1.506,-0.1425
165,2026-04-16T20:53:45,2026-04-17T21:32:39,24.65,JUP,SHORT,,false,53,,,2x,0.17983,0.2697,0.03,,,0.18612495,EXPIRED_LOSS,-3.5005,49.975,-0.07
168,2026-04-16T20:53:45,2026-04-17T21:32:39,24.65,HBAR,LONG,,false,33,,,2x,0.090637,0.0893,0.0929,,,0.09069301,EXPIRED_WIN,0.0618,1.4751,0.0419
169,2026-04-16T20:53:45,2026-04-17T21:32:39,24.65,TRUMP,SHORT,,false,33,,,2x,3.0546,3.1,2.978,,,3.06065116,EXPIRED_LOSS,-0.1981,1.4863,-0.1333
170,2026-04-16T20:53:45,2026-04-17T21:32:39,24.65,HYPE,LONG,,false,36,,,2x,43.593,42.939,44.683,,,44.50649132,EXPIRED_WIN,2.0955,1.5002,1.3968
175,2026-04-16T20:58:13,2026-04-17T21:32:39,24.57,DOGE,LONG,,false,55,,,2x,0.098549,0.0971,0.101,,,0.10019497,EXPIRED_WIN,1.6702,1.4703,1.136
177,2026-04-16T20:58:13,2026-04-17T21:32:39,24.57,LINK,LONG,,false,30,,,2x,9.536,9.393,9.774,,,9.64305114,EXPIRED_WIN,1.1226,1.4996,0.7486
180,2026-04-16T20:58:13,2026-04-17T21:32:39,24.57,BNB,LONG,,false,37,,,2x,634.95,625.43,650.82,,,642.5452719,EXPIRED_WIN,1.1962,1.4993,0.7978
181,2026-04-16T20:58:13,2026-04-17T21:32:39,24.57,ADA,LONG,,false,31,,,2x,0.25775,0.2539,0.2642,,,0.26043008,EXPIRED_WIN,1.0398,1.4937,0.6961
182,2026-04-16T20:58:13,2026-04-17T21:32:39,24.57,DOT,SHORT,,false,53,,,2x,1.3258,1.346,1.293,,,1.33084997,EXPIRED_LOSS,-0.3809,1.5236,-0.25
189,2026-04-16T20:58:13,2026-04-17T21:32:39,24.57,JUP,LONG,,false,48,,,2x,0.18021,0.0901,0.3304,,,0.18612503,EXPIRED_WIN,3.2823,50.0028,0.0656
192,2026-04-16T20:58:13,2026-04-17T21:32:39,24.57,HBAR,LONG,,false,28,,,2x,0.090635,0.0893,0.0929,,,0.09069301,EXPIRED_WIN,0.064,1.4729,0.0435
194,2026-04-16T20:58:13,2026-04-17T21:32:39,24.57,HYPE,LONG,,false,48,,,2x,43.648,42.993,44.739,,,44.50651251,EXPIRED_WIN,1.9669,1.5006,1.3107
195,2026-04-16T21:01:13,2026-04-17T21:32:39,24.52,TIA,LONG,,false,38,,,2x,0.39367,0.3525,0.4622,,,0.4254002,EXPIRED_WIN,8.0601,10.458,0.7707
199,2026-04-16T21:08:38,2026-04-17T21:32:39,24.4,JUP,LONG,,false,46,,,3x,0.18016,0.1069,0.3022,,,0.18612492,EXPIRED_WIN,3.3109,40.6639,0.0814
201,2026-04-16T21:11:38,2026-04-17T21:32:39,24.35,TIA,SHORT,,false,34,,,3x,0.3951,0.433,0.332,,,0.42539982,EXPIRED_LOSS,-7.6689,9.5925,-0.7995
207,2026-04-16T21:21:46,2026-04-17T21:32:39,24.18,SOL,SHORT,,false,38,,,2x,89.05,90.386,86.824,,,88.99950865,EXPIRED_WIN,0.0567,1.5003,0.0378
208,2026-04-16T21:21:46,2026-04-17T21:32:39,24.18,WIF,SHORT,,false,39,,,2x,0.21912,0.2273,0.2055,,,0.21745009,EXPIRED_WIN,0.7621,3.7331,0.2041
214,2026-04-16T21:21:46,2026-04-17T21:32:39,24.18,BNB,SHORT,,false,60,,,2x,632.98,642.47,617.16,,,642.47,SL_HIT,-1.4993,1.4993,-1
216,2026-04-16T21:21:46,2026-04-17T21:32:39,24.18,DOT,SHORT,,false,46,,,2x,1.3251,1.345,1.292,,,1.33084961,EXPIRED_LOSS,-0.4339,1.5018,-0.2889
223,2026-04-16T21:21:46,2026-04-17T21:32:39,24.18,JUP,SHORT,,false,48,,,2x,0.17869,0.2658,0.0335,,,0.18612493,EXPIRED_LOSS,-4.1608,48.7492,-0.0854
226,2026-04-16T21:21:46,2026-04-17T21:32:39,24.18,HBAR,SHORT,,false,45,,,2x,0.09041,0.0918,0.0881,,,0.09069298,EXPIRED_LOSS,-0.313,1.5374,-0.2036
235,2026-04-16T21:25:38,2026-04-17T21:32:39,24.12,SOL,SHORT,,false,33,,,2x,88.885,90.218,86.663,,,88.99948388,EXPIRED_LOSS,-0.1288,1.4997,-0.0859
239,2026-04-16T21:25:38,2026-04-17T21:32:39,24.12,BNB,SHORT,,false,28,,,2x,633.45,642.95,617.61,,,642.5450751,EXPIRED_LOSS,-1.4358,1.4997,-0.9574
250,2026-04-16T21:25:38,2026-04-17T21:32:39,24.12,HBAR,SHORT,,false,33,,,2x,0.090199,0.0916,0.0879,,,0.09069302,EXPIRED_LOSS,-0.5477,1.5532,-0.3526
253,2026-04-16T21:25:43,2026-04-17T21:32:39,24.12,WIF,SHORT,,false,41,,,2x,0.21856,0.2244,0.2088,,,0.21744993,EXPIRED_WIN,0.5079,2.672,0.1901
254,2026-04-16T21:25:43,2026-04-17T21:32:39,24.12,JUP,SHORT,,false,36,,,2x,0.17828,0.2622,0.0385,,,0.18612503,EXPIRED_LOSS,-4.4004,47.072,-0.0935
257,2026-04-16T21:30:07,2026-04-17T21:32:39,24.04,SOL,SHORT,,false,36,,,2x,88.808,90.14,86.588,,,88.99947005,EXPIRED_LOSS,-0.2156,1.4999,-0.1437
258,2026-04-16T21:30:07,2026-04-17T21:32:39,24.04,DOGE,LONG,,false,23,,,2x,0.098529,0.0971,0.101,,,0.10019503,EXPIRED_WIN,1.6909,1.4503,1.1659
260,2026-04-16T21:30:07,2026-04-17T21:32:39,24.04,LINK,LONG,,false,30,,,2x,9.4836,9.341,9.721,,,9.64304777,EXPIRED_WIN,1.6813,1.5036,1.1182
261,2026-04-16T21:30:07,2026-04-17T21:32:39,24.04,BNB,LONG,,false,26,,,2x,633.73,624.22,649.57,,,642.5451843,EXPIRED_WIN,1.391,1.5006,0.927
264,2026-04-16T21:30:07,2026-04-17T21:32:39,24.04,ADA,LONG,,false,28,,,2x,0.25756,0.2537,0.264,,,0.26042999,EXPIRED_WIN,1.1143,1.4987,0.7435
271,2026-04-16T21:30:07,2026-04-17T21:32:39,24.04,JUP,LONG,,false,36,,,2x,0.17843,0.0924,0.3218,,,0.18612497,EXPIRED_WIN,4.3126,48.215,0.0894
274,2026-04-16T21:30:07,2026-04-17T21:32:39,24.04,TRUMP,LONG,,false,24,,,2x,3.0213,2.976,3.097,,,3.06064941,EXPIRED_WIN,1.3024,1.4994,0.8686
277,2026-04-16T21:30:17,2026-04-17T21:32:39,24.04,APT,LONG,,false,29,,,2x,0.9851,0.9673,1.0148,,,1.00599988,EXPIRED_WIN,2.1216,1.8069,1.1742
278,2026-04-16T21:30:17,2026-04-17T21:32:39,24.04,HBAR,SHORT,,false,34,,,2x,0.090201,0.0916,0.0879,,,0.09069296,EXPIRED_LOSS,-0.5454,1.551,-0.3516
478,2026-04-16T23:55:27,2026-04-17T21:32:39,21.62,OP,SHORT,,false,33,,,2x,0.13208,0.1341,0.1288,,,0.1341,SL_HIT,-1.5294,1.5294,-1
487,2026-04-17T00:00:01,2026-04-17T21:32:39,21.54,HYPE,SHORT,,false,41,,,2x,43.813,44.47,42.718,,,44.47,SL_HIT,-1.4996,1.4996,-1
279,2026-04-16T21:33:37,2026-04-17T21:33:39,24,TIA,SHORT,,false,51,,,3x,0.38595,0.468,0.2492,,,0.42467005,EXPIRED_LOSS,-10.0324,21.2592,-0.4719
285,2026-04-16T22:56:21,2026-04-17T23:25:23,24.48,AVAX,SHORT,,false,40,,,2x,9.7363,9.882,9.493,,,9.71140428,EXPIRED_WIN,0.2557,1.4965,0.1709
288,2026-04-16T22:56:21,2026-04-17T23:25:23,24.48,WIF,SHORT,,false,36,,,2x,0.21946,0.2258,0.2089,,,0.21469508,EXPIRED_WIN,2.1712,2.8889,0.7516
290,2026-04-16T22:56:21,2026-04-17T23:25:23,24.48,SOL,SHORT,,false,45,,,2x,89.029,90.364,86.803,,,88.69950367,EXPIRED_WIN,0.3701,1.4995,0.2468
293,2026-04-16T22:56:21,2026-04-17T23:25:23,24.48,BNB,SHORT,,false,38,,,2x,633.75,643.26,617.91,,,643.01479125,EXPIRED_LOSS,-1.4619,1.5006,-0.9742
302,2026-04-16T22:56:21,2026-04-17T23:25:23,24.48,JUP,LONG,,false,48,,,2x,0.18024,0.0926,0.3262,,,0.18489001,EXPIRED_WIN,2.5799,48.6241,0.0531
305,2026-04-16T22:56:21,2026-04-17T23:25:23,24.48,HBAR,SHORT,,false,31,,,2x,0.090083,0.0914,0.0878,,,0.09049801,EXPIRED_LOSS,-0.4607,1.462,-0.3151
307,2026-04-16T22:56:21,2026-04-17T23:25:23,24.48,HYPE,LONG,,false,48,,,2x,43.559,42.906,44.648,,,44.44350905,EXPIRED_WIN,2.0306,1.4991,1.3545
310,2026-04-16T23:01:01,2026-04-17T23:25:23,24.41,SOL,SHORT,,false,38,,,2x,88.938,90.272,86.715,,,88.69946828,EXPIRED_WIN,0.2682,1.4999,0.1788
311,2026-04-16T23:01:01,2026-04-17T23:25:23,24.41,AVAX,SHORT,,false,35,,,2x,9.7076,9.853,9.465,,,9.71139567,EXPIRED_LOSS,-0.0391,1.4978,-0.0261
313,2026-04-16T23:01:01,2026-04-17T23:25:23,24.41,LINK,LONG,,false,30,,,2x,9.5139,9.371,9.752,,,9.60519538,EXPIRED_WIN,0.9596,1.502,0.6389
317,2026-04-16T23:01:01,2026-04-17T23:25:23,24.41,BNB,SHORT,,false,35,,,2x,633.21,642.71,617.38,,,642.71,SL_HIT,-1.5003,1.5003,-1
319,2026-04-16T23:01:01,2026-04-17T23:25:23,24.41,DOT,SHORT,,false,33,,,2x,1.3237,1.344,1.291,,,1.32820058,EXPIRED_LOSS,-0.34,1.5336,-0.2217
323,2026-04-16T23:01:01,2026-04-17T23:25:23,24.41,SUI,SHORT,,false,33,,,2x,1.003,1.018,0.978,,,0.99815952,EXPIRED_WIN,0.4826,1.4955,0.3227
324,2026-04-16T23:01:01,2026-04-17T23:25:23,24.41,APT,SHORT,,false,28,,,2x,0.9938,1.0087,0.969,,,0.99669991,EXPIRED_LOSS,-0.2918,1.4993,-0.1946
326,2026-04-16T23:01:01,2026-04-17T23:25:23,24.41,JUP,SHORT,,false,36,,,2x,0.17994,0.2676,0.0339,,,0.18488997,EXPIRED_LOSS,-2.7509,48.7162,-0.0565
329,2026-04-16T23:01:01,2026-04-17T23:25:23,24.41,HBAR,SHORT,,false,28,,,2x,0.090049,0.0914,0.0878,,,0.09049798,EXPIRED_LOSS,-0.4986,1.5003,-0.3323
330,2026-04-16T23:01:01,2026-04-17T23:25:23,24.41,TRUMP,SHORT,,false,26,,,2x,3.0495,3.095,2.973,,,3.04705125,EXPIRED_WIN,0.0803,1.492,0.0538
331,2026-04-16T23:01:01,2026-04-17T23:25:23,24.41,HYPE,LONG,,false,41,,,2x,43.609,42.955,44.699,,,44.44350182,EXPIRED_WIN,1.9136,1.4997,1.276
333,2026-04-16T23:04:31,2026-04-17T23:25:23,24.35,AVAX,SHORT,,false,35,,,2x,9.7022,9.848,9.46,,,9.71139769,EXPIRED_LOSS,-0.0948,1.5028,-0.0631
336,2026-04-16T23:04:31,2026-04-17T23:25:23,24.35,SOL,SHORT,,false,50,,,2x,88.885,90.218,86.663,,,88.69949701,EXPIRED_WIN,0.2087,1.4997,0.1392
338,2026-04-16T23:04:31,2026-04-17T23:25:23,24.35,DOGE,LONG,,false,42,,,2x,0.098947,0.0975,0.1014,,,0.099304,EXPIRED_WIN,0.3608,1.4624,0.2467
341,2026-04-16T23:04:31,2026-04-17T23:25:23,24.35,BNB,LONG,,false,30,,,2x,633.88,624.37,649.73,,,643.01484468,EXPIRED_WIN,1.4411,1.5003,0.9605
346,2026-04-16T23:04:31,2026-04-17T23:25:23,24.35,SUI,SHORT,,false,33,,,2x,1.0028,1.018,0.978,,,0.99816004,EXPIRED_WIN,0.4627,1.5158,0.3053
350,2026-04-16T23:04:31,2026-04-17T23:25:23,24.35,HBAR,LONG,,false,45,,,2x,0.090189,0.0888,0.0924,,,0.09049799,EXPIRED_WIN,0.3426,1.5401,0.2225
352,2026-04-16T23:04:31,2026-04-17T23:25:23,24.35,HYPE,LONG,,false,53,,,2x,43.67,43.015,44.762,,,44.44348304,EXPIRED_WIN,1.7712,1.4999,1.1809
353,2026-04-16T23:04:41,2026-04-17T23:25:23,24.35,JUP,SHORT,,false,41,,,2x,0.17977,0.2627,0.0416,,,0.18489003,EXPIRED_LOSS,-2.8481,46.1312,-0.0617
362,2026-04-16T23:14:51,2026-04-17T23:25:23,24.18,JUP,LONG,,false,39,,,3x,0.17977,0.1067,0.3016,,,0.18489003,EXPIRED_WIN,2.8481,40.6464,0.0701
363,2026-04-16T23:14:51,2026-04-17T23:25:23,24.18,DOT,SHORT,,false,36,,,2x,1.3258,1.346,1.293,,,1.3281997,EXPIRED_LOSS,-0.181,1.5236,-0.1188
365,2026-04-16T23:19:29,2026-04-17T23:25:23,24.1,AVAX,SHORT,,false,42,,,2x,9.6964,9.842,9.454,,,9.71140033,EXPIRED_LOSS,-0.1547,1.5016,-0.103
369,2026-04-16T23:19:29,2026-04-17T23:25:23,24.1,DOGE,LONG,,false,23,,,2x,0.098857,0.0974,0.1013,,,0.09930403,EXPIRED_WIN,0.4522,1.4738,0.3068
373,2026-04-16T23:19:29,2026-04-17T23:25:23,24.1,BNB,LONG,,false,30,,,2x,634,624.49,649.85,,,643.014846,EXPIRED_WIN,1.4219,1.5,0.9479
381,2026-04-16T23:19:29,2026-04-17T23:25:23,24.1,JUP,LONG,,false,41,,,2x,0.17964,0.0899,0.3292,,,0.18488998,EXPIRED_WIN,2.9225,49.9555,0.0585
385,2026-04-16T23:19:29,2026-04-17T23:25:23,24.1,HBAR,LONG,,false,29,,,2x,0.090091,0.0887,0.0923,,,0.09049803,EXPIRED_WIN,0.4518,1.544,0.2926
391,2026-04-16T23:31:25,2026-04-17T23:32:23,24.02,AVAX,SHORT,,false,40,,,2x,9.732,9.878,9.489,,,9.73069591,EXPIRED_WIN,0.0134,1.5002,0.0089
393,2026-04-16T23:31:25,2026-04-17T23:32:23,24.02,DOGE,SHORT,,false,40,,,2x,0.099118,0.1006,0.0966,,,0.09951199,EXPIRED_LOSS,-0.3975,1.4952,-0.2659
394,2026-04-16T23:31:25,2026-04-17T23:32:23,24.02,WIF,SHORT,,false,41,,,2x,0.21949,0.2261,0.2085,,,0.2148851,EXPIRED_WIN,2.098,3.0115,0.6967
395,2026-04-16T23:31:25,2026-04-17T23:32:23,24.02,LINK,LONG,,false,37,,,2x,9.5544,9.411,9.793,,,9.62015338,EXPIRED_WIN,0.6882,1.5009,0.4585
398,2026-04-16T23:31:25,2026-04-17T23:32:23,24.02,BNB,LONG,,false,42,,,2x,635.99,626.45,651.89,,,643.35985212,EXPIRED_WIN,1.1588,1.5,0.7725
399,2026-04-16T23:31:25,2026-04-17T23:32:23,24.02,ADA,SHORT,,false,29,,,2x,0.25925,0.2631,0.2528,,,0.25882509,EXPIRED_WIN,0.1639,1.4851,0.1104
405,2026-04-16T23:31:25,2026-04-17T23:32:23,24.02,JUP,SHORT,,false,53,,,2x,0.17976,0.2696,0.03,,,0.18530002,EXPIRED_LOSS,-3.0819,49.9777,-0.0617
408,2026-04-16T23:31:25,2026-04-17T23:32:23,24.02,HBAR,SHORT,,false,31,,,2x,0.09025,0.0916,0.088,,,0.09061497,EXPIRED_LOSS,-0.4044,1.4958,-0.2704
422,2026-04-16T23:38:52,2026-04-17T23:39:43,24.01,BNB,LONG,,false,30,,,2x,636.56,627.01,652.47,,,642.2349324,EXPIRED_WIN,0.8915,1.5003,0.5942
431,2026-04-16T23:38:52,2026-04-17T23:39:43,24.01,JUP,LONG,,false,36,,,2x,0.18018,0.0925,0.3263,,,0.18494,EXPIRED_WIN,2.6418,48.6624,0.0543
434,2026-04-16T23:38:52,2026-04-17T23:39:43,24.01,HBAR,LONG,,false,33,,,2x,0.090424,0.0891,0.0927,,,0.09050303,EXPIRED_WIN,0.0874,1.4642,0.0597
445,2026-04-16T23:49:53,2026-04-18T00:32:24,24.71,BNB,SHORT,,false,35,,,2x,635.91,645.45,620.01,,,644.33517159,EXPIRED_LOSS,-1.3249,1.5002,-0.8831
453,2026-04-16T23:49:53,2026-04-18T00:32:24,24.71,SUI,SHORT,,false,26,,,2x,1.0036,1.019,0.979,,,0.99944008,EXPIRED_WIN,0.4145,1.5345,0.2701
455,2026-04-16T23:49:53,2026-04-18T00:32:24,24.71,JUP,LONG,,false,36,,,2x,0.18008,0.0925,0.3261,,,0.18513503,EXPIRED_WIN,2.8071,48.6339,0.0577
459,2026-04-16T23:49:53,2026-04-18T00:32:24,24.71,HBAR,LONG,,false,33,,,2x,0.09043,0.0891,0.0927,,,0.090739,EXPIRED_WIN,0.3417,1.4708,0.2323
461,2026-04-16T23:55:26,2026-04-18T00:32:24,24.62,SOL,SHORT,,false,38,,,2x,88.89,90.223,86.668,,,88.94448957,EXPIRED_LOSS,-0.0613,1.4996,-0.0409
463,2026-04-16T23:55:26,2026-04-18T00:32:24,24.62,WIF,SHORT,,false,41,,,2x,0.21812,0.2236,0.2091,,,0.21554509,EXPIRED_WIN,1.1805,2.5124,0.4699
464,2026-04-16T23:55:26,2026-04-18T00:32:24,24.62,DOGE,SHORT,,false,35,,,2x,0.099254,0.1007,0.0968,,,0.09972099,EXPIRED_LOSS,-0.4705,1.4569,-0.3229
465,2026-04-16T23:55:27,2026-04-18T00:32:24,24.62,AVAX,SHORT,,false,28,,,2x,9.7265,9.872,9.483,,,9.76039685,EXPIRED_LOSS,-0.3485,1.4959,-0.233
469,2026-04-16T23:55:27,2026-04-18T00:32:24,24.62,BNB,SHORT,,false,35,,,2x,635.62,645.15,619.73,,,644.33498582,EXPIRED_LOSS,-1.3711,1.4993,-0.9145
470,2026-04-16T23:55:27,2026-04-18T00:32:24,24.62,ADA,SHORT,,false,33,,,2x,0.25906,0.2629,0.2526,,,0.25862012,EXPIRED_WIN,0.1698,1.4823,0.1146
477,2026-04-16T23:55:27,2026-04-18T00:32:24,24.62,JUP,LONG,,false,36,,,2x,0.18009,0.0924,0.3262,,,0.18513504,EXPIRED_WIN,2.8014,48.6923,0.0575
481,2026-04-16T23:55:27,2026-04-18T00:32:24,24.62,HBAR,SHORT,,false,21,,,2x,0.090439,0.0918,0.0882,,,0.09073899,EXPIRED_LOSS,-0.3317,1.5049,-0.2204
488,2026-04-17T00:01:46,2026-04-18T00:32:24,24.51,SEI,SHORT,,false,43,,,2x,0.05878,0.0597,0.0573,,,0.05839599,EXPIRED_WIN,0.6533,1.5652,0.4174
518,2026-04-17T00:33:31,2026-04-18T00:34:24,24.01,DOGE,LONG,,false,42,,,2x,0.098763,0.0973,0.1012,,,0.09952496,EXPIRED_WIN,0.7715,1.4813,0.5208
519,2026-04-17T00:33:31,2026-04-18T00:34:24,24.01,LINK,LONG,,false,33,,,2x,9.5226,9.38,9.761,,,9.60239939,EXPIRED_WIN,0.838,1.4975,0.5596
523,2026-04-17T00:33:31,2026-04-18T00:34:24,24.01,BNB,LONG,,false,37,,,2x,635.93,626.39,651.83,,,643.0396974,EXPIRED_WIN,1.118,1.5002,0.7452
525,2026-04-17T00:33:31,2026-04-18T00:34:24,24.01,DOT,LONG,,false,38,,,2x,1.3169,1.286,1.368,,,1.32965023,EXPIRED_WIN,0.9682,2.3464,0.4126
532,2026-04-17T00:33:31,2026-04-18T00:34:24,24.01,APT,LONG,,false,43,,,2x,0.9864,0.9644,1.0231,,,0.98989975,EXPIRED_WIN,0.3548,2.2303,0.1591
534,2026-04-17T00:33:31,2026-04-18T00:34:24,24.01,JUP,LONG,,false,48,,,2x,0.18005,0.0903,0.3296,,,0.18462507,EXPIRED_WIN,2.541,49.8473,0.051
535,2026-04-17T00:33:31,2026-04-18T00:34:24,24.01,ONDO,SHORT,,false,48,,,2x,0.2675,0.2757,0.2539,,,0.26870001,EXPIRED_LOSS,-0.4486,3.0654,-0.1463
540,2026-04-17T00:33:31,2026-04-18T00:34:24,24.01,HBAR,LONG,,false,35,,,2x,0.090109,0.0888,0.0924,,,0.09056702,EXPIRED_WIN,0.5083,1.4527,0.3499
543,2026-04-17T00:34:31,2026-04-18T00:35:24,24.01,TIA,LONG,,false,43,,,2x,0.4069,0.37,0.4684,,,0.43012016,EXPIRED_WIN,5.7066,9.0686,0.6293
548,2026-04-17T00:40:49,2026-04-18T00:41:16,24.01,DOGE,LONG,,false,30,,,2x,0.098856,0.0974,0.1013,,,0.09936303,EXPIRED_WIN,0.5129,1.4728,0.3482
553,2026-04-17T00:47:10,2026-04-18T00:47:16,24,DOGE,LONG,,false,42,,,2x,0.098951,0.0975,0.1014,,,0.09920105,EXPIRED_WIN,0.2527,1.4664,0.1723
558,2026-04-17T01:01:31,2026-04-20T12:52:09,83.84,DOGE,LONG,,false,42,,,2x,0.099124,0.0976,0.1016,,,0.0976,SL_HIT,-1.5375,1.5375,-1
561,2026-04-17T01:49:01,2026-04-20T12:52:09,83.05,SOL,SHORT,,false,38,,,2x,88.15,89.472,85.946,,,85.946,TP1_HIT,2.5003,1.4997,1.6672
571,2026-04-17T02:01:24,2026-04-20T12:52:09,82.85,SOL,SHORT,,false,50,,,2x,88.165,89.487,85.961,,,85.961,TP1_HIT,2.4999,1.4995,1.6672
581,2026-04-17T10:28:21,2026-04-20T12:52:09,74.4,SOL,SHORT,,false,38,,,2x,88.115,89.437,85.912,,,85.912,TP1_HIT,2.5001,1.5003,1.6664
602,2026-04-17T11:07:37,2026-04-20T12:52:09,73.74,LINK,LONG,,false,30,,,2x,9.5136,9.371,9.751,,,9.371,SL_HIT,-1.4989,1.4989,-1
603,2026-04-17T11:07:37,2026-04-20T12:52:09,73.74,ARB,LONG,,false,21,,,2x,0.13065,0.1287,0.1339,,,0.1287,SL_HIT,-1.4925,1.4925,-1
604,2026-04-17T19:11:09,2026-04-20T12:52:09,65.68,BTC,LONG,,false,37,,,2x,77060,75904.1,78986.5,,,75904.1,SL_HIT,-1.5,1.5,-1
605,2026-04-17T19:11:09,2026-04-20T12:52:09,65.68,SOL,SHORT,,false,36,,,2x,88.96,90.294,86.736,,,86.736,TP1_HIT,2.5,1.4996,1.6671
606,2026-04-17T19:11:09,2026-04-20T12:52:09,65.68,WIF,SHORT,,false,49,,,2x,0.2203,0.2294,0.2052,,,0.2052,TP1_HIT,6.8543,4.1307,1.6594
607,2026-04-17T19:11:09,2026-04-20T12:52:09,65.68,AVAX,SHORT,,false,46,,,2x,9.7654,9.912,9.521,,,9.521,TP1_HIT,2.5027,1.5012,1.6671
608,2026-04-17T19:11:09,2026-04-20T12:52:09,65.68,LINK,LONG,,false,26,,,2x,9.6446,9.5,9.886,,,9.5,SL_HIT,-1.4993,1.4993,-1
609,2026-04-17T19:13:57,2026-04-20T12:52:09,65.64,BTC,LONG,,false,47,,,2x,77144,75986.84,79072.6,,,75986.84,SL_HIT,-1.5,1.5,-1
610,2026-04-17T19:13:57,2026-04-20T12:52:09,65.64,ETH,LONG,,false,44,,,2x,2420.4,2384.09,2480.91,,,2384.09,SL_HIT,-1.5002,1.5002,-1
611,2026-04-17T19:13:57,2026-04-20T12:52:09,65.64,DOGE,LONG,,false,45,,,2x,0.10009,0.0986,0.1026,,,0.0986,SL_HIT,-1.4887,1.4887,-1
612,2026-04-17T19:13:57,2026-04-20T12:52:09,65.64,AVAX,LONG,,false,33,,,2x,9.7776,9.631,10.022,,,9.631,SL_HIT,-1.4993,1.4993,-1
613,2026-04-17T19:13:57,2026-04-20T12:52:09,65.64,LINK,LONG,,false,33,,,2x,9.662,9.517,9.904,,,9.517,SL_HIT,-1.5007,1.5007,-1
614,2026-04-17T21:34:39,2026-04-20T12:52:09,63.29,WIF,SHORT,,false,43,,,2x,0.21731,0.2217,0.2099,,,0.2099,TP1_HIT,3.4099,2.0202,1.6879
615,2026-04-17T21:34:39,2026-04-20T12:52:09,63.29,AVAX,SHORT,,false,42,,,2x,9.8028,9.95,9.558,,,9.558,TP1_HIT,2.4972,1.5016,1.663
616,2026-04-17T21:34:39,2026-04-20T12:52:09,63.29,LINK,SHORT,,false,38,,,2x,9.6318,9.776,9.391,,,9.391,TP1_HIT,2.5001,1.4971,1.67
617,2026-04-17T21:34:39,2026-04-20T12:52:09,63.29,BNB,SHORT,,false,42,,,2x,642.28,651.91,626.22,,,626.22,TP1_HIT,2.5005,1.4993,1.6678
618,2026-04-17T21:34:39,2026-04-20T12:52:09,63.29,ADA,SHORT,,false,40,,,2x,0.26033,0.2642,0.2538,,,0.2538,TP1_HIT,2.5084,1.4866,1.6873
619,2026-04-17T23:27:24,2026-04-20T12:52:09,61.41,BTC,LONG,,false,48,,,2x,77004,75848.94,78929.1,,,75848.94,SL_HIT,-1.5,1.5,-1
620,2026-04-17T23:27:24,2026-04-20T12:52:09,61.41,DOGE,LONG,,false,35,,,2x,0.099475,0.098,0.102,,,0.098,SL_HIT,-1.4828,1.4828,-1
621,2026-04-17T23:27:24,2026-04-20T12:52:09,61.41,AVAX,LONG,,false,30,,,2x,9.7195,9.574,9.962,,,9.574,SL_HIT,-1.497,1.497,-1
622,2026-04-17T23:27:24,2026-04-20T12:52:09,61.41,LINK,LONG,,false,30,,,2x,9.6116,9.467,9.852,,,9.467,SL_HIT,-1.5044,1.5044,-1
623,2026-04-17T23:27:24,2026-04-20T12:52:09,61.41,XRP,LONG,,false,30,,,2x,1.4758,1.454,1.513,,,1.454,SL_HIT,-1.4772,1.4772,-1
624,2026-04-17T23:39:44,2026-04-20T12:52:09,61.21,LINK,SHORT,,false,42,,,2x,9.6057,9.75,9.366,,,9.366,TP1_HIT,2.4954,1.5022,1.6612
625,2026-04-17T23:39:44,2026-04-20T12:52:09,61.21,BNB,SHORT,,false,47,,,2x,642.18,651.81,626.13,,,626.13,TP1_HIT,2.4993,1.4996,1.6666
626,2026-04-17T23:39:44,2026-04-20T12:52:09,61.21,ADA,SHORT,,false,33,,,2x,0.25804,0.2619,0.2516,,,0.2516,TP1_HIT,2.4957,1.4959,1.6684
627,2026-04-17T23:39:44,2026-04-20T12:52:09,61.21,AAVE,SHORT,,false,47,,,2x,115.1,116.83,112.22,,,112.22,TP1_HIT,2.5022,1.503,1.6648
628,2026-04-17T23:39:44,2026-04-20T12:52:09,61.21,SUI,SHORT,,false,28,,,2x,0.99752,1.0125,0.9726,,,0.9726,TP1_HIT,2.4982,1.5017,1.6636
629,2026-04-18T00:34:30,2026-04-20T12:52:09,60.29,LINK,SHORT,,false,40,,,2x,9.6002,9.744,9.36,,,9.36,TP1_HIT,2.502,1.4979,1.6703
630,2026-04-18T00:34:30,2026-04-20T12:52:09,60.29,ADA,SHORT,,false,45,,,2x,0.25779,0.2617,0.2513,,,0.2513,TP1_HIT,2.5176,1.5167,1.6599
631,2026-04-18T00:34:30,2026-04-20T12:52:09,60.29,AAVE,SHORT,,false,47,,,2x,114.26,115.97,111.4,,,111.4,TP1_HIT,2.5031,1.4966,1.6725
632,2026-04-18T00:34:30,2026-04-20T12:52:09,60.29,NEAR,SHORT,,false,47,,,2x,1.3998,1.421,1.365,,,1.365,TP1_HIT,2.4861,1.5145,1.6415
633,2026-04-18T00:34:30,2026-04-20T12:52:09,60.29,SUI,SHORT,,false,31,,,2x,0.99605,1.011,0.9711,,,0.9711,TP1_HIT,2.5049,1.5009,1.6689
634,2026-04-18T00:38:21,2026-04-20T12:52:09,60.23,BTC,LONG,,false,41,,,2x,77081,75924.79,79008.02,,,75924.79,SL_HIT,-1.5,1.5,-1
635,2026-04-18T00:38:21,2026-04-20T12:52:09,60.23,ETH,LONG,,false,45,,,2x,2416.9,2380.65,2477.32,,,2380.65,SL_HIT,-1.4999,1.4999,-1
636,2026-04-18T00:38:21,2026-04-20T12:52:09,60.23,DOGE,LONG,,false,30,,,2x,0.099449,0.098,0.1019,,,0.098,SL_HIT,-1.457,1.457,-1
637,2026-04-18T00:38:21,2026-04-20T12:52:09,60.23,AVAX,LONG,,false,30,,,2x,9.7303,9.584,9.974,,,9.584,SL_HIT,-1.5036,1.5036,-1
638,2026-04-18T00:38:21,2026-04-20T12:52:09,60.23,XRP,LONG,,false,33,,,2x,1.4762,1.454,1.513,,,1.454,SL_HIT,-1.5039,1.5039,-1
640,2026-04-20T12:54:09,2026-04-20T18:02:05,5.13,WIF,SHORT,,false,29,,,2x,0.199,0.202,0.194,,,0.202,SL_HIT,-1.5075,1.5075,-1
650,2026-04-20T13:12:40,2026-04-20T18:02:05,4.82,WIF,SHORT,,false,36,,,2x,0.19906,0.202,0.1941,,,0.202,SL_HIT,-1.4769,1.4769,-1
653,2026-04-20T13:12:40,2026-04-20T18:02:05,4.82,TRUMP,SHORT,,false,43,,,2x,2.8443,2.887,2.773,,,2.887,SL_HIT,-1.5012,1.5012,-1
652,2026-04-20T13:12:40,2026-04-20T18:23:31,5.18,APT,SHORT,,false,38,,,2x,0.9333,0.9473,0.91,,,0.9473,SL_HIT,-1.5001,1.5001,-1
679,2026-04-20T18:26:37,2026-04-20T19:38:51,1.2,JUP,SHORT,SCALP,false,63,,OI-verified,6x,0.17197,0.1743,0.1698,0.1676,0.1659,0.1698,TP1_HIT,1.2618,1.3549,0.9313
673,2026-04-20T18:21:31,2026-04-21T03:22:22,9.01,OP,LONG,,false,43,,,2x,0.12548,0.1236,0.1286,,,0.1236,SL_HIT,-1.4982,1.4982,-1
674,2026-04-20T18:26:37,2026-04-21T03:22:22,8.93,PENDLE,LONG,SCALP,true,74,,OI-verified,7x,1.343,1.33,1.359,1.375,1.388,1.33,SL_HIT,-0.968,0.968,-1
675,2026-04-20T18:26:37,2026-04-21T03:22:22,8.93,ARB,LONG,SCALP,true,71,,OI-verified,8x,0.12907,0.1278,0.1304,0.13165,0.1327,0.1278,SL_HIT,-0.984,0.984,-1
676,2026-04-20T18:26:37,2026-04-21T03:22:22,8.93,TAO,LONG,SCALP,false,68,,OI-verified,5x,248.55,245.8,251.2,253.85,256,245.8,SL_HIT,-1.1064,1.1064,-1
677,2026-04-20T18:26:37,2026-04-21T03:22:22,8.93,BTC,LONG,SCALP,false,66,,OI-verified,5x,76065,75680,76540,76985,77300,75680,SL_HIT,-0.5061,0.5061,-1
678,2026-04-20T18:26:37,2026-04-21T03:22:22,8.93,ETH,LONG,SCALP,false,65,,OI-verified,6x,2327.1,2310,2347.5,2367,2382,2310,SL_HIT,-0.7348,0.7348,-1
680,2026-04-20T18:27:08,2026-04-21T03:22:22,8.92,PENDLE,LONG,DAY TRADE,false,74,,estimated,4x,1.341,1.292,1.392,1.443,1.49,1.31719993,EXPIRED_LOSS,-1.7748,3.654,-0.4857
681,2026-04-20T18:27:08,2026-04-21T03:22:22,8.92,JUP,SHORT,DAY TRADE,true,72,,estimated,3x,0.17193,0.1771,0.1658,0.161,0.157,0.16693492,EXPIRED_WIN,2.9053,3.007,0.9662
682,2026-04-20T18:27:08,2026-04-21T03:22:22,8.92,BTC,LONG,DAY TRADE,false,68,,OI-verified,3x,76058,73650,77650,79200,80800,75502.472368,EXPIRED_LOSS,-0.7304,3.166,-0.2307
683,2026-04-20T18:27:08,2026-04-21T03:22:22,8.92,TAO,LONG,DAY TRADE,false,67,,estimated,3x,248.39,239.5,255,262,268,244.20487689,EXPIRED_LOSS,-1.6849,3.579,-0.4708
684,2026-04-20T18:27:08,2026-04-21T03:22:22,8.92,MSTR,LONG,DAY TRADE,false,65,,estimated,2x,169.69,163.8,174.8,179.5,184,169.69,EXPIRED_WIN,0,3.471,0
685,2026-04-20T18:27:08,2026-04-21T03:22:22,8.92,EUR,LONG,DAY TRADE,false,63,,no OI,1x,1.1791,1.17,1.187,1.195,1.202,1.1791,EXPIRED_WIN,0,0.7718,0
651,2026-04-20T13:12:40,2026-04-21T10:31:15,21.31,NEAR,SHORT,,false,63,,,2x,1.3585,1.379,1.325,,,1.379,SL_HIT,-1.509,1.509,-1
672,2026-04-20T18:21:31,2026-04-21T10:31:15,16.16,NEAR,SHORT,,false,38,,,2x,1.3647,1.385,1.331,,,1.385,SL_HIT,-1.4875,1.4875,-1
688,2026-04-20T19:27:14,2026-04-21T10:31:15,15.07,PENDLE,LONG,,false,31,,,2x,1.3335,1.313,1.367,,,1.367,TP1_HIT,2.5122,1.5373,1.6342
699,2026-04-20T19:39:57,2026-04-21T10:31:15,14.85,NEAR,SHORT,,false,31,,,2x,1.3589,1.379,1.325,,,1.379,SL_HIT,-1.4791,1.4791,-1
718,2026-04-21T03:55:30,2026-04-21T10:31:15,6.6,NEAR,SHORT,,false,37,,,2x,1.3554,1.376,1.322,,,1.376,SL_HIT,-1.5198,1.5198,-1
725,2026-04-21T04:03:49,2026-04-21T10:31:15,6.46,PENDLE,LONG,,false,28,,,2x,1.3224,1.303,1.355,,,1.355,TP1_HIT,2.4652,1.467,1.6804
727,2026-04-21T04:07:39,2026-04-21T10:31:15,6.39,NEAR,SHORT,,false,30,,,2x,1.3544,1.375,1.321,,,1.375,SL_HIT,-1.521,1.521,-1
730,2026-04-21T04:07:44,2026-04-21T10:56:00,6.8,WIF,SHORT,,false,33,,,2x,0.19864,0.2016,0.1937,,,0.2016,SL_HIT,-1.4901,1.4901,-1
754,2026-04-21T10:58:30,2026-04-21T10:59:00,0.01,JUP,LONG,DAY TRADE,true,76,,OI-verified,1x,0.1859,0.178,0.1952,0.2045,0.214,0.178,SL_HIT,-4.2496,4.2496,-1
643,2026-04-20T12:54:09,2026-04-21T11:35:14,22.68,APT,SHORT,,false,31,,,2x,0.9337,0.9477,0.9104,,,0.9477,SL_HIT,-1.4994,1.4994,-1
728,2026-04-21T04:07:39,2026-04-21T11:35:14,7.46,TRUMP,SHORT,,false,33,,,2x,2.8443,2.887,2.773,,,2.887,SL_HIT,-1.5012,1.5012,-1
763,2026-04-21T11:39:17,2026-04-21T12:20:16,0.68,OP,LONG,,false,40,,,2x,0.1257,0.1238,0.1288,,,0.1238,SL_HIT,-1.5115,1.5115,-1
665,2026-04-20T18:14:23,2026-04-21T12:44:35,18.5,ETH,LONG,,false,56,,,2x,2330.2,2295.25,2388.45,,,2295.25,SL_HIT,-1.4999,1.4999,-1
744,2026-04-21T10:44:32,2026-04-21T12:44:35,2,ETH,LONG,,false,59,,,2x,2331.1,2296.13,2389.38,,,2296.13,SL_HIT,-1.5002,1.5002,-1
748,2026-04-21T10:57:01,2026-04-21T12:44:35,1.79,ETH,LONG,,false,48,,,2x,2333.2,2298.2,2391.53,,,2298.2,SL_HIT,-1.5001,1.5001,-1
639,2026-04-20T12:54:09,2026-04-21T13:09:49,24.26,ETH,LONG,,false,46,,,2x,2315.6,2280.87,2373.49,,,2306.2496072,EXPIRED_LOSS,-0.4038,1.4998,-0.2692
641,2026-04-20T12:54:09,2026-04-21T13:09:49,24.26,DOGE,LONG,,false,33,,,2x,0.094839,0.0934,0.0972,,,0.09493099,EXPIRED_WIN,0.097,1.5173,0.0639
642,2026-04-20T12:54:09,2026-04-21T13:09:49,24.26,DOT,LONG,,false,29,,,2x,1.2633,1.244,1.295,,,1.27345062,EXPIRED_WIN,0.8035,1.5277,0.526
644,2026-04-20T13:00:26,2026-04-21T13:09:49,24.16,BTC,LONG,,false,32,,,2x,75250,74121.25,77131.25,,,75994.5235,EXPIRED_WIN,0.9894,1.5,0.6596
645,2026-04-20T13:00:26,2026-04-21T13:09:49,24.16,ETH,LONG,,false,42,,,2x,2317.8,2283.03,2375.75,,,2306.2504026,EXPIRED_LOSS,-0.4983,1.5001,-0.3322
646,2026-04-20T13:00:26,2026-04-21T13:09:49,24.16,DOGE,LONG,,false,33,,,2x,0.094834,0.0934,0.0972,,,0.09493102,EXPIRED_WIN,0.1023,1.5121,0.0677
647,2026-04-20T13:00:26,2026-04-21T13:09:49,24.16,ARB,LONG,,false,51,,,2x,0.12827,0.1249,0.1339,,,0.12522,EXPIRED_LOSS,-2.3778,2.6273,-0.905
648,2026-04-20T13:00:26,2026-04-21T13:09:49,24.16,BNB,LONG,,false,36,,,2x,624.96,615.59,640.58,,,631.4252112,EXPIRED_WIN,1.0345,1.4993,0.69
649,2026-04-20T13:12:40,2026-04-21T13:12:49,24,SOL,SHORT,,false,44,,,2x,85.297,86.576,83.165,,,85.36651706,EXPIRED_LOSS,-0.0815,1.4995,-0.0544
757,2026-04-21T10:58:30,2026-04-21T13:34:18,2.6,MSTR,LONG,DAY TRADE,false,64,,OI-verified,2x,174.85,168.5,181.2,187.5,193,168.5,SL_HIT,-3.6317,3.6317,-1
767,2026-04-21T12:13:39,2026-04-21T13:37:44,1.4,OP,LONG,,false,43,,,2x,0.12411,0.1222,0.1272,,,0.1222,SL_HIT,-1.539,1.539,-1
729,2026-04-21T04:07:39,2026-04-21T13:39:44,9.53,HYPE,SHORT,,false,49,,,2x,41.273,41.892,40.241,,,40.241,TP1_HIT,2.5004,1.4998,1.6672
768,2026-04-21T12:13:39,2026-04-21T13:40:44,1.45,PENDLE,LONG,,false,48,,,2x,1.3619,1.341,1.396,,,1.341,SL_HIT,-1.5346,1.5346,-1
689,2026-04-20T19:27:14,2026-04-21T13:50:44,18.39,HYPE,SHORT,,false,44,,,2x,41.166,41.783,40.137,,,40.137,TP1_HIT,2.4996,1.4988,1.6677
740,2026-04-21T10:41:16,2026-04-21T14:07:44,3.44,TAO,LONG,,false,35,,,2x,248.59,244.86,254.8,,,244.86,SL_HIT,-1.5005,1.5005,-1
716,2026-04-21T03:55:30,2026-04-21T14:39:02,10.73,SOL,SHORT,,false,45,,,2x,85.145,86.422,83.016,,,86.422,SL_HIT,-1.4998,1.4998,-1
721,2026-04-21T04:03:49,2026-04-21T14:39:02,10.59,SOL,SHORT,,false,31,,,2x,85.183,86.461,83.053,,,86.461,SL_HIT,-1.5003,1.5003,-1
726,2026-04-21T04:07:39,2026-04-21T14:39:02,10.52,SOL,SHORT,,false,31,,,2x,85.177,86.455,83.048,,,86.455,SL_HIT,-1.5004,1.5004,-1
779,2026-04-21T13:11:55,2026-04-21T14:41:02,1.49,SOL,SHORT,,false,29,,,2x,85.375,86.656,83.241,,,86.656,SL_HIT,-1.5004,1.5004,-1
789,2026-04-21T13:28:15,2026-04-21T14:41:02,1.21,SOL,SHORT,,false,48,,,2x,85.408,86.689,83.273,,,86.689,SL_HIT,-1.4999,1.4999,-1
794,2026-04-21T13:31:50,2026-04-21T14:41:02,1.15,SOL,SHORT,,false,36,,,2x,85.353,86.633,83.219,,,86.633,SL_HIT,-1.4997,1.4997,-1
799,2026-04-21T13:38:44,2026-04-21T14:41:02,1.04,SOL,SHORT,,false,39,,,2x,85.394,86.675,83.259,,,86.675,SL_HIT,-1.5001,1.5001,-1
694,2026-04-20T19:31:09,2026-04-21T14:59:10,19.47,TAO,LONG,,false,31,,,2x,247.27,243.56,253.45,,,243.56,SL_HIT,-1.5004,1.5004,-1
753,2026-04-21T10:58:30,2026-04-21T14:59:10,4.01,PENDLE,LONG,DAY TRADE,true,78,,OI-verified,3x,1.398,1.34,1.468,1.538,1.61,1.34350037,EXPIRED_LOSS,-3.8984,4.1488,-0.9396
755,2026-04-21T10:58:30,2026-04-21T14:59:10,4.01,AAVE,LONG,DAY TRADE,false,68,,estimated,3x,93.2,89.6,97.2,101,104.5,91.3379572,EXPIRED_LOSS,-1.9979,3.8627,-0.5172
756,2026-04-21T10:58:30,2026-04-21T14:59:10,4.01,BTC,LONG,DAY TRADE,false,66,,OI-verified,3x,76738,75600,78350,79950,81500,75721.528452,EXPIRED_LOSS,-1.3246,1.483,-0.8932
758,2026-04-21T10:58:30,2026-04-21T14:59:10,4.01,ONDO,LONG,DAY TRADE,false,62,,estimated,1x,0.2589,0.249,0.2718,0.2845,0.2975,0.25616006,EXPIRED_LOSS,-1.0583,3.8239,-0.2768
778,2026-04-21T12:38:35,2026-04-21T14:59:10,2.34,TAO,LONG,,false,31,,,2x,247.1,243.39,253.28,,,243.39,SL_HIT,-1.5014,1.5014,-1
751,2026-04-21T10:57:01,2026-04-21T16:59:10,6.04,DOT,LONG,,false,36,,,2x,1.2871,1.268,1.319,,,1.268,SL_HIT,-1.484,1.484,-1
813,2026-04-21T14:17:12,2026-04-21T17:12:11,2.92,TAO,LONG,,false,39,,,2x,245.9,242.21,252.05,,,242.21,SL_HIT,-1.5006,1.5006,-1
745,2026-04-21T10:44:32,2026-04-21T17:13:11,6.48,DOGE,LONG,,false,30,,,2x,0.095696,0.0943,0.0981,,,0.0943,SL_HIT,-1.4588,1.4588,-1
657,2026-04-20T17:59:05,2026-04-21T17:16:10,23.28,ARB,LONG,,false,56,,,2x,0.12868,0.1249,0.135,,,0.1249,SL_HIT,-2.9375,2.9375,-1
661,2026-04-20T18:06:01,2026-04-21T17:16:10,23.17,WIF,SHORT,,false,29,,,2x,0.20196,0.205,0.1969,,,0.1969,TP1_HIT,2.5054,1.5052,1.6645
667,2026-04-20T18:14:23,2026-04-21T17:16:10,23.03,ARB,LONG,,false,51,,,2x,0.12887,0.1248,0.1357,,,0.1248,SL_HIT,-3.1582,3.1582,-1
670,2026-04-20T18:21:31,2026-04-21T17:16:10,22.91,ARB,LONG,,false,56,,,2x,0.12894,0.1248,0.1358,,,0.1248,SL_HIT,-3.2108,3.2108,-1
671,2026-04-20T18:21:31,2026-04-21T17:16:10,22.91,DOT,LONG,,false,32,,,2x,1.2836,1.264,1.316,,,1.264,SL_HIT,-1.527,1.527,-1
690,2026-04-20T19:27:19,2026-04-21T17:16:10,21.81,WIF,SHORT,,false,29,,,2x,0.20097,0.204,0.1959,,,0.1959,TP1_HIT,2.5228,1.5077,1.6733
692,2026-04-20T19:31:09,2026-04-21T17:16:10,21.75,ARB,LONG,,false,49,,,2x,0.12828,0.1248,0.1341,,,0.1248,SL_HIT,-2.7128,2.7128,-1
733,2026-04-21T10:33:20,2026-04-21T17:16:10,6.71,DOGE,LONG,,false,23,,,2x,0.095587,0.0942,0.098,,,0.0942,SL_HIT,-1.451,1.451,-1
737,2026-04-21T10:41:16,2026-04-21T17:16:10,6.58,WIF,SHORT,,false,40,,,2x,0.20104,0.2041,0.196,,,0.196,TP1_HIT,2.507,1.5221,1.6471
738,2026-04-21T10:41:16,2026-04-21T17:16:10,6.58,DOGE,LONG,,false,37,,,2x,0.095614,0.0942,0.098,,,0.0942,SL_HIT,-1.4789,1.4789,-1
746,2026-04-21T10:44:32,2026-04-21T17:16:10,6.53,BNB,LONG,,false,42,,,2x,639.05,629.46,655.03,,,629.46,SL_HIT,-1.5007,1.5007,-1
747,2026-04-21T10:44:32,2026-04-21T17:16:10,6.53,DOT,LONG,,false,45,,,2x,1.2835,1.264,1.316,,,1.264,SL_HIT,-1.5193,1.5193,-1
750,2026-04-21T10:57:01,2026-04-21T17:16:10,6.32,WIF,SHORT,,false,40,,,2x,0.20153,0.2046,0.1965,,,0.1965,TP1_HIT,2.4959,1.5233,1.6385
760,2026-04-21T11:39:17,2026-04-21T17:16:10,5.61,WIF,SHORT,,false,40,,,2x,0.2015,0.2045,0.1965,,,0.1965,TP1_HIT,2.4814,1.4888,1.6667
743,2026-04-21T10:44:32,2026-04-21T17:16:45,6.54,BTC,LONG,,false,47,,,2x,76524,75376.14,78437.1,,,75376.14,SL_HIT,-1.5,1.5,-1
662,2026-04-20T18:06:01,2026-04-21T17:17:45,23.2,DOGE,LONG,,false,33,,,2x,0.095386,0.094,0.0978,,,0.094,SL_HIT,-1.453,1.453,-1
663,2026-04-20T18:06:01,2026-04-21T17:17:45,23.2,DOT,LONG,,false,36,,,2x,1.2827,1.263,1.315,,,1.263,SL_HIT,-1.5358,1.5358,-1
731,2026-04-21T10:33:20,2026-04-21T17:17:45,6.74,BTC,LONG,,false,29,,,2x,76479,75331.82,78390.98,,,75331.82,SL_HIT,-1.5,1.5,-1
734,2026-04-21T10:33:20,2026-04-21T17:17:45,6.74,BNB,LONG,,false,23,,,2x,638.08,628.51,654.03,,,628.51,SL_HIT,-1.4998,1.4998,-1
735,2026-04-21T10:33:20,2026-04-21T17:17:45,6.74,DOT,LONG,,false,26,,,2x,1.282,1.263,1.314,,,1.263,SL_HIT,-1.4821,1.4821,-1
773,2026-04-21T12:23:41,2026-04-21T17:17:45,4.9,PENDLE,LONG,,false,24,,,2x,1.3608,1.34,1.395,,,1.34,SL_HIT,-1.5285,1.5285,-1
825,2026-04-21T14:45:35,2026-04-21T17:17:45,2.54,BTC,LONG,,false,32,,,2x,76430,75283.55,78340.75,,,75283.55,SL_HIT,-1.5,1.5,-1
826,2026-04-21T14:45:35,2026-04-21T17:17:45,2.54,WIF,SHORT,,false,36,,,2x,0.20039,0.2034,0.1954,,,0.1954,TP1_HIT,2.4901,1.5021,1.6577
666,2026-04-20T18:14:23,2026-04-21T17:18:45,23.07,DOGE,LONG,,false,29,,,2x,0.095375,0.0939,0.0978,,,0.0939,SL_HIT,-1.5465,1.5465,-1
669,2026-04-20T18:21:31,2026-04-21T17:18:45,22.95,DOGE,LONG,,false,26,,,2x,0.095355,0.0939,0.0977,,,0.0939,SL_HIT,-1.5259,1.5259,-1
687,2026-04-20T19:27:14,2026-04-21T17:18:45,21.86,DOGE,LONG,,false,33,,,2x,0.095379,0.0939,0.0978,,,0.0939,SL_HIT,-1.5507,1.5507,-1
693,2026-04-20T19:31:09,2026-04-21T17:18:45,21.79,UNI,LONG,,false,38,,,2x,3.2569,3.208,3.338,,,3.208,SL_HIT,-1.5014,1.5014,-1
717,2026-04-21T03:55:30,2026-04-21T17:18:45,13.39,WIF,SHORT,,false,40,,,2x,0.19867,0.2017,0.1937,,,0.1937,TP1_HIT,2.5016,1.5251,1.6403
720,2026-04-21T03:55:30,2026-04-21T17:18:45,13.39,TAO,LONG,,false,30,,,2x,245.15,241.47,251.28,,,241.47,SL_HIT,-1.5011,1.5011,-1
732,2026-04-21T10:33:20,2026-04-21T17:18:45,6.76,ETH,LONG,,false,34,,,2x,2327.1,2292.19,2385.28,,,2292.19,SL_HIT,-1.5002,1.5002,-1
752,2026-04-21T10:57:01,2026-04-21T17:18:45,6.36,NEAR,SHORT,,false,42,,,2x,1.3928,1.414,1.358,,,1.358,TP1_HIT,2.4986,1.5221,1.6415
761,2026-04-21T11:39:17,2026-04-21T17:18:45,5.66,NEAR,SHORT,,false,42,,,2x,1.395,1.416,1.36,,,1.36,TP1_HIT,2.509,1.5054,1.6667
770,2026-04-21T12:23:41,2026-04-21T17:18:45,4.92,WIF,SHORT,,false,39,,,2x,0.19948,0.2025,0.1945,,,0.1945,TP1_HIT,2.4965,1.5139,1.6491
775,2026-04-21T12:38:35,2026-04-21T17:18:45,4.67,WIF,SHORT,,false,39,,,2x,0.19956,0.2026,0.1946,,,0.1946,TP1_HIT,2.4855,1.5234,1.6315
780,2026-04-21T13:11:55,2026-04-21T17:18:45,4.11,WIF,SHORT,,false,29,,,2x,0.19841,0.2014,0.1934,,,0.1934,TP1_HIT,2.5251,1.507,1.6756
818,2026-04-21T14:27:05,2026-04-21T17:18:45,2.86,DOT,LONG,,false,34,,,2x,1.2789,1.26,1.311,,,1.26,SL_HIT,-1.4778,1.4778,-1
823,2026-04-21T14:31:02,2026-04-21T17:18:45,2.8,UNI,LONG,,false,34,,,2x,3.2601,3.211,3.342,,,3.211,SL_HIT,-1.5061,1.5061,-1
830,2026-04-21T14:48:20,2026-04-21T17:18:45,2.51,WIF,SHORT,,false,36,,,2x,0.19977,0.2028,0.1948,,,0.1948,TP1_HIT,2.4879,1.5167,1.6403
835,2026-04-21T16:04:34,2026-04-21T17:18:45,1.24,WIF,SHORT,,false,36,,,2x,0.19987,0.2029,0.1949,,,0.1949,TP1_HIT,2.4866,1.516,1.6402
839,2026-04-21T16:16:16,2026-04-21T17:18:45,1.04,WIF,SHORT,,false,39,,,2x,0.19927,0.2023,0.1943,,,0.1943,TP1_HIT,2.4941,1.5206,1.6402
841,2026-04-21T16:16:16,2026-04-21T17:18:45,1.04,PENDLE,LONG,,false,24,,,2x,1.3594,1.339,1.393,,,1.339,SL_HIT,-1.5007,1.5007,-1
724,2026-04-21T04:03:49,2026-04-21T17:19:45,13.27,TAO,LONG,,false,23,,,2x,244.81,241.14,250.93,,,241.14,SL_HIT,-1.4991,1.4991,-1
771,2026-04-21T12:23:41,2026-04-21T17:19:45,4.93,DOGE,LONG,,false,33,,,2x,0.095263,0.0938,0.0976,,,0.0938,SL_HIT,-1.5357,1.5357,-1
811,2026-04-21T14:17:12,2026-04-21T17:19:45,3.04,DOGE,LONG,,false,41,,,2x,0.09521,0.0938,0.0976,,,0.0938,SL_HIT,-1.4809,1.4809,-1
816,2026-04-21T14:27:05,2026-04-21T17:19:45,2.88,DOGE,LONG,,false,40,,,2x,0.095253,0.0938,0.0976,,,0.0938,SL_HIT,-1.5254,1.5254,-1
821,2026-04-21T14:31:02,2026-04-21T17:19:45,2.81,DOGE,LONG,,false,40,,,2x,0.095266,0.0938,0.0976,,,0.0938,SL_HIT,-1.5388,1.5388,-1
739,2026-04-21T10:41:16,2026-04-21T17:20:45,6.66,NEAR,SHORT,,false,42,,,2x,1.3914,1.412,1.357,,,1.357,TP1_HIT,2.4723,1.4805,1.6699
700,2026-04-20T19:39:57,2026-04-21T17:28:08,21.8,APT,SHORT,,false,36,,,2x,0.9419,0.956,0.9184,,,0.9184,TP1_HIT,2.495,1.497,1.6667
786,2026-04-21T13:19:17,2026-04-21T17:28:08,4.15,WIF,SHORT,,false,43,,,2x,0.19826,0.2012,0.1933,,,0.1933,TP1_HIT,2.5018,1.4829,1.6871
790,2026-04-21T13:28:15,2026-04-21T17:28:08,4,WIF,SHORT,,false,48,,,2x,0.19821,0.2012,0.1933,,,0.1933,TP1_HIT,2.4772,1.5085,1.6422
800,2026-04-21T13:38:44,2026-04-21T17:28:08,3.82,WIF,SHORT,,false,36,,,2x,0.19824,0.2012,0.1933,,,0.1933,TP1_HIT,2.4919,1.4931,1.6689
654,2026-04-20T17:59:05,2026-04-22T11:43:38,41.74,BTC,LONG,,false,32,,,2x,75892,74753.62,77789.3,,,77789.3,TP1_HIT,2.5,1.5,1.6667
655,2026-04-20T17:59:05,2026-04-22T11:43:38,41.74,ETH,LONG,,false,51,,,2x,2316.8,2282.05,2374.72,,,2374.72,TP1_HIT,2.5,1.4999,1.6668
656,2026-04-20T17:59:05,2026-04-22T11:43:38,41.74,DOGE,LONG,,false,40,,,2x,0.095055,0.0936,0.0974,,,0.0974,TP1_HIT,2.467,1.5307,1.6117
658,2026-04-20T17:59:05,2026-04-22T11:43:38,41.74,BNB,LONG,,false,45,,,2x,629.44,620,645.18,,,641.79527776,EXPIRED_WIN,1.9629,1.4997,1.3089
659,2026-04-20T18:06:01,2026-04-22T11:43:38,41.63,BTC,LONG,,false,32,,,2x,76140,74997.9,78043.5,,,78043.5,TP1_HIT,2.5,1.5,1.6667
660,2026-04-20T18:06:01,2026-04-22T11:43:38,41.63,SOL,SHORT,,false,46,,,2x,86.019,87.309,83.869,,,87.309,SL_HIT,-1.4997,1.4997,-1
664,2026-04-20T18:14:23,2026-04-22T11:43:38,41.49,BTC,LONG,,false,44,,,2x,76227,75083.6,78132.68,,,78132.68,TP1_HIT,2.5,1.5,1.6667
668,2026-04-20T18:14:23,2026-04-22T11:43:38,41.49,BNB,LONG,,false,40,,,2x,631.19,621.72,646.97,,,641.79525438,EXPIRED_WIN,1.6802,1.5003,1.1199
686,2026-04-20T19:27:14,2026-04-22T11:43:38,40.27,BTC,LONG,,false,44,,,2x,76164,75021.54,78068.1,,,78068.1,TP1_HIT,2.5,1.5,1.6667
691,2026-04-20T19:31:09,2026-04-22T11:43:38,40.21,SOL,SHORT,,false,53,,,2x,85.813,87.1,83.668,,,87.1,SL_HIT,-1.4998,1.4998,-1
695,2026-04-20T19:31:09,2026-04-22T11:43:38,40.21,TRUMP,SHORT,,false,46,,,2x,2.891,2.948,2.796,,,2.948,SL_HIT,-1.9716,1.9716,-1
696,2026-04-20T19:39:57,2026-04-22T11:43:38,40.06,BTC,LONG,,false,39,,,2x,76215,75071.77,78120.38,,,78120.38,TP1_HIT,2.5,1.5,1.6667
697,2026-04-20T19:39:57,2026-04-22T11:43:38,40.06,SOL,SHORT,,false,34,,,2x,85.875,87.163,83.728,,,87.163,SL_HIT,-1.4999,1.4999,-1
698,2026-04-20T19:39:57,2026-04-22T11:43:38,40.06,BNB,LONG,,false,26,,,2x,630.68,621.22,646.45,,,641.79510432,EXPIRED_WIN,1.7624,1.5,1.1749
701,2026-04-21T03:24:23,2026-04-22T11:43:38,32.32,BTC,LONG,,false,34,,,2x,75532,74399.02,77420.3,,,77420.3,TP1_HIT,2.5,1.5,1.6667
702,2026-04-21T03:24:23,2026-04-22T11:43:38,32.32,ETH,LONG,,false,53,,,2x,2301.2,2266.68,2358.73,,,2358.73,TP1_HIT,2.5,1.5001,1.6666
703,2026-04-21T03:24:23,2026-04-22T11:43:38,32.32,DOGE,LONG,,false,33,,,2x,0.09468,0.0933,0.097,,,0.097,TP1_HIT,2.4504,1.4575,1.6812
704,2026-04-21T03:24:23,2026-04-22T11:43:38,32.32,BNB,LONG,,false,30,,,2x,628.55,619.12,644.26,,,641.7948056,EXPIRED_WIN,2.1072,1.5003,1.4045
705,2026-04-21T03:24:23,2026-04-22T11:43:38,32.32,DOT,LONG,,false,40,,,2x,1.2707,1.252,1.302,,,1.302,TP1_HIT,2.4632,1.4716,1.6738
706,2026-04-21T03:44:50,2026-04-22T11:43:38,31.98,BTC,LONG,,false,34,,,2x,75508,74375.38,77395.7,,,77395.7,TP1_HIT,2.5,1.5,1.6667
707,2026-04-21T03:44:50,2026-04-22T11:43:38,31.98,ETH,LONG,,false,34,,,2x,2305.3,2270.72,2362.93,,,2362.93,TP1_HIT,2.4999,1.5,1.6666
708,2026-04-21T03:44:50,2026-04-22T11:43:38,31.98,DOGE,LONG,,false,23,,,2x,0.094795,0.0934,0.0972,,,0.0972,TP1_HIT,2.5371,1.4716,1.724
709,2026-04-21T03:44:50,2026-04-22T11:43:38,31.98,BNB,LONG,,false,30,,,2x,629.16,619.72,644.89,,,641.79479112,EXPIRED_WIN,2.0082,1.5004,1.3384
710,2026-04-21T03:44:50,2026-04-22T11:43:38,31.98,DOT,LONG,,false,26,,,2x,1.2735,1.254,1.305,,,1.30254981,EXPIRED_WIN,2.2811,1.5312,1.4897
711,2026-04-21T03:48:10,2026-04-22T11:43:38,31.92,BTC,LONG,,false,41,,,2x,75540,74406.9,77428.5,,,77428.5,TP1_HIT,2.5,1.5,1.6667
712,2026-04-21T03:48:10,2026-04-22T11:43:38,31.92,ETH,LONG,,false,41,,,2x,2306.4,2271.8,2364.06,,,2364.06,TP1_HIT,2.5,1.5002,1.6664
713,2026-04-21T03:48:10,2026-04-22T11:43:38,31.92,DOGE,LONG,,false,30,,,2x,0.094867,0.0934,0.0972,,,0.0972,TP1_HIT,2.4592,1.5464,1.5903
714,2026-04-21T03:48:10,2026-04-22T11:43:38,31.92,BNB,LONG,,false,30,,,2x,629.34,619.9,645.07,,,641.79526794,EXPIRED_WIN,1.9791,1.5,1.3194
715,2026-04-21T03:48:10,2026-04-22T11:43:38,31.92,DOT,LONG,,false,26,,,2x,1.2745,1.255,1.306,,,1.30255047,EXPIRED_WIN,2.2009,1.53,1.4385
719,2026-04-21T03:55:30,2026-04-22T11:43:38,31.8,APT,SHORT,,false,36,,,2x,0.9285,0.9524,0.8887,,,0.9524,SL_HIT,-2.574,2.574,-1
722,2026-04-21T04:03:49,2026-04-22T11:43:38,31.66,DOGE,LONG,,false,30,,,2x,0.094955,0.0935,0.0973,,,0.0973,TP1_HIT,2.4696,1.5323,1.6117
723,2026-04-21T04:03:49,2026-04-22T11:43:38,31.66,UNI,LONG,,false,36,,,2x,3.2389,3.186,3.327,,,3.327,TP1_HIT,2.7201,1.6333,1.6654
736,2026-04-21T10:41:16,2026-04-22T11:43:38,25.04,SOL,SHORT,,false,45,,,2x,85.876,87.164,83.729,,,87.164,SL_HIT,-1.4998,1.4998,-1
749,2026-04-21T10:57:01,2026-04-22T11:43:38,24.78,SOL,SHORT,,false,40,,,2x,86.196,87.489,84.041,,,87.489,SL_HIT,-1.5001,1.5001,-1
759,2026-04-21T11:39:17,2026-04-22T11:43:38,24.07,SOL,SHORT,,false,40,,,2x,85.973,87.263,83.824,,,87.263,SL_HIT,-1.5005,1.5005,-1
762,2026-04-21T11:39:17,2026-04-22T11:43:38,24.07,APT,SHORT,,false,43,,,2x,0.9467,0.9702,0.9076,,,0.9702,SL_HIT,-2.4823,2.4823,-1
764,2026-04-21T12:13:39,2026-04-22T11:43:38,23.5,SOL,SHORT,,false,43,,,2x,85.816,87.103,83.671,,,87.103,SL_HIT,-1.4997,1.4997,-1
765,2026-04-21T12:13:39,2026-04-22T11:43:38,23.5,NEAR,SHORT,,false,45,,,2x,1.3881,1.409,1.353,,,1.409,SL_HIT,-1.5057,1.5057,-1
766,2026-04-21T12:13:39,2026-04-22T11:43:38,23.5,APT,SHORT,,false,34,,,2x,0.9399,0.9559,0.9132,,,0.9559,SL_HIT,-1.7023,1.7023,-1
769,2026-04-21T12:23:41,2026-04-22T11:43:38,23.33,SOL,SHORT,,false,43,,,2x,85.716,87.002,83.573,,,87.002,SL_HIT,-1.5003,1.5003,-1
774,2026-04-21T12:38:35,2026-04-22T11:43:38,23.08,SOL,SHORT,,false,48,,,2x,85.688,86.973,83.546,,,86.973,SL_HIT,-1.4996,1.4996,-1
776,2026-04-21T12:38:35,2026-04-22T11:43:38,23.08,NEAR,SHORT,,false,50,,,2x,1.3823,1.403,1.348,,,1.403,SL_HIT,-1.4975,1.4975,-1
777,2026-04-21T12:38:35,2026-04-22T11:43:38,23.08,APT,SHORT,,false,46,,,2x,0.9388,0.9548,0.9121,,,0.9548,SL_HIT,-1.7043,1.7043,-1
781,2026-04-21T13:11:55,2026-04-22T11:43:38,22.53,DOGE,LONG,,false,33,,,2x,0.094945,0.0935,0.0973,,,0.0973,TP1_HIT,2.4804,1.5219,1.6298
783,2026-04-21T13:11:55,2026-04-22T11:43:38,22.53,NEAR,SHORT,,false,38,,,2x,1.3691,1.39,1.335,,,1.39,SL_HIT,-1.5266,1.5266,-1
784,2026-04-21T13:19:17,2026-04-22T11:43:38,22.41,BTC,LONG,,false,51,,,2x,76027,74886.6,77927.68,,,77927.68,TP1_HIT,2.5,1.5,1.6667
785,2026-04-21T13:19:17,2026-04-22T11:43:38,22.41,ETH,LONG,,false,44,,,2x,2305.8,2271.21,2363.45,,,2363.45,TP1_HIT,2.5002,1.5001,1.6667
787,2026-04-21T13:19:17,2026-04-22T11:43:38,22.41,DOGE,LONG,,false,33,,,2x,0.094883,0.0935,0.0973,,,0.0973,TP1_HIT,2.5473,1.4576,1.7476
791,2026-04-21T13:28:15,2026-04-22T11:43:38,22.26,NEAR,SHORT,,false,45,,,2x,1.368,1.389,1.334,,,1.389,SL_HIT,-1.5351,1.5351,-1
792,2026-04-21T13:28:15,2026-04-22T11:43:38,22.26,APT,SHORT,,false,38,,,2x,0.9331,0.9471,0.9098,,,0.9471,SL_HIT,-1.5004,1.5004,-1
793,2026-04-21T13:28:15,2026-04-22T11:43:38,22.26,TRUMP,SHORT,,false,48,,,2x,2.8626,2.906,2.791,,,2.906,SL_HIT,-1.5161,1.5161,-1
796,2026-04-21T13:31:50,2026-04-22T11:43:38,22.2,NEAR,SHORT,,false,41,,,2x,1.3665,1.388,1.331,,,1.388,SL_HIT,-1.5734,1.5734,-1
797,2026-04-21T13:31:50,2026-04-22T11:43:38,22.2,APT,SHORT,,false,31,,,2x,0.9319,0.9459,0.9086,,,0.9459,SL_HIT,-1.5023,1.5023,-1
798,2026-04-21T13:31:50,2026-04-22T11:43:38,22.2,TRUMP,SHORT,,false,36,,,2x,2.8569,2.9,2.785,,,2.9,SL_HIT,-1.5086,1.5086,-1
801,2026-04-21T13:38:44,2026-04-22T11:43:38,22.08,NEAR,SHORT,,false,51,,,2x,1.3667,1.393,1.323,,,1.393,SL_HIT,-1.9243,1.9243,-1
802,2026-04-21T13:38:44,2026-04-22T11:43:38,22.08,APT,SHORT,,false,38,,,2x,0.9321,0.9461,0.9088,,,0.9461,SL_HIT,-1.502,1.502,-1
803,2026-04-21T13:38:44,2026-04-22T11:43:38,22.08,TRUMP,SHORT,,false,43,,,2x,2.8588,2.907,2.779,,,2.907,SL_HIT,-1.686,1.686,-1
804,2026-04-21T14:14:16,2026-04-22T11:43:38,21.49,BTC,LONG,,false,32,,,2x,75821,74683.68,77716.52,,,77716.52,TP1_HIT,2.5,1.5,1.6667
805,2026-04-21T14:14:16,2026-04-22T11:43:38,21.49,SOL,SHORT,,false,34,,,2x,85.684,86.969,83.542,,,86.969,SL_HIT,-1.4997,1.4997,-1
809,2026-04-21T14:17:12,2026-04-22T11:43:38,21.44,BTC,LONG,,false,40,,,2x,76112,74970.32,78014.8,,,78014.8,TP1_HIT,2.5,1.5,1.6667
810,2026-04-21T14:17:12,2026-04-22T11:43:38,21.44,ETH,LONG,,false,40,,,2x,2316.6,2281.85,2374.51,,,2374.51,TP1_HIT,2.4998,1.5,1.6665
814,2026-04-21T14:27:05,2026-04-22T11:43:38,21.28,BTC,LONG,,false,39,,,2x,76144,75001.84,78047.6,,,78047.6,TP1_HIT,2.5,1.5,1.6667
815,2026-04-21T14:27:05,2026-04-22T11:43:38,21.28,ETH,LONG,,false,42,,,2x,2315.5,2280.77,2373.39,,,2373.39,TP1_HIT,2.5001,1.4999,1.6668
819,2026-04-21T14:31:02,2026-04-22T11:43:38,21.21,BTC,LONG,,false,39,,,2x,76146,75003.81,78049.65,,,78049.65,TP1_HIT,2.5,1.5,1.6667
820,2026-04-21T14:31:02,2026-04-22T11:43:38,21.21,ETH,LONG,,false,39,,,2x,2314.7,2279.98,2372.57,,,2372.57,TP1_HIT,2.5001,1.5,1.6667
824,2026-04-21T14:45:30,2026-04-22T11:43:38,20.97,TRUMP,SHORT,,false,48,,,2x,2.8754,2.919,2.804,,,2.919,SL_HIT,-1.5163,1.5163,-1
827,2026-04-21T14:45:35,2026-04-22T11:43:38,20.97,NEAR,SHORT,,false,38,,,2x,1.377,1.398,1.343,,,1.398,SL_HIT,-1.5251,1.5251,-1
828,2026-04-21T14:45:35,2026-04-22T11:43:38,20.97,APT,SHORT,,false,31,,,2x,0.9369,0.951,0.9135,,,0.951,SL_HIT,-1.505,1.505,-1
829,2026-04-21T14:48:15,2026-04-22T11:43:38,20.92,TRUMP,SHORT,,false,36,,,2x,2.8672,2.91,2.796,,,2.91,SL_HIT,-1.4927,1.4927,-1
831,2026-04-21T14:48:20,2026-04-22T11:43:38,20.92,NEAR,SHORT,,false,38,,,2x,1.3742,1.395,1.34,,,1.395,SL_HIT,-1.5136,1.5136,-1
832,2026-04-21T14:48:20,2026-04-22T11:43:38,20.92,APT,SHORT,,false,31,,,2x,0.933,0.947,0.9097,,,0.947,SL_HIT,-1.5005,1.5005,-1
834,2026-04-21T16:04:29,2026-04-22T11:43:38,19.65,TRUMP,SHORT,,false,49,,,2x,2.8682,2.917,2.786,,,2.917,SL_HIT,-1.7014,1.7014,-1
836,2026-04-21T16:04:34,2026-04-22T11:43:38,19.65,NEAR,SHORT,,false,31,,,2x,1.3753,1.396,1.341,,,1.396,SL_HIT,-1.5051,1.5051,-1
837,2026-04-21T16:04:34,2026-04-22T11:43:38,19.65,APT,SHORT,,false,49,,,2x,0.9401,0.9558,0.914,,,0.9558,SL_HIT,-1.67,1.67,-1
840,2026-04-21T16:16:16,2026-04-22T11:43:38,19.46,APT,SHORT,,false,43,,,2x,0.9358,0.9498,0.9124,,,0.9498,SL_HIT,-1.496,1.496,-1
842,2026-04-21T16:16:16,2026-04-22T11:43:38,19.46,TRUMP,SHORT,,false,56,,,2x,2.8612,2.929,2.747,,,2.929,SL_HIT,-2.3696,2.3696,-1
843,2026-04-21T16:16:16,2026-04-22T11:43:38,19.46,HYPE,LONG,,false,40,,,2x,39.853,39.255,40.849,,,40.849,TP1_HIT,2.4992,1.5005,1.6656
845,2026-04-21T17:01:16,2026-04-22T11:43:38,18.71,DOT,LONG,,false,31,,,2x,1.2695,1.25,1.301,,,1.301,TP1_HIT,2.4813,1.536,1.6154
846,2026-04-21T17:01:16,2026-04-22T11:43:38,18.71,NEAR,SHORT,,false,31,,,2x,1.3712,1.392,1.337,,,1.392,SL_HIT,-1.5169,1.5169,-1
847,2026-04-21T17:01:16,2026-04-22T11:43:38,18.71,APT,SHORT,,false,49,,,2x,0.932,0.9484,0.9046,,,0.9484,SL_HIT,-1.7597,1.7597,-1
848,2026-04-21T17:01:16,2026-04-22T11:43:38,18.71,TRUMP,SHORT,,false,42,,,2x,2.8498,2.929,2.718,,,2.929,SL_HIT,-2.7791,2.7791,-1
849,2026-04-21T17:18:45,2026-04-22T11:43:38,18.41,WIF,SHORT,,false,61,,,2x,0.19326,0.1977,0.1859,,,0.1977,SL_HIT,-2.2974,2.2974,-1
850,2026-04-21T17:18:45,2026-04-22T11:43:38,18.41,NEAR,SHORT,,false,50,,,2x,1.3564,1.377,1.322,,,1.377,SL_HIT,-1.5187,1.5187,-1
851,2026-04-21T17:18:45,2026-04-22T11:43:38,18.41,APT,SHORT,,false,56,,,2x,0.9209,0.9463,0.8787,,,0.9463,SL_HIT,-2.7582,2.7582,-1
852,2026-04-21T17:18:45,2026-04-22T11:43:38,18.41,TRUMP,SHORT,,false,56,,,2x,2.8259,2.928,2.655,,,2.928,SL_HIT,-3.613,3.613,-1
853,2026-04-21T17:21:40,2026-04-22T11:43:38,18.37,HYPE,LONG,,false,47,,,2x,39.658,39.063,40.649,,,40.649,TP1_HIT,2.4989,1.5003,1.6656
854,2026-04-21T17:29:14,2026-04-22T11:43:38,18.24,WIF,SHORT,,false,42,,,2x,0.19327,0.1987,0.1843,,,0.1987,SL_HIT,-2.8095,2.8095,-1
855,2026-04-21T17:29:14,2026-04-22T11:43:38,18.24,NEAR,SHORT,,false,38,,,2x,1.3566,1.377,1.323,,,1.377,SL_HIT,-1.5038,1.5038,-1
856,2026-04-21T17:29:14,2026-04-22T11:43:38,18.24,APT,SHORT,,false,42,,,2x,0.9188,0.9479,0.8703,,,0.9479,SL_HIT,-3.1672,3.1672,-1
857,2026-04-21T17:29:14,2026-04-22T11:43:38,18.24,TRUMP,SHORT,,false,42,,,2x,2.8231,2.927,2.65,,,2.927,SL_HIT,-3.6804,3.6804,-1
858,2026-04-21T17:29:44,2026-04-22T11:43:38,18.23,HYPE,LONG,,false,55,,,2x,39.6,39.006,40.59,,,40.59,TP1_HIT,2.5,1.5,1.6667
859,2026-04-21T17:39:39,2026-04-22T11:43:38,18.07,BTC,LONG,,false,44,,,2x,75466,74334.01,77352.65,,,77352.65,TP1_HIT,2.5,1.5,1.6667
860,2026-04-21T17:39:39,2026-04-22T11:43:38,18.07,ETH,LONG,,false,44,,,2x,2301,2266.49,2358.53,,,2358.53,TP1_HIT,2.5002,1.4998,1.667
808,2026-04-21T14:14:16,2026-04-22T11:49:38,21.59,DOT,LONG,,false,31,,,2x,1.2721,1.253,1.304,,,1.304,TP1_HIT,2.5077,1.5015,1.6701
795,2026-04-21T13:31:50,2026-04-22T12:00:00,22.47,WIF,SHORT,,false,36,,,2x,0.19809,0.2011,0.1931,,,0.2011,SL_HIT,-1.5195,1.5195,-1
806,2026-04-21T14:14:16,2026-04-22T12:00:00,21.76,WIF,SHORT,,false,43,,,2x,0.198,0.201,0.193,,,0.201,SL_HIT,-1.5152,1.5152,-1
844,2026-04-21T17:01:16,2026-04-22T12:00:00,18.98,WIF,SHORT,,false,29,,,2x,0.19799,0.201,0.193,,,0.201,SL_HIT,-1.5203,1.5203,-1
772,2026-04-21T12:23:41,2026-04-22T12:24:19,24.01,BNB,LONG,,false,33,,,2x,633.63,624.13,649.47,,,642.98998236,EXPIRED_WIN,1.4772,1.4993,0.9853
782,2026-04-21T13:11:55,2026-04-22T13:12:36,24.01,BNB,LONG,,false,26,,,2x,631.5,622.03,647.29,,,644.0952675,EXPIRED_WIN,1.9945,1.4996,1.33
876,2026-04-22T13:14:58,2026-04-22T13:15:36,0.01,TIA,SHORT,,false,54,,,2x,0.3766,0.3851,0.3625,,,0.3851,SL_HIT,-2.257,2.257,-1
877,2026-04-22T13:14:58,2026-04-22T13:15:36,0.01,SEI,LONG,,false,54,,,3x,0.06417,0.0614,0.0688,,,0.0614,SL_HIT,-4.3167,4.3167,-1
878,2026-04-22T13:14:58,2026-04-22T13:15:36,0.01,JUP,LONG,,false,54,,,3x,0.1848,0.1784,0.1955,,,0.1784,SL_HIT,-3.4632,3.4632,-1
879,2026-04-22T13:14:59,2026-04-22T13:15:36,0.01,ONDO,SHORT,,false,54,,,3x,0.2593,0.2673,0.246,,,0.2673,SL_HIT,-3.0852,3.0852,-1
788,2026-04-21T13:19:17,2026-04-22T13:19:36,24.01,BNB,LONG,,false,33,,,2x,631.9,622.42,647.7,,,644.2549088,EXPIRED_WIN,1.9552,1.5002,1.3033
807,2026-04-21T14:14:16,2026-04-22T13:53:57,23.66,BNB,LONG,,false,29,,,2x,631.44,621.97,647.23,,,647.23,TP1_HIT,2.5006,1.4997,1.6674
812,2026-04-21T14:17:12,2026-04-22T13:53:57,23.61,BNB,LONG,,false,41,,,2x,633.08,623.58,648.91,,,648.91,TP1_HIT,2.5005,1.5006,1.6663
817,2026-04-21T14:27:05,2026-04-22T13:53:57,23.45,BNB,LONG,,false,40,,,2x,633.15,623.65,648.98,,,648.98,TP1_HIT,2.5002,1.5004,1.6664
822,2026-04-21T14:31:02,2026-04-22T13:53:57,23.38,BNB,LONG,,false,40,,,2x,633.42,623.92,649.26,,,649.26,TP1_HIT,2.5007,1.4998,1.6674
833,2026-04-21T14:51:45,2026-04-22T13:53:57,23.04,BNB,LONG,,false,26,,,2x,632.93,623.44,648.75,,,648.75,TP1_HIT,2.4995,1.4994,1.667
861,2026-04-21T17:39:39,2026-04-22T13:53:57,20.24,BNB,LONG,,false,33,,,2x,629.11,619.67,644.84,,,644.84,TP1_HIT,2.5004,1.5005,1.6664
838,2026-04-21T16:08:00,2026-04-22T19:18:50,27.18,TIA,LONG,,false,37,,,2x,0.37649,0.3691,0.3888,,,0.38096007,EXPIRED_WIN,1.1873,1.9629,0.6049
862,2026-04-21T17:39:39,2026-04-22T19:18:50,25.65,PENDLE,LONG,,false,31,,,2x,1.3372,1.317,1.371,,,1.35425064,EXPIRED_WIN,1.2751,1.5106,0.8441
863,2026-04-21T17:39:39,2026-04-22T19:18:50,25.65,HBAR,LONG,,false,31,,,2x,0.08926,0.0879,0.0915,,,0.0915,TP1_HIT,2.5095,1.5236,1.6471
889,2026-04-22T14:16:06,2026-04-22T19:28:50,5.21,TIA,LONG,,false,59,,,2x,0.38432,0.3786,0.3939,,,0.3786,SL_HIT,-1.4883,1.4883,-1
872,2026-04-22T11:57:56,2026-04-22T19:29:50,7.53,TIA,LONG,,false,42,,,2x,0.3862,0.3782,0.3996,,,0.3782,SL_HIT,-2.0715,2.0715,-1
870,2026-04-22T11:54:01,2026-04-22T19:35:50,7.7,DOGE,LONG,,false,30,,,2x,0.097849,0.0964,0.1003,,,0.0964,SL_HIT,-1.4809,1.4809,-1
880,2026-04-22T13:56:03,2026-04-22T19:35:50,5.66,DOGE,LONG,,false,33,,,2x,0.098079,0.0966,0.1005,,,0.0966,SL_HIT,-1.508,1.508,-1
869,2026-04-22T11:54:01,2026-04-22T19:36:50,7.71,WIF,SHORT,,false,33,,,2x,0.20039,0.2034,0.1954,,,0.1954,TP1_HIT,2.4901,1.5021,1.6577
887,2026-04-22T14:11:11,2026-04-22T20:00:50,5.83,BNB,LONG,,false,33,,,2x,651.63,641.86,667.92,,,641.86,SL_HIT,-1.4993,1.4993,-1
896,2026-04-22T20:11:42,2026-04-22T20:12:28,0.01,SEI,LONG,,false,53,,,3x,0.06417,0.0623,0.0674,,,0.0623,SL_HIT,-2.9141,2.9141,-1
897,2026-04-22T20:11:42,2026-04-22T20:12:28,0.01,JUP,LONG,,false,53,,,3x,0.1848,0.1764,0.1989,,,0.1764,SL_HIT,-4.5455,4.5455,-1
866,2026-04-22T11:45:39,2026-04-22T23:36:03,11.84,PENDLE,LONG,,false,40,,,2x,1.3462,1.326,1.38,,,1.326,SL_HIT,-1.5005,1.5005,-1
884,2026-04-22T13:57:03,2026-04-22T23:36:03,9.65,WIF,SHORT,,false,49,,,2x,0.19973,0.2038,0.193,,,0.193,TP1_HIT,3.3695,2.0378,1.6535
886,2026-04-22T14:04:50,2026-04-22T23:36:03,9.52,ETH,LONG,,false,39,,,2x,2418.5,2382.22,2478.96,,,2382.22,SL_HIT,-1.5001,1.5001,-1
894,2026-04-22T19:20:57,2026-04-22T23:36:03,4.25,PENDLE,LONG,,false,31,,,2x,1.3542,1.334,1.388,,,1.334,SL_HIT,-1.4917,1.4917,-1
895,2026-04-22T20:06:34,2026-04-22T23:36:03,3.49,WIF,SHORT,,false,33,,,2x,0.19648,0.1994,0.1916,,,0.1916,TP1_HIT,2.4837,1.4862,1.6712
914,2026-04-23T00:08:52,2026-04-23T00:09:11,0.01,SEI,LONG,,false,53,,,3x,0.06416,0.0615,0.0685,,,0.0615,SL_HIT,-4.1459,4.1459,-1
915,2026-04-23T00:08:52,2026-04-23T00:09:11,0.01,JUP,LONG,,false,36,,,3x,0.1848,0.1727,0.2049,,,0.1727,SL_HIT,-6.5476,6.5476,-1
891,2026-04-22T19:20:56,2026-04-23T00:10:11,4.82,ETH,LONG,,false,44,,,2x,2400.7,2364.69,2460.72,,,2364.69,SL_HIT,-1.5,1.5,-1
875,2026-04-22T12:24:54,2026-04-23T00:11:11,11.77,ONDO,LONG,,false,37,,,3x,0.26924,0.2598,0.2849,,,0.2598,SL_HIT,-3.5062,3.5062,-1
868,2026-04-22T11:45:49,2026-04-23T00:15:11,12.49,ETH,LONG,,false,36,,,2x,2393.4,2357.5,2453.24,,,2357.5,SL_HIT,-1.5,1.5,-1
893,2026-04-22T19:20:56,2026-04-23T00:15:11,4.9,BNB,LONG,,false,33,,,2x,645.74,636.05,661.88,,,636.05,SL_HIT,-1.5006,1.5006,-1
916,2026-04-23T00:10:08,2026-04-23T00:15:11,0.08,ONDO,LONG,,false,27,,,2x,0.2685,0.2593,0.2839,,,0.2593,SL_HIT,-3.4264,3.4264,-1
885,2026-04-22T14:04:25,2026-04-23T00:16:11,10.2,PENDLE,LONG,,false,31,,,2x,1.3342,1.314,1.368,,,1.314,SL_HIT,-1.514,1.514,-1
890,2026-04-22T19:20:55,2026-04-23T00:16:11,4.92,BTC,LONG,,false,44,,,2x,78889,77705.66,80861.23,,,77705.66,SL_HIT,-1.5,1.5,-1
864,2026-04-22T11:45:39,2026-04-23T11:57:05,24.19,BTC,LONG,,false,41,,,2x,78193,77020.1,80147.82,,,77688.498764,EXPIRED_LOSS,-0.6452,1.5,-0.4301
865,2026-04-22T11:45:39,2026-04-23T11:57:05,24.19,BNB,LONG,,false,33,,,2x,641.95,632.32,658,,,633.44480445,EXPIRED_LOSS,-1.3249,1.5001,-0.8832
867,2026-04-22T11:45:39,2026-04-23T11:57:05,24.19,HBAR,LONG,,false,31,,,2x,0.091104,0.0897,0.0934,,,0.09069002,EXPIRED_LOSS,-0.4544,1.5411,-0.2949
871,2026-04-22T11:54:01,2026-04-23T11:57:05,24.05,HYPE,LONG,,false,43,,,2x,40.919,40.305,41.942,,,41.12249019,EXPIRED_WIN,0.4973,1.5005,0.3314
903,2026-04-22T23:38:04,2026-04-23T11:57:05,12.32,ETH,LONG,,false,48,,,2x,2378.1,2342.43,2437.55,,,2342.43,SL_HIT,-1.4999,1.4999,-1
912,2026-04-23T00:02:12,2026-04-23T11:57:05,11.91,PENDLE,LONG,,false,33,,,2x,1.322,1.302,1.355,,,1.302,SL_HIT,-1.5129,1.5129,-1
873,2026-04-22T11:57:56,2026-04-23T11:58:05,24,SEI,SHORT,,false,44,,,2x,0.061355,0.0637,0.0575,,,0.06048302,EXPIRED_WIN,1.4212,3.822,0.3718
874,2026-04-22T12:24:54,2026-04-23T12:25:53,24.02,JUP,SHORT,,false,44,,,3x,0.17845,0.1842,0.1689,,,0.17039495,EXPIRED_WIN,4.5139,3.2222,1.4009
881,2026-04-22T13:56:03,2026-04-23T14:39:35,24.73,HBAR,LONG,,false,31,,,2x,0.091272,0.0899,0.0936,,,0.09061603,EXPIRED_LOSS,-0.7187,1.5032,-0.4781
882,2026-04-22T13:56:03,2026-04-23T14:39:35,24.73,HYPE,LONG,,false,39,,,2x,41.405,40.784,42.44,,,41.48801703,EXPIRED_WIN,0.2005,1.4998,0.1337
883,2026-04-22T13:56:28,2026-04-23T14:39:35,24.72,BTC,LONG,,false,47,,,2x,78722,77541.17,80690.05,,,77772.533958,EXPIRED_LOSS,-1.2061,1.5,-0.8041
888,2026-04-22T14:14:46,2026-04-23T14:39:35,24.41,SEI,SHORT,,false,44,,,3x,0.061432,0.0639,0.0573,,,0.06087702,EXPIRED_WIN,0.9034,4.0175,0.2249
892,2026-04-22T19:20:56,2026-04-23T21:30:53,26.17,DOGE,LONG,,false,33,,,2x,0.096944,0.0955,0.0994,,,0.09693004,EXPIRED_LOSS,-0.0144,1.4895,-0.0097
898,2026-04-22T20:12:12,2026-04-23T21:30:53,25.31,HBAR,LONG,,false,35,,,2x,0.09147,0.0901,0.0938,,,0.09067897,EXPIRED_LOSS,-0.8648,1.4978,-0.5774
899,2026-04-22T20:12:13,2026-04-23T21:30:53,25.31,HYPE,LONG,,false,51,,,2x,41.06,40.444,42.087,,,41.2804922,EXPIRED_WIN,0.537,1.5002,0.358
900,2026-04-22T20:25:11,2026-04-23T21:30:53,25.09,SEI,SHORT,,false,34,,,3x,0.061943,0.0641,0.0583,,,0.061199,EXPIRED_WIN,1.2011,3.4822,0.3449
901,2026-04-22T20:25:11,2026-04-23T21:30:53,25.09,JUP,SHORT,,false,36,,,3x,0.17462,0.184,0.159,,,0.17121508,EXPIRED_WIN,1.9499,5.3717,0.363
902,2026-04-22T23:38:04,2026-04-24T01:22:27,25.74,BTC,LONG,,false,34,,,2x,78239,77065.41,80194.98,,,78039.49055,EXPIRED_LOSS,-0.255,1.5,-0.17
904,2026-04-22T23:38:04,2026-04-24T01:22:27,25.74,DOGE,LONG,,false,33,,,2x,0.095836,0.0944,0.0982,,,0.09715997,EXPIRED_WIN,1.3815,1.4984,0.922
905,2026-04-22T23:38:05,2026-04-24T01:22:27,25.74,BNB,LONG,,false,37,,,2x,637.86,628.29,653.81,,,638.05008228,EXPIRED_WIN,0.0298,1.5003,0.0199
906,2026-04-22T23:38:05,2026-04-24T01:22:27,25.74,HYPE,LONG,,false,43,,,2x,41.091,40.475,42.118,,,41.15049977,EXPIRED_WIN,0.1448,1.4991,0.0966
907,2026-04-22T23:40:40,2026-04-24T01:22:27,25.7,WIF,SHORT,,false,48,,,2x,0.18994,0.198,0.1766,,,0.17916508,EXPIRED_WIN,5.6728,4.2434,1.3369
908,2026-04-22T23:44:15,2026-04-24T01:22:27,25.64,TIA,SHORT,,false,44,,,3x,0.36637,0.3775,0.3478,,,0.36149984,EXPIRED_WIN,1.3293,3.0379,0.4376
909,2026-04-22T23:44:15,2026-04-24T01:22:27,25.64,SEI,SHORT,,false,36,,,3x,0.060986,0.0639,0.0561,,,0.06280698,EXPIRED_LOSS,-2.9859,4.7781,-0.6249
910,2026-04-22T23:44:15,2026-04-24T01:22:27,25.64,JUP,SHORT,,false,36,,,3x,0.1719,0.1837,0.1522,,,0.17366507,EXPIRED_LOSS,-1.0268,6.8645,-0.1496
911,2026-04-22T23:44:15,2026-04-24T01:22:27,25.64,ONDO,SHORT,,false,41,,,2x,0.26122,0.2679,0.2501,,,0.26289494,EXPIRED_LOSS,-0.6412,2.5572,-0.2507
913,2026-04-23T00:02:12,2026-04-24T01:22:27,25.34,HBAR,LONG,,false,40,,,2x,0.090919,0.0896,0.0932,,,0.09085599,EXPIRED_LOSS,-0.0693,1.4507,-0.0478
930,2026-04-23T15:00:24,2026-04-24T10:32:28,19.53,HYPE,LONG,,false,39,,,2x,41.606,40.982,42.646,,,40.982,SL_HIT,-1.4998,1.4998,-1
937,2026-04-24T03:16:05,2026-04-24T10:36:28,7.34,PENDLE,SHORT,,false,26,,,2x,1.2976,1.317,1.265,,,1.317,SL_HIT,-1.4951,1.4951,-1
947,2026-04-24T10:49:02,2026-04-24T10:49:30,0.01,SEI,LONG,,false,64,,,2x,0.06416,0.0627,0.0666,,,0.0627,SL_HIT,-2.2756,2.2756,-1
950,2026-04-24T11:40:07,2026-04-24T11:40:35,0.01,TIA,SHORT,,false,61,,,2x,0.3534,0.3607,0.3412,,,0.3607,SL_HIT,-2.0656,2.0656,-1
917,2026-04-23T11:59:05,2026-04-24T11:59:37,24.01,WIF,SHORT,,false,48,,,2x,0.18007,0.1867,0.1691,,,0.18137497,EXPIRED_LOSS,-0.7247,3.6819,-0.1968
918,2026-04-23T11:59:06,2026-04-24T11:59:37,24.01,BNB,LONG,,false,33,,,2x,633.43,623.93,649.27,,,638.12498316,EXPIRED_WIN,0.7412,1.4998,0.4942
919,2026-04-23T11:59:06,2026-04-24T11:59:37,24.01,HYPE,LONG,,false,43,,,2x,41.119,40.502,42.147,,,41.04848091,EXPIRED_LOSS,-0.1715,1.5005,-0.1143
920,2026-04-23T11:59:50,2026-04-24T12:00:37,24.01,BTC,LONG,,false,36,,,2x,77686,76520.71,79628.15,,,78209.525954,EXPIRED_WIN,0.6739,1.5,0.4493
921,2026-04-23T12:00:50,2026-04-24T12:01:37,24.01,HBAR,LONG,,false,41,,,2x,0.090684,0.0893,0.093,,,0.09135896,EXPIRED_WIN,0.7443,1.5262,0.4877
922,2026-04-23T12:23:59,2026-04-24T12:24:02,24,ETH,LONG,,false,44,,,2x,2327.2,2292.29,2385.38,,,2327.9493584,EXPIRED_WIN,0.0322,1.5001,0.0215
923,2026-04-23T12:23:59,2026-04-24T12:24:02,24,DOGE,LONG,,false,33,,,2x,0.096629,0.0952,0.099,,,0.09822203,EXPIRED_WIN,1.6486,1.4789,1.1147
924,2026-04-23T12:27:29,2026-04-24T12:28:02,24.01,SEI,SHORT,,false,49,,,3x,0.060395,0.0637,0.0549,,,0.06267099,EXPIRED_LOSS,-3.7685,5.4723,-0.6887
955,2026-04-24T13:17:46,2026-04-24T13:18:45,0.02,SEI,LONG,,false,64,,,2x,0.06416,0.0629,0.0663,,,0.0629,SL_HIT,-1.9638,1.9638,-1
925,2026-04-23T14:41:35,2026-04-24T14:42:20,24.01,BTC,LONG,,false,46,,,2x,77805,76637.93,79750.13,,,77892.530625,EXPIRED_WIN,0.1125,1.5,0.075
926,2026-04-23T14:41:36,2026-04-24T14:42:20,24.01,ETH,LONG,,false,39,,,2x,2327.4,2292.49,2385.59,,,2312.6489388,EXPIRED_LOSS,-0.6338,1.5,-0.4225
927,2026-04-23T14:41:36,2026-04-24T14:42:20,24.01,DOGE,LONG,,false,33,,,2x,0.096601,0.0952,0.099,,,0.09783798,EXPIRED_WIN,1.2805,1.4503,0.8829
928,2026-04-23T14:41:36,2026-04-24T14:42:20,24.01,BNB,LONG,,false,29,,,2x,635.77,626.23,651.66,,,638.3702993,EXPIRED_WIN,0.409,1.5005,0.2726
929,2026-04-23T14:41:37,2026-04-24T14:42:20,24.01,HBAR,LONG,,false,34,,,2x,0.090725,0.0894,0.093,,,0.09089202,EXPIRED_WIN,0.1841,1.4605,0.1261
931,2026-04-23T15:01:04,2026-04-26T05:10:13,62.15,SEI,SHORT,,false,37,,,3x,0.061104,0.0638,0.0566,,,0.06015402,EXPIRED_WIN,1.5547,4.4121,0.3524
932,2026-04-24T03:08:52,2026-04-26T05:10:13,50.02,APT,LONG,,false,43,,,2x,0.95,0.9277,0.9872,,,0.96890025,EXPIRED_WIN,1.9895,2.3474,0.8475
933,2026-04-24T03:08:56,2026-04-26T05:10:13,50.02,WIF,LONG,,false,28,,,2x,0.18017,0.1775,0.1847,,,0.17899493,EXPIRED_LOSS,-0.6522,1.4819,-0.4401
934,2026-04-24T03:08:56,2026-04-26T05:10:13,50.02,ADA,LONG,,false,21,,,2x,0.24983,0.2461,0.2561,,,0.25011006,EXPIRED_WIN,0.1121,1.493,0.0751
935,2026-04-24T03:08:57,2026-04-26T05:10:13,50.02,NEAR,LONG,,false,38,,,2x,1.4024,1.379,1.442,,,1.40015055,EXPIRED_LOSS,-0.1604,1.6686,-0.0961
936,2026-04-24T03:09:08,2026-04-26T05:10:13,50.02,TRUMP,LONG,,false,31,,,2x,2.8638,2.812,2.951,,,2.812,SL_HIT,-1.8088,1.8088,-1
938,2026-04-24T03:16:13,2026-04-26T05:10:13,49.9,XRP,SHORT,,false,35,,,2x,1.4358,1.457,1.4,,,1.42214985,EXPIRED_WIN,0.9507,1.4765,0.6439
939,2026-04-24T03:16:38,2026-04-26T05:10:13,49.89,DOT,SHORT,,false,28,,,2x,1.2414,1.26,1.21,,,1.24925061,EXPIRED_LOSS,-0.6324,1.4983,-0.4221
940,2026-04-24T03:17:03,2026-04-26T05:10:13,49.89,WIF,SHORT,,false,45,,,2x,0.18014,0.1828,0.1756,,,0.17899503,EXPIRED_WIN,0.6356,1.4766,0.4304
941,2026-04-24T03:18:03,2026-04-26T05:10:13,49.87,UNI,SHORT,,false,50,,,2x,3.2405,3.289,3.159,,,3.26735078,EXPIRED_LOSS,-0.8286,1.4967,-0.5536
942,2026-04-24T10:34:29,2026-04-26T05:10:13,42.6,HBAR,LONG,,false,35,,,2x,0.090508,0.0892,0.0928,,,0.09182697,EXPIRED_WIN,1.4573,1.4452,1.0084
943,2026-04-24T10:35:09,2026-04-26T05:10:13,42.58,DOGE,LONG,,false,30,,,2x,0.097417,0.096,0.0999,,,0.09818202,EXPIRED_WIN,0.7853,1.4546,0.5399
944,2026-04-24T10:39:33,2026-04-26T05:10:13,42.51,ARB,SHORT,,false,43,,,2x,0.12876,0.1334,0.121,,,0.13043002,EXPIRED_LOSS,-1.297,3.6036,-0.3599
945,2026-04-24T10:39:34,2026-04-26T05:10:13,42.51,OP,SHORT,,false,33,,,2x,0.12198,0.1238,0.1189,,,0.1238,SL_HIT,-1.492,1.492,-1
946,2026-04-24T10:39:53,2026-04-26T05:10:13,42.51,HBAR,SHORT,,false,33,,,2x,0.090589,0.0919,0.0883,,,0.09182699,EXPIRED_LOSS,-1.3666,1.4472,-0.9443
948,2026-04-24T11:20:46,2026-04-26T05:10:13,41.82,WIF,SHORT,,false,33,,,2x,0.18112,0.1838,0.1766,,,0.17899492,EXPIRED_WIN,1.1733,1.4797,0.7929
949,2026-04-24T11:22:16,2026-04-26T05:10:13,41.8,DOGE,SHORT,,false,28,,,2x,0.098147,0.0996,0.0957,,,0.09818204,EXPIRED_LOSS,-0.0357,1.4804,-0.0241
951,2026-04-24T11:42:31,2026-04-26T05:10:13,41.46,RENDER,LONG,,false,49,,,2x,1.8174,1.786,1.87,,,1.80955065,EXPIRED_LOSS,-0.4319,1.7277,-0.25
952,2026-04-24T12:12:51,2026-04-26T05:10:13,40.96,JUP,LONG,,false,44,,,3x,0.17533,0.1562,0.2073,,,0.17946007,EXPIRED_WIN,2.3556,10.9109,0.2159
953,2026-04-24T13:11:51,2026-04-26T05:10:13,39.97,DOGE,LONG,,false,33,,,2x,0.098344,0.0969,0.1008,,,0.09818203,EXPIRED_LOSS,-0.1647,1.4683,-0.1122
954,2026-04-24T13:11:56,2026-04-26T05:10:13,39.97,HBAR,LONG,,false,56,,,2x,0.091329,0.09,0.0936,,,0.09182702,EXPIRED_WIN,0.5453,1.4552,0.3747
956,2026-04-24T13:21:06,2026-04-26T05:10:13,39.82,WIF,SHORT,,false,36,,,2x,0.18182,0.1845,0.1773,,,0.17899506,EXPIRED_WIN,1.5537,1.474,1.0541
957,2026-04-24T13:40:59,2026-04-26T05:10:13,39.49,TIA,SHORT,,false,57,,,2x,0.3534,0.3626,0.338,,,0.35462983,EXPIRED_LOSS,-0.348,2.6033,-0.1337
958,2026-04-24T14:19:17,2026-04-26T05:10:13,38.85,JUP,LONG,,false,54,,,3x,0.17335,0.1581,0.1988,,,0.17946007,EXPIRED_WIN,3.5247,8.7972,0.4007
959,2026-04-24T14:23:17,2026-04-26T05:10:13,38.78,ONDO,SHORT,,false,52,,,2x,0.26217,0.2671,0.2539,,,0.26074012,EXPIRED_WIN,0.5454,1.8805,0.29
960,2026-04-26T05:12:21,2026-04-27T21:55:45,40.72,DOGE,LONG,,false,30,,,2x,0.098327,0.0969,0.1008,,,0.09797804,EXPIRED_LOSS,-0.3549,1.4513,-0.2445
961,2026-04-26T05:12:22,2026-04-27T21:55:45,40.72,HBAR,LONG,,false,28,,,2x,0.091931,0.0906,0.0942,,,0.0906,SL_HIT,-1.4478,1.4478,-1
962,2026-04-26T05:12:25,2026-04-27T21:55:45,40.72,XRP,LONG,,false,30,,,2x,1.4242,1.403,1.46,,,1.403,SL_HIT,-1.4886,1.4886,-1
963,2026-04-26T05:15:51,2026-04-27T21:55:45,40.66,JUP,LONG,,false,49,,,2x,0.18014,0.1691,0.1986,,,0.19413508,EXPIRED_WIN,7.769,6.1286,1.2677
964,2026-04-26T05:16:10,2026-04-27T21:55:45,40.66,WIF,SHORT,,false,43,,,2x,0.17935,0.182,0.1749,,,0.17574507,EXPIRED_WIN,2.01,1.4776,1.3603
965,2026-04-26T05:28:49,2026-04-27T21:55:45,40.45,ADA,SHORT,,false,33,,,2x,0.25098,0.2547,0.2447,,,0.24510004,EXPIRED_WIN,2.3428,1.4822,1.5806
976,2026-04-28T01:34:28,2026-04-28T01:35:27,0.02,ONDO,LONG,,false,51,,,2x,0.273,0.2668,0.2834,,,0.2668,SL_HIT,-2.2711,2.2711,-1
973,2026-04-28T01:07:38,2026-04-28T02:02:52,0.92,JUP,LONG,,false,35,,,2x,0.19509,0.1922,0.2,,,0.1922,SL_HIT,-1.4814,1.4814,-1
969,2026-04-27T22:01:47,2026-04-28T17:11:32,19.16,ARB,LONG,,false,35,,,2x,0.12516,0.1233,0.1283,,,0.1233,SL_HIT,-1.4861,1.4861,-1
984,2026-04-28T17:12:35,2026-04-28T17:13:32,0.02,ONDO,LONG,,false,61,,,2x,0.2782,0.2662,0.2982,,,0.2662,SL_HIT,-4.3134,4.3134,-1
966,2026-04-27T21:57:51,2026-04-28T21:58:22,24.01,WIF,SHORT,,false,34,,,2x,0.17554,0.1816,0.1654,,,0.17859001,EXPIRED_LOSS,-1.7375,3.4522,-0.5033
967,2026-04-27T21:57:53,2026-04-28T21:58:22,24.01,HBAR,LONG,,false,28,,,2x,0.089194,0.0879,0.0914,,,0.08894399,EXPIRED_LOSS,-0.2803,1.4508,-0.1932
1002,2026-04-28T21:57:36,2026-04-28T21:58:22,0.01,ONDO,LONG,,false,56,,,3x,0.2783,0.2647,0.301,,,0.2647,SL_HIT,-4.8868,4.8868,-1
968,2026-04-27T22:01:22,2026-04-28T22:02:22,24.02,ONDO,SHORT,,false,34,,,2x,0.2613,0.268,0.2501,,,0.26340007,EXPIRED_LOSS,-0.8037,2.5641,-0.3134
970,2026-04-27T22:02:56,2026-04-28T22:03:22,24.01,DOGE,LONG,,false,23,,,2x,0.097934,0.0965,0.1004,,,0.09959898,EXPIRED_WIN,1.7001,1.4643,1.161
1006,2026-04-28T23:28:26,2026-04-28T23:29:24,0.02,SEI,LONG,,false,46,,,3x,0.06288,0.0596,0.0684,,,0.0596,SL_HIT,-5.2163,5.2163,-1
1009,2026-04-29T00:21:14,2026-04-29T00:21:42,0.01,ONDO,LONG,,false,56,,,3x,0.28,0.266,0.3034,,,0.266,SL_HIT,-5,5,-1
971,2026-04-28T01:07:02,2026-04-29T01:07:59,24.02,DOGE,LONG,,false,30,,,2x,0.098979,0.0975,0.1015,,,0.09998997,EXPIRED_WIN,1.0214,1.4943,0.6835
972,2026-04-28T01:07:13,2026-04-29T01:07:59,24.01,HBAR,LONG,,false,49,,,2x,0.089519,0.0882,0.0918,,,0.08902002,EXPIRED_LOSS,-0.5574,1.4734,-0.3783
974,2026-04-28T01:09:44,2026-04-29T01:09:59,24,ONDO,SHORT,,false,41,,,2x,0.26656,0.2723,0.2569,,,0.26419002,EXPIRED_WIN,0.8891,2.1534,0.4129
975,2026-04-28T01:10:32,2026-04-29T01:10:59,24.01,WIF,SHORT,,false,46,,,2x,0.17699,0.181,0.1703,,,0.17856503,EXPIRED_LOSS,-0.8899,2.2657,-0.3928
1015,2026-04-29T02:21:38,2026-04-29T02:22:35,0.02,SEI,LONG,,false,56,,,3x,0.06288,0.0595,0.0686,,,0.0595,SL_HIT,-5.3753,5.3753,-1
1016,2026-04-29T02:21:38,2026-04-29T02:22:35,0.02,ONDO,LONG,,false,51,,,3x,0.28,0.267,0.3016,,,0.267,SL_HIT,-4.6429,4.6429,-1
981,2026-04-28T17:12:18,2026-04-29T15:03:41,21.86,DOGE,LONG,,false,40,,,2x,0.09976,0.0983,0.1023,,,0.1023,TP1_HIT,2.5461,1.4635,1.7397
990,2026-04-28T18:24:40,2026-04-29T15:03:41,20.65,AAVE,LONG,,false,42,,,2x,97.068,94.579,101.216,,,94.579,SL_HIT,-2.5642,2.5642,-1
994,2026-04-28T19:12:22,2026-04-29T15:03:41,19.86,DOGE,LONG,,false,36,,,2x,0.099392,0.0979,0.1019,,,0.1019,TP1_HIT,2.5233,1.5011,1.681
1001,2026-04-28T21:37:09,2026-04-29T15:03:41,17.44,DOGE,LONG,,false,30,,,2x,0.099391,0.0979,0.1019,,,0.1019,TP1_HIT,2.5244,1.5001,1.6828
1007,2026-04-28T23:39:47,2026-04-29T15:03:41,15.4,DOGE,LONG,,false,48,,,2x,0.099272,0.0978,0.1018,,,0.1018,TP1_HIT,2.5465,1.4828,1.7174
1013,2026-04-29T01:59:32,2026-04-29T15:03:41,13.07,DOGE,LONG,,false,40,,,2x,0.10017,0.0987,0.1027,,,0.1027,TP1_HIT,2.5257,1.4675,1.7211
978,2026-04-28T17:03:54,2026-04-29T15:10:47,22.11,JUP,LONG,,false,47,,,2x,0.18822,0.1842,0.195,,,0.1842,SL_HIT,-2.1358,2.1358,-1
985,2026-04-28T17:16:27,2026-04-29T15:10:47,21.91,DOT,LONG,,false,44,,,2x,1.239,1.219,1.273,,,1.219,SL_HIT,-1.6142,1.6142,-1
992,2026-04-28T19:09:03,2026-04-29T15:10:47,20.03,JUP,LONG,,false,44,,,2x,0.18948,0.1837,0.1991,,,0.1837,SL_HIT,-3.0505,3.0505,-1
1004,2026-04-28T23:09:15,2026-04-29T15:10:47,16.03,JUP,LONG,,false,36,,,2x,0.1891,0.1839,0.1978,,,0.1839,SL_HIT,-2.7499,2.7499,-1
1010,2026-04-29T01:11:25,2026-04-29T15:10:47,13.99,JUP,LONG,,false,46,,,2x,0.18826,0.1843,0.1949,,,0.1843,SL_HIT,-2.1035,2.1035,-1
1017,2026-04-29T15:09:53,2026-04-29T15:51:57,0.7,DOGE,LONG,,false,26,,,2x,0.10515,0.1036,0.1078,,,0.1036,SL_HIT,-1.4741,1.4741,-1
982,2026-04-28T17:12:20,2026-04-29T15:52:57,22.68,UNI,LONG,,false,38,,,2x,3.233,3.185,3.314,,,3.185,SL_HIT,-1.4847,1.4847,-1
983,2026-04-28T17:12:20,2026-04-29T15:52:57,22.68,UNI,LONG,,false,38,,,2x,3.233,3.185,3.314,,,3.185,SL_HIT,-1.4847,1.4847,-1
1020,2026-04-29T15:51:59,2026-04-29T15:52:57,0.02,JUP,LONG,,false,59,,,3x,0.1885,0.1822,0.199,,,0.1822,SL_HIT,-3.3422,3.3422,-1
997,2026-04-28T21:01:58,2026-04-29T16:25:21,19.39,WIF,SHORT,,false,26,,,2x,0.17916,0.1818,0.1747,,,0.1747,TP1_HIT,2.4894,1.4735,1.6894
991,2026-04-28T19:01:25,2026-04-29T16:55:58,21.91,WIF,SHORT,,false,43,,,2x,0.17896,0.1816,0.1745,,,0.1745,TP1_HIT,2.4922,1.4752,1.6894
977,2026-04-28T17:00:37,2026-04-29T17:00:58,24.01,WIF,SHORT,,false,36,,,2x,0.17746,0.1801,0.173,,,0.17529499,EXPIRED_WIN,1.22,1.4877,0.8201
979,2026-04-28T17:03:54,2026-04-29T17:09:05,24.09,ONDO,SHORT,,false,52,,,2x,0.26341,0.2708,0.251,,,0.26089496,EXPIRED_WIN,0.9548,2.8055,0.3403
980,2026-04-28T17:04:19,2026-04-29T17:09:05,24.08,HBAR,LONG,,false,34,,,2x,0.088888,0.0876,0.0911,,,0.08831298,EXPIRED_LOSS,-0.6469,1.449,-0.4464
986,2026-04-28T17:40:13,2026-04-29T17:40:50,24.01,APT,SHORT,,false,52,,,2x,0.9647,1.0207,0.8714,,,0.97519979,EXPIRED_LOSS,-1.0884,5.8049,-0.1875
987,2026-04-28T18:06:52,2026-04-29T18:06:58,24,TRUMP,SHORT,,false,44,,,2x,2.4692,2.759,1.987,,,2.35595014,EXPIRED_WIN,4.5865,11.7366,0.3908
988,2026-04-28T18:07:37,2026-04-29T18:07:58,24.01,AAVE,SHORT,,false,38,,,2x,96.53,98.906,92.57,,,94.13953108,EXPIRED_WIN,2.4764,2.4614,1.0061
989,2026-04-28T18:07:57,2026-04-29T18:07:58,24,NEAR,SHORT,,false,41,,,2x,1.34,1.366,1.296,,,1.31894994,EXPIRED_WIN,1.5709,1.9403,0.8096
993,2026-04-28T19:09:13,2026-04-29T18:09:58,23.01,HBAR,LONG,,false,39,,,2x,0.089192,0.0879,0.0914,,,0.0879,SL_HIT,-1.4486,1.4486,-1
998,2026-04-28T21:09:12,2026-04-29T18:09:58,21.01,JUP,LONG,,false,31,,,2x,0.18956,0.1771,0.2103,,,0.1771,SL_HIT,-6.5731,6.5731,-1
1000,2026-04-28T21:34:41,2026-04-29T18:09:58,20.59,HBAR,LONG,,false,28,,,2x,0.088995,0.0877,0.0912,,,0.0877,SL_HIT,-1.4551,1.4551,-1
1003,2026-04-28T23:04:10,2026-04-29T18:09:58,19.1,WIF,SHORT,,false,40,,,2x,0.17815,0.1808,0.1737,,,0.1737,TP1_HIT,2.4979,1.4875,1.6793
1008,2026-04-28T23:39:49,2026-04-29T18:09:58,18.5,HBAR,LONG,,false,38,,,2x,0.08884,0.0875,0.0911,,,0.0875,SL_HIT,-1.5083,1.5083,-1
1012,2026-04-29T01:56:57,2026-04-29T18:09:58,16.22,WIF,SHORT,,false,26,,,2x,0.17856,0.1812,0.1741,,,0.1741,TP1_HIT,2.4978,1.4785,1.6894
1014,2026-04-29T02:00:19,2026-04-29T18:09:58,16.16,HBAR,LONG,,false,38,,,2x,0.089205,0.0879,0.0914,,,0.0879,SL_HIT,-1.4629,1.4629,-1
1019,2026-04-29T15:16:39,2026-04-29T18:09:58,2.89,HBAR,LONG,,false,41,,,2x,0.088584,0.0873,0.0908,,,0.0873,SL_HIT,-1.4495,1.4495,-1
1026,2026-04-29T18:12:21,2026-04-29T18:57:11,0.75,INJ,SHORT,,false,50,,,2x,3.3866,3.437,3.302,,,3.437,SL_HIT,-1.4882,1.4882,-1
995,2026-04-28T19:12:48,2026-04-29T19:13:16,24.01,ONDO,SHORT,,false,59,,,3x,0.26417,0.2756,0.2452,,,0.25780007,EXPIRED_WIN,2.4113,4.3268,0.5573
996,2026-04-28T19:26:38,2026-04-29T19:27:16,24.01,ONDO,LONG,,false,27,,,2x,0.2783,0.2501,0.3253,,,0.25844496,EXPIRED_LOSS,-7.1344,10.133,-0.7041
1025,2026-04-29T18:12:16,2026-04-29T20:02:49,1.84,ONDO,SHORT,,false,47,,,2x,0.25499,0.2588,0.2486,,,0.2588,SL_HIT,-1.4942,1.4942,-1
1024,2026-04-29T18:10:10,2026-04-29T20:03:49,1.89,POL,SHORT,,false,39,,,2x,0.090083,0.0914,0.0878,,,0.0914,SL_HIT,-1.462,1.462,-1
999,2026-04-28T21:13:27,2026-04-29T21:13:51,24.01,ONDO,SHORT,,false,36,,,2x,0.26321,0.294,0.2119,,,0.26158494,EXPIRED_WIN,0.6174,11.6979,0.0528
1005,2026-04-28T23:18:59,2026-04-29T23:19:05,24,ONDO,SHORT,,false,41,,,3x,0.2637,0.2786,0.2388,,,0.26251994,EXPIRED_WIN,0.4475,5.6504,0.0792
1021,2026-04-29T17:11:16,2026-04-30T00:26:35,7.26,DOGE,LONG,,false,33,,,2x,0.10252,0.101,0.1051,,,0.1051,TP1_HIT,2.5166,1.4826,1.6974
1027,2026-04-29T19:12:52,2026-04-30T00:26:35,5.23,DOGE,LONG,,false,33,,,2x,0.10193,0.1004,0.1045,,,0.1045,TP1_HIT,2.5213,1.501,1.6797
1031,2026-04-29T22:15:45,2026-04-30T00:31:35,2.26,DOGE,LONG,,false,40,,,2x,0.10332,0.1018,0.1059,,,0.1059,TP1_HIT,2.4971,1.4712,1.6973
1035,2026-04-30T00:29:46,2026-04-30T01:03:01,0.55,DOGE,LONG,,false,30,,,2x,0.10566,0.1041,0.1083,,,0.1083,TP1_HIT,2.4986,1.4764,1.6924
1011,2026-04-29T01:19:55,2026-04-30T01:23:27,24.06,ONDO,SHORT,,false,44,,,3x,0.26419,0.2771,0.2427,,,0.26614501,EXPIRED_LOSS,-0.74,4.8866,-0.1514
1036,2026-04-30T00:30:13,2026-04-30T02:37:28,2.12,PENDLE,LONG,,false,34,,,2x,1.3166,1.297,1.35,,,1.297,SL_HIT,-1.4887,1.4887,-1
1018,2026-04-29T15:10:03,2026-04-30T03:46:10,12.6,WIF,SHORT,,false,49,,,2x,0.17806,0.1845,0.1673,,,0.1845,SL_HIT,-3.6168,3.6168,-1
1028,2026-04-29T19:14:42,2026-04-30T03:46:10,8.52,WIF,SHORT,,false,52,,,3x,0.1761,0.1836,0.1636,,,0.1836,SL_HIT,-4.2589,4.2589,-1
1030,2026-04-29T21:14:47,2026-04-30T03:46:10,6.52,WIF,SHORT,,false,46,,,3x,0.17851,0.1838,0.1697,,,0.1838,SL_HIT,-2.9634,2.9634,-1
1033,2026-04-29T23:15:31,2026-04-30T03:46:10,4.51,WIF,SHORT,,false,44,,,3x,0.17817,0.1838,0.1687,,,0.1838,SL_HIT,-3.1599,3.1599,-1
1038,2026-04-30T01:29:24,2026-04-30T03:46:10,2.28,WIF,SHORT,,false,51,,,2x,0.18053,0.1843,0.1742,,,0.1843,SL_HIT,-2.0883,2.0883,-1
1022,2026-04-29T17:14:39,2026-04-30T03:51:10,10.61,WIF,SHORT,,false,56,,,2x,0.1755,0.185,0.1597,,,0.185,SL_HIT,-5.4131,5.4131,-1
1037,2026-04-30T00:33:02,2026-04-30T10:02:46,9.5,JUP,LONG,,false,39,,,2x,0.18353,0.1796,0.1901,,,0.1796,SL_HIT,-2.1413,2.1413,-1
1041,2026-04-30T02:43:55,2026-04-30T10:04:46,7.35,JUP,LONG,,false,39,,,2x,0.18297,0.1794,0.189,,,0.1794,SL_HIT,-1.9511,1.9511,-1
1047,2026-04-30T10:06:48,2026-04-30T10:07:46,0.02,SEI,LONG,,false,69,,,2x,0.05954,0.0577,0.0626,,,0.0577,SL_HIT,-3.0904,3.0904,-1
1045,2026-04-30T10:03:52,2026-04-30T11:47:08,1.72,DOGE,LONG,,false,30,,,2x,0.1078,0.1062,0.1105,,,0.1062,SL_HIT,-1.4842,1.4842,-1
1053,2026-04-30T13:14:15,2026-04-30T13:14:52,0.01,SEI,LONG,,false,74,,,3x,0.05954,0.0576,0.0628,,,0.0576,SL_HIT,-3.2583,3.2583,-1
1023,2026-04-29T17:18:24,2026-04-30T17:48:02,24.49,HBAR,LONG,,false,41,,,2x,0.088376,0.0871,0.0906,,,0.08790602,EXPIRED_LOSS,-0.5318,1.4438,-0.3683
1052,2026-04-30T12:23:02,2026-04-30T17:52:02,5.48,WIF,SHORT,,false,49,,,2x,0.18159,0.1858,0.1745,,,0.1858,SL_HIT,-2.3184,2.3184,-1
1029,2026-04-29T19:26:59,2026-04-30T21:11:23,25.74,HBAR,LONG,,false,24,,,2x,0.087707,0.0864,0.0899,,,0.08754404,EXPIRED_LOSS,-0.1858,1.4902,-0.1247
1039,2026-04-30T02:40:31,2026-04-30T21:46:14,19.1,HBAR,LONG,,false,43,,,2x,0.0887,0.0874,0.0909,,,0.0874,SL_HIT,-1.4656,1.4656,-1
1032,2026-04-29T22:17:01,2026-04-30T21:49:14,23.54,HBAR,LONG,,false,28,,,2x,0.088635,0.0873,0.0909,,,0.0873,SL_HIT,-1.5062,1.5062,-1
1034,2026-04-30T00:29:08,2026-04-30T21:49:14,21.34,HBAR,LONG,,false,33,,,2x,0.088605,0.0873,0.0908,,,0.0873,SL_HIT,-1.4728,1.4728,-1
1048,2026-04-30T10:07:24,2026-04-30T21:53:14,11.76,TIA,LONG,,false,41,,,2x,0.36235,0.349,0.3846,,,0.349,SL_HIT,-3.6843,3.6843,-1
1040,2026-04-30T02:43:04,2026-05-01T11:20:10,32.62,DOGE,LONG,,false,30,,,2x,0.10535,0.1038,0.108,,,0.108,TP1_HIT,2.5154,1.4713,1.7096
1042,2026-04-30T03:49:12,2026-05-01T11:20:10,31.52,WIF,SHORT,,false,53,,,2x,0.18445,0.1872,0.1798,,,0.18646991,EXPIRED_LOSS,-1.0951,1.4909,-0.7345
1043,2026-04-30T04:45:51,2026-05-01T11:20:10,30.57,DOGE,LONG,,false,50,,,2x,0.10533,0.1038,0.108,,,0.108,TP1_HIT,2.5349,1.4526,1.7451
1044,2026-04-30T04:45:52,2026-05-01T11:20:10,30.57,HBAR,LONG,,false,28,,,2x,0.0879,0.0866,0.0901,,,0.08770302,EXPIRED_LOSS,-0.2241,1.479,-0.1515
1046,2026-04-30T10:03:58,2026-05-01T11:20:10,25.27,HBAR,LONG,,false,36,,,2x,0.088381,0.0871,0.0906,,,0.08770303,EXPIRED_LOSS,-0.7671,1.4494,-0.5293
1049,2026-04-30T10:14:02,2026-05-01T11:20:10,25.1,WIF,SHORT,,false,40,,,2x,0.18389,0.1866,0.1793,,,0.18646998,EXPIRED_LOSS,-1.403,1.4737,-0.952
1055,2026-04-30T17:52:53,2026-05-01T11:20:10,17.45,DOGE,LONG,,false,33,,,2x,0.10574,0.1042,0.1084,,,0.1084,TP1_HIT,2.5156,1.4564,1.7273
1050,2026-04-30T12:22:53,2026-05-01T11:31:10,23.14,DOGE,LONG,,false,26,,,2x,0.10645,0.1049,0.1091,,,0.1091,TP1_HIT,2.4894,1.4561,1.7096
1061,2026-05-01T11:22:34,2026-05-01T11:52:03,0.49,PENDLE,SHORT,,false,41,,,2x,1.5193,1.542,1.481,,,1.542,SL_HIT,-1.4941,1.4941,-1
1051,2026-04-30T12:22:55,2026-05-01T18:01:25,29.64,HBAR,LONG,,false,24,,,2x,0.08854,0.0872,0.0908,,,0.08791703,EXPIRED_LOSS,-0.7036,1.5134,-0.4649
1054,2026-04-30T17:50:13,2026-05-01T18:01:25,24.19,WIF,SHORT,,false,29,,,2x,0.18555,0.1883,0.1809,,,0.1883,SL_HIT,-1.4821,1.4821,-1
1057,2026-04-30T21:20:54,2026-05-01T18:01:25,20.68,WIF,SHORT,,false,34,,,2x,0.18526,0.1889,0.1791,,,0.1889,SL_HIT,-1.9648,1.9648,-1
1063,2026-05-01T11:22:42,2026-05-01T18:01:25,6.65,WIF,LONG,,false,28,,,2x,0.18655,0.1838,0.1912,,,0.1912,TP1_HIT,2.4926,1.4741,1.6909
1066,2026-05-01T11:35:02,2026-05-01T18:01:25,6.44,WIF,SHORT,,false,26,,,2x,0.18644,0.1892,0.1818,,,0.1892,SL_HIT,-1.4804,1.4804,-1
1068,2026-05-01T11:35:33,2026-05-01T18:01:25,6.43,UNI,SHORT,,false,26,,,2x,3.1982,3.246,3.118,,,3.246,SL_HIT,-1.4946,1.4946,-1
1072,2026-05-01T11:53:31,2026-05-01T18:11:25,6.3,ONDO,SHORT,,false,51,,,2x,0.26518,0.2719,0.2539,,,0.2719,SL_HIT,-2.5341,2.5341,-1
1056,2026-04-30T21:13:29,2026-05-02T11:34:50,38.36,DOGE,LONG,,false,38,,,2x,0.10666,0.1051,0.1093,,,0.10763498,EXPIRED_WIN,0.9141,1.4626,0.625
1058,2026-04-30T22:14:56,2026-05-02T11:34:50,37.33,SEI,SHORT,,false,39,,,3x,0.056995,0.0591,0.0534,,,0.05784502,EXPIRED_LOSS,-1.4914,3.6933,-0.4038
1059,2026-05-01T11:22:16,2026-05-02T11:34:50,24.21,ADA,LONG,,false,21,,,2x,0.24809,0.2444,0.2543,,,0.24832494,EXPIRED_WIN,0.0947,1.4874,0.0637
1060,2026-05-01T11:22:33,2026-05-02T11:34:50,24.2,APT,LONG,,false,24,,,2x,1.0108,0.98,1.063,,,0.99289974,EXPIRED_LOSS,-1.7709,3.0471,-0.5812
1062,2026-05-01T11:22:37,2026-05-02T11:34:50,24.2,DOT,SHORT,,false,33,,,2x,1.1994,1.217,1.169,,,1.20364947,EXPIRED_LOSS,-0.3543,1.4674,-0.2414
1064,2026-05-01T11:34:43,2026-05-02T11:34:50,24,ARB,SHORT,,false,35,,,2x,0.12475,0.1266,0.1216,,,0.12176997,EXPIRED_WIN,2.3888,1.483,1.6108
1065,2026-05-01T11:34:44,2026-05-02T11:34:50,24,XRP,SHORT,,false,42,,,2x,1.3757,1.396,1.341,,,1.38604939,EXPIRED_LOSS,-0.7523,1.4756,-0.5098
1074,2026-05-01T18:03:42,2026-05-02T11:34:50,17.52,ONDO,SHORT,,false,36,,,2x,0.27143,0.2755,0.2646,,,0.2755,SL_HIT,-1.4995,1.4995,-1
1075,2026-05-01T18:05:07,2026-05-02T11:34:50,17.5,TRUMP,LONG,,false,41,,,2x,2.3285,2.294,2.387,,,2.294,SL_HIT,-1.4816,1.4816,-1
1067,2026-05-01T11:35:08,2026-05-02T11:35:50,24.01,DOGE,SHORT,,false,28,,,2x,0.10901,0.1106,0.1063,,,0.10760497,EXPIRED_WIN,1.2889,1.4586,0.8837
1069,2026-05-01T11:49:10,2026-05-02T11:49:47,24.01,NEAR,LONG,,false,30,,,2x,1.296,1.277,1.328,,,1.27764994,EXPIRED_LOSS,-1.4159,1.466,-0.9658
1070,2026-05-01T11:49:59,2026-05-02T11:50:46,24.01,DOGE,LONG,,false,23,,,2x,0.10893,0.1073,0.1117,,,0.107415,EXPIRED_LOSS,-1.3908,1.4964,-0.9294
1071,2026-05-01T11:52:41,2026-05-02T11:54:59,24.04,HBAR,SHORT,,false,21,,,2x,0.087517,0.0888,0.0853,,,0.08764197,EXPIRED_LOSS,-0.1428,1.466,-0.0974
1082,2026-05-02T12:17:46,2026-05-02T12:18:14,0.01,SEI,LONG,,false,54,,,3x,0.06017,0.058,0.0638,,,0.058,SL_HIT,-3.6064,3.6064,-1
1083,2026-05-02T12:17:46,2026-05-02T12:18:14,0.01,JUP,LONG,,false,49,,,3x,0.1847,0.1777,0.1964,,,0.1777,SL_HIT,-3.7899,3.7899,-1
1078,2026-05-01T18:45:47,2026-05-02T12:21:14,17.59,DOGE,LONG,,false,51,,,2x,0.10899,0.1074,0.1117,,,0.1074,SL_HIT,-1.4588,1.4588,-1
1073,2026-05-01T18:03:41,2026-05-05T00:54:48,78.85,WIF,SHORT,,false,32,,,2x,0.19477,0.2004,0.1854,,,0.19166498,EXPIRED_WIN,1.5942,2.8906,0.5515
1076,2026-05-01T18:07:02,2026-05-05T00:54:48,78.8,TIA,SHORT,,false,44,,,2x,0.3575,0.3661,0.3431,,,0.36144001,EXPIRED_LOSS,-1.1021,2.4056,-0.4581
1077,2026-05-01T18:07:22,2026-05-05T00:54:48,78.79,JUP,SHORT,,false,59,,,3x,0.1795,0.1856,0.1693,,,0.17975004,EXPIRED_LOSS,-0.1393,3.3983,-0.041
1079,2026-05-02T11:37:23,2026-05-05T00:54:48,61.29,ONDO,SHORT,,false,40,,,2x,0.27686,0.281,0.2699,,,0.281,SL_HIT,-1.4953,1.4953,-1
1080,2026-05-02T11:37:47,2026-05-05T00:54:48,61.28,WIF,SHORT,,false,43,,,2x,0.18722,0.19,0.1825,,,0.19,SL_HIT,-1.4849,1.4849,-1
1081,2026-05-02T11:57:05,2026-05-05T00:54:48,60.96,DOGE,LONG,,false,30,,,2x,0.10769,0.1061,0.1104,,,0.1104,TP1_HIT,2.5165,1.4765,1.7044
1084,2026-05-05T00:56:50,2026-05-07T21:46:18,68.82,WIF,SHORT,,false,48,,,2x,0.1914,0.2029,0.1723,,,0.2029,SL_HIT,-6.0084,6.0084,-1
1085,2026-05-05T00:57:06,2026-05-07T21:46:18,68.82,ONDO,SHORT,,false,26,,,2x,0.31167,0.3163,0.3039,,,0.3163,SL_HIT,-1.4855,1.4855,-1
1086,2026-05-05T00:58:15,2026-05-07T21:46:18,68.8,DOGE,LONG,,false,40,,,2x,0.11084,0.1092,0.1136,,,0.1092,SL_HIT,-1.4796,1.4796,-1
1087,2026-05-05T00:59:20,2026-05-07T21:46:18,68.78,XRP,LONG,,false,55,,,2x,1.3955,1.375,1.43,,,1.38424948,EXPIRED_LOSS,-0.8062,1.469,-0.5488
1088,2026-05-05T01:00:26,2026-05-07T21:46:18,68.76,JUP,LONG,,false,36,,,3x,0.17946,0.1609,0.2104,,,0.20349005,EXPIRED_WIN,13.3902,10.3421,1.2947
1089,2026-05-05T01:10:18,2026-05-07T21:46:18,68.6,ARB,LONG,,false,33,,,2x,0.11724,0.1155,0.1202,,,0.1202,TP1_HIT,2.5247,1.4841,1.7012
1090,2026-05-05T01:13:48,2026-05-07T21:46:18,68.54,ADA,SHORT,,false,24,,,2x,0.25077,0.2545,0.2445,,,0.2545,SL_HIT,-1.4874,1.4874,-1
1091,2026-05-07T21:48:25,2026-05-14T16:24:38,162.6,WIF,SHORT,,false,33,,,2x,0.21726,0.2205,0.2118,,,0.2205,SL_HIT,-1.4913,1.4913,-1
1092,2026-05-07T21:48:26,2026-05-14T16:24:38,162.6,UNI,LONG,,false,21,,,2x,3.421,3.37,3.507,,,3.507,TP1_HIT,2.5139,1.4908,1.6863
1093,2026-05-07T21:48:27,2026-05-14T16:24:38,162.6,JUP,LONG,,false,36,,,2x,0.20364,0.1505,0.2923,,,0.22757992,EXPIRED_WIN,11.756,26.0951,0.4505
1094,2026-05-07T21:48:36,2026-05-14T16:24:38,162.6,APT,SHORT,,false,36,,,2x,1.0234,1.039,0.997,,,1.039,SL_HIT,-1.5243,1.5243,-1
1095,2026-05-07T21:49:06,2026-05-14T16:24:38,162.59,OP,SHORT,,false,33,,,2x,0.14691,0.1491,0.1432,,,0.14735999,EXPIRED_LOSS,-0.3063,1.4907,-0.2055
1098,2026-05-14T16:26:41,2026-05-14T16:52:45,0.43,NEAR,LONG,,false,36,,,2x,1.6201,1.596,1.661,,,1.596,SL_HIT,-1.4876,1.4876,-1
1099,2026-05-14T16:26:41,2026-05-14T16:52:45,0.43,SUI,LONG,,false,36,,,2x,1.2152,1.197,1.246,,,1.197,SL_HIT,-1.4977,1.4977,-1
1107,2026-05-14T16:56:55,2026-05-14T17:59:29,1.04,PENDLE,LONG,,false,31,,,2x,2.0047,1.975,2.055,,,2.055,TP1_HIT,2.5091,1.4815,1.6936
1117,2026-05-14T17:14:30,2026-05-14T17:59:29,0.75,PENDLE,SHORT,,false,32,,,2x,2.0318,2.062,1.981,,,2.062,SL_HIT,-1.4864,1.4864,-1
1120,2026-05-14T17:17:41,2026-05-14T18:04:29,0.78,ONDO,LONG,,false,24,,,2x,0.40251,0.3965,0.4126,,,0.3965,SL_HIT,-1.4931,1.4931,-1
1121,2026-05-14T18:05:01,2026-05-14T18:05:29,0.01,SEI,LONG,,false,69,,,3x,0.07118,0.0679,0.0767,,,0.0679,SL_HIT,-4.608,4.608,-1
1101,2026-05-14T16:44:52,2026-05-14T18:07:29,1.38,XRP,SHORT,,false,38,,,2x,1.471,1.493,1.434,,,1.493,SL_HIT,-1.4956,1.4956,-1
1097,2026-05-14T16:26:40,2026-05-14T18:20:29,1.9,XRP,LONG,,false,45,,,2x,1.4737,1.452,1.511,,,1.511,TP1_HIT,2.531,1.4725,1.7188
1111,2026-05-14T17:02:33,2026-05-14T18:26:29,1.4,DOGE,SHORT,,false,31,,,2x,0.1161,0.1178,0.1132,,,0.1178,SL_HIT,-1.4643,1.4643,-1
1112,2026-05-14T17:02:40,2026-05-14T18:26:29,1.4,ADA,SHORT,,false,29,,,2x,0.27184,0.2759,0.265,,,0.2759,SL_HIT,-1.4935,1.4935,-1
1110,2026-05-14T16:57:02,2026-05-14T18:28:29,1.52,DOGE,LONG,,false,26,,,2x,0.11551,0.1138,0.1184,,,0.1184,TP1_HIT,2.5019,1.4804,1.69
1096,2026-05-14T16:26:40,2026-05-15T12:28:55,20.04,ARB,LONG,,false,38,,,2x,0.13481,0.1328,0.1382,,,0.1328,SL_HIT,-1.491,1.491,-1
1100,2026-05-14T16:26:42,2026-05-15T12:28:55,20.04,JUP,LONG,,false,51,,,2x,0.22808,0.2166,0.2472,,,0.2166,SL_HIT,-5.0333,5.0333,-1
1102,2026-05-14T16:44:53,2026-05-15T12:28:55,19.73,NEAR,SHORT,,false,38,,,2x,1.6182,1.642,1.578,,,1.578,TP1_HIT,2.4842,1.4708,1.689
1104,2026-05-14T16:44:54,2026-05-15T12:28:55,19.73,HBAR,SHORT,,false,36,,,2x,0.095901,0.0973,0.0935,,,0.0935,TP1_HIT,2.5036,1.4588,1.7162
1106,2026-05-14T16:56:52,2026-05-15T12:28:55,19.53,WIF,LONG,,false,24,,,2x,0.22436,0.221,0.23,,,0.221,SL_HIT,-1.4976,1.4976,-1
1108,2026-05-14T16:56:55,2026-05-15T12:28:55,19.53,HBAR,LONG,,false,31,,,2x,0.095399,0.094,0.0978,,,0.094,SL_HIT,-1.4665,1.4665,-1
1109,2026-05-14T16:56:58,2026-05-15T12:28:55,19.53,APT,LONG,,false,27,,,2x,1.0546,1.036,1.086,,,1.036,SL_HIT,-1.7637,1.7637,-1
1113,2026-05-14T17:02:43,2026-05-15T12:28:55,19.44,WIF,SHORT,,false,29,,,2x,0.22595,0.2293,0.2203,,,0.2203,TP1_HIT,2.5006,1.4826,1.6866
1115,2026-05-14T17:02:45,2026-05-15T12:28:55,19.44,TRUMP,SHORT,,false,24,,,2x,2.4158,2.452,2.355,,,2.355,TP1_HIT,2.5168,1.4985,1.6795
1116,2026-05-14T17:14:10,2026-05-15T12:28:55,19.25,SUI,SHORT,,false,38,,,2x,1.2083,1.226,1.178,,,1.178,TP1_HIT,2.5077,1.4649,1.7119
1118,2026-05-14T17:15:35,2026-05-15T12:28:55,19.22,ARB,SHORT,,false,32,,,2x,0.13419,0.1362,0.1308,,,0.1308,TP1_HIT,2.5263,1.4979,1.6866
1122,2026-05-14T18:05:01,2026-05-15T12:28:55,18.4,TRUMP,LONG,,false,56,,,2x,2.424,2.388,2.485,,,2.388,SL_HIT,-1.4851,1.4851,-1
1123,2026-05-14T18:05:06,2026-05-15T12:28:55,18.4,TIA,SHORT,,false,71,,,2x,0.47296,0.4819,0.458,,,0.458,TP1_HIT,3.1631,1.8902,1.6734
1124,2026-05-14T18:07:21,2026-05-15T12:28:55,18.36,ADA,LONG,,false,41,,,2x,0.27196,0.2679,0.2788,,,0.2679,SL_HIT,-1.4929,1.4929,-1
1125,2026-05-14T18:26:55,2026-05-15T12:28:55,18.03,JUP,LONG,,false,59,,,3x,0.22679,0.2183,0.241,,,0.2183,SL_HIT,-3.7436,3.7436,-1
1114,2026-05-14T17:02:44,2026-05-15T12:37:55,19.59,UNI,SHORT,,false,31,,,2x,3.7697,3.826,3.675,,,3.675,TP1_HIT,2.5121,1.4935,1.682
1103,2026-05-14T16:44:54,2026-05-15T15:41:03,22.94,ONDO,SHORT,,false,49,,,2x,0.39987,0.4148,0.3749,,,0.3749,TP1_HIT,6.2445,3.7337,1.6725
1158,2026-05-15T12:30:56,2026-05-15T15:41:03,3.17,WIF,SHORT,,false,43,,,2x,0.20968,0.2128,0.2044,,,0.2044,TP1_HIT,2.5181,1.488,1.6923
1160,2026-05-15T12:31:07,2026-05-15T15:41:03,3.17,SUI,SHORT,,false,38,,,2x,1.1275,1.144,1.099,,,1.099,TP1_HIT,2.5277,1.4634,1.7273
1161,2026-05-15T12:31:46,2026-05-15T15:41:03,3.15,DOGE,LONG,,false,33,,,2x,0.1142,0.1125,0.1171,,,0.1125,SL_HIT,-1.4886,1.4886,-1
1162,2026-05-15T12:33:18,2026-05-15T15:41:03,3.13,JUP,LONG,,false,41,,,2x,0.21621,0.213,0.2216,,,0.213,SL_HIT,-1.4847,1.4847,-1
1105,2026-05-14T16:44:59,2026-05-15T15:45:03,23,JUP,SHORT,,false,46,,,2x,0.22786,0.2389,0.2094,,,0.2094,TP1_HIT,8.1015,4.8451,1.6721
1163,2026-05-15T15:43:35,2026-05-15T17:06:48,1.39,WIF,SHORT,,false,43,,,2x,0.203,0.206,0.1979,,,0.206,SL_HIT,-1.4778,1.4778,-1
1119,2026-05-14T17:17:41,2026-05-15T17:17:48,24,SEI,SHORT,,false,59,,,3x,0.067389,0.0708,0.0617,,,0.06383497,EXPIRED_WIN,5.2739,5.0617,1.0419
1164,2026-05-15T15:43:37,2026-05-15T17:25:48,1.7,ONDO,SHORT,,false,56,,,2x,0.36245,0.3689,0.3516,,,0.3689,SL_HIT,-1.7796,1.7796,-1
1159,2026-05-15T12:30:58,2026-05-18T11:56:25,71.42,APT,SHORT,,false,34,,,2x,1.0127,1.077,0.906,,,0.93020039,EXPIRED_WIN,8.1465,6.3494,1.283
1165,2026-05-15T15:43:41,2026-05-18T11:56:25,68.21,SUI,SHORT,,false,46,,,2x,1.0946,1.111,1.067,,,1.067,TP1_HIT,2.5215,1.4983,1.6829
1166,2026-05-15T15:44:05,2026-05-18T11:56:25,68.21,DOGE,LONG,,false,38,,,2x,0.11114,0.1095,0.1139,,,0.1095,SL_HIT,-1.4756,1.4756,-1
1167,2026-05-15T15:47:01,2026-05-18T11:56:25,68.16,TIA,LONG,,false,47,,,2x,0.42171,0.4142,0.4343,,,0.4142,SL_HIT,-1.7808,1.7808,-1
1168,2026-05-15T17:07:15,2026-05-18T11:56:25,66.82,UNI,LONG,,false,37,,,2x,3.6324,3.547,3.775,,,3.547,SL_HIT,-2.3511,2.3511,-1
1169,2026-05-15T17:11:20,2026-05-18T11:56:25,66.75,JUP,LONG,,false,38,,,2x,0.21113,0.208,0.2164,,,0.208,SL_HIT,-1.4825,1.4825,-1
1170,2026-05-15T18:39:33,2026-05-18T11:56:25,65.28,DOGE,LONG,,false,41,,,2x,0.11325,0.1116,0.1161,,,0.1116,SL_HIT,-1.457,1.457,-1
1171,2026-05-15T18:43:04,2026-05-18T11:56:25,65.22,SUI,SHORT,,false,38,,,2x,1.1017,1.118,1.074,,,1.074,TP1_HIT,2.5143,1.4795,1.6994
1172,2026-05-15T18:46:03,2026-05-18T11:56:25,65.17,WIF,SHORT,,false,36,,,2x,0.20722,0.2103,0.202,,,0.202,TP1_HIT,2.5191,1.4863,1.6949
1173,2026-05-15T19:48:11,2026-05-18T11:56:25,64.14,JUP,LONG,,false,41,,,2x,0.21033,0.2072,0.2156,,,0.2072,SL_HIT,-1.4881,1.4881,-1
1174,2026-05-15T21:18:39,2026-05-18T11:56:25,62.63,DOGE,LONG,,false,33,,,2x,0.11327,0.1116,0.1161,,,0.1116,SL_HIT,-1.4744,1.4744,-1
1175,2026-05-15T21:20:51,2026-05-18T11:56:25,62.59,SUI,SHORT,,false,70,,,2x,1.0958,1.112,1.068,,,1.068,TP1_HIT,2.537,1.4784,1.716
1176,2026-05-15T21:22:49,2026-05-18T11:56:25,62.56,WIF,SHORT,,false,33,,,2x,0.20535,0.2084,0.2002,,,0.2002,TP1_HIT,2.5079,1.4853,1.6885
1208,2026-05-15T23:55:10,2026-05-18T11:56:25,60.02,WIF,SHORT,,false,26,,,2x,0.20465,0.2077,0.1995,,,0.1995,TP1_HIT,2.5165,1.4903,1.6886
1209,2026-05-15T23:55:36,2026-05-18T11:56:25,60.01,JUP,LONG,,false,28,,,2x,0.21023,0.2071,0.2155,,,0.2071,SL_HIT,-1.4888,1.4888,-1
1210,2026-05-15T23:58:32,2026-05-18T11:56:25,59.96,SUI,SHORT,,false,30,,,2x,1.0989,1.115,1.071,,,1.071,TP1_HIT,2.5389,1.4651,1.7329
1211,2026-05-15T23:59:12,2026-05-18T11:56:25,59.95,AAVE,LONG,,false,34,,,2x,92.902,90.593,96.75,,,90.593,SL_HIT,-2.4854,2.4854,-1
1220,2026-05-18T12:40:43,2026-05-18T12:41:41,0.02,TIA,SHORT,,false,64,,,3x,0.376,0.3886,0.355,,,0.3886,SL_HIT,-3.3511,3.3511,-1
1214,2026-05-18T11:58:42,2026-05-18T12:43:41,0.75,SUI,SHORT,,false,30,,,2x,1.0434,1.059,1.017,,,1.059,SL_HIT,-1.4951,1.4951,-1
1219,2026-05-18T12:40:10,2026-05-18T14:30:02,1.83,RENDER,LONG,,false,54,,,2x,1.7797,1.751,1.828,,,1.751,SL_HIT,-1.6126,1.6126,-1
1217,2026-05-18T12:17:40,2026-05-18T14:32:02,2.24,UNI,LONG,,false,53,,,2x,3.4435,3.392,3.53,,,3.392,SL_HIT,-1.4956,1.4956,-1
1216,2026-05-18T12:01:07,2026-05-18T15:03:55,3.05,ARB,LONG,,false,31,,,2x,0.11635,0.1146,0.1193,,,0.1146,SL_HIT,-1.5041,1.5041,-1
1215,2026-05-18T12:01:06,2026-05-18T15:05:55,3.08,DOGE,LONG,,false,68,,,2x,0.10514,0.1036,0.1078,,,0.1036,SL_HIT,-1.4647,1.4647,-1
1269,2026-05-18T19:37:28,2026-05-18T19:37:56,0.01,TIA,SHORT,,false,54,,,2x,0.376,0.3853,0.3605,,,0.3853,SL_HIT,-2.4734,2.4734,-1
1270,2026-05-18T19:37:28,2026-05-18T19:37:56,0.01,RENDER,SHORT,,false,54,,,2x,1.735,1.77,1.676,,,1.77,SL_HIT,-2.0173,2.0173,-1
1226,2026-05-18T14:42:08,2026-05-18T19:47:56,5.1,SUI,SHORT,,false,29,,,2x,1.0339,1.049,1.008,,,1.049,SL_HIT,-1.4605,1.4605,-1
1212,2026-05-18T11:58:28,2026-05-19T20:13:41,32.25,JUP,SHORT,,false,43,,,2x,0.19517,0.2088,0.1725,,,0.19659006,EXPIRED_LOSS,-0.7276,6.9837,-0.1042
1213,2026-05-18T11:58:36,2026-05-19T20:13:41,32.25,WIF,SHORT,,false,26,,,2x,0.19058,0.1934,0.1858,,,0.19028994,EXPIRED_WIN,0.1522,1.4797,0.1029
1218,2026-05-18T12:18:35,2026-05-19T20:13:41,31.92,TIA,LONG,,false,54,,,3x,0.38765,0.3782,0.4034,,,0.39107993,EXPIRED_WIN,0.8848,2.4378,0.363
1221,2026-05-18T14:23:08,2026-05-19T20:13:41,29.84,DOGE,LONG,,false,31,,,2x,0.10454,0.103,0.1072,,,0.10346,EXPIRED_LOSS,-1.0331,1.4731,-0.7013
1222,2026-05-18T14:23:08,2026-05-19T20:13:41,29.84,ARB,LONG,,false,24,,,2x,0.11549,0.1138,0.1184,,,0.11446999,EXPIRED_LOSS,-0.8832,1.4633,-0.6036
1223,2026-05-18T14:23:13,2026-05-19T20:13:41,29.84,WIF,SHORT,,false,36,,,2x,0.18931,0.1921,0.1846,,,0.19029006,EXPIRED_LOSS,-0.5177,1.4738,-0.3513
1224,2026-05-18T14:24:18,2026-05-19T20:13:41,29.82,UNI,LONG,,false,37,,,2x,3.4018,3.351,3.487,,,3.46695127,EXPIRED_WIN,1.9152,1.4933,1.2825
1225,2026-05-18T14:26:39,2026-05-19T20:13:41,29.78,TIA,LONG,,false,54,,,2x,0.3855,0.3773,0.3992,,,0.39108011,EXPIRED_WIN,1.4475,2.1271,0.6805
1227,2026-05-18T14:42:08,2026-05-19T20:13:41,29.53,JUP,SHORT,,false,39,,,2x,0.19409,0.2063,0.1737,,,0.19659007,EXPIRED_LOSS,-1.2881,6.2909,-0.2048
1228,2026-05-18T16:18:32,2026-05-19T20:13:41,27.92,TIA,SHORT,,false,62,,,2x,0.376,0.388,0.356,,,0.388,SL_HIT,-3.1915,3.1915,-1
1229,2026-05-18T16:42:20,2026-05-19T20:13:41,27.52,JUP,SHORT,,false,62,,,2x,0.1813,0.2052,0.1415,,,0.19658994,EXPIRED_LOSS,-8.4335,13.1826,-0.6397
1230,2026-05-18T17:06:53,2026-05-19T20:13:41,27.11,UNI,LONG,,false,59,,,2x,3.3989,3.347,3.486,,,3.46694938,EXPIRED_WIN,2.0021,1.527,1.3111
1263,2026-05-18T19:22:13,2026-05-19T20:13:41,24.86,WIF,SHORT,,false,36,,,2x,0.19017,0.193,0.1854,,,0.19029,EXPIRED_LOSS,-0.0631,1.4881,-0.0424
1264,2026-05-18T19:22:18,2026-05-19T20:13:41,24.86,DOGE,LONG,,false,34,,,2x,0.10383,0.1023,0.1064,,,0.10345995,EXPIRED_LOSS,-0.3564,1.4736,-0.2419
1265,2026-05-18T19:22:29,2026-05-19T20:13:41,24.85,JUP,SHORT,,false,39,,,2x,0.19387,0.2053,0.1748,,,0.19659,EXPIRED_LOSS,-1.403,5.8957,-0.238
1266,2026-05-18T19:22:39,2026-05-19T20:13:41,24.85,SUI,SHORT,,false,40,,,2x,1.0404,1.056,1.014,,,1.056,SL_HIT,-1.4994,1.4994,-1
1267,2026-05-18T19:26:06,2026-05-19T20:13:41,24.79,TIA,LONG,,false,44,,,2x,0.38465,0.3768,0.3978,,,0.39107981,EXPIRED_WIN,1.6716,2.0408,0.8191
1268,2026-05-18T19:31:08,2026-05-19T20:13:41,24.71,UNI,LONG,,false,44,,,2x,3.4075,3.337,3.526,,,3.46695065,EXPIRED_WIN,1.7447,2.069,0.8433
1271,2026-05-19T20:15:47,2026-05-20T11:38:31,15.38,WIF,SHORT,,false,26,,,2x,0.19028,0.1931,0.1855,,,0.1931,SL_HIT,-1.482,1.482,-1
1274,2026-05-19T20:33:55,2026-05-20T11:38:31,15.08,TIA,SHORT,,false,39,,,2x,0.3811,0.3943,0.3591,,,0.3943,SL_HIT,-3.4637,3.4637,-1
1281,2026-05-20T12:54:08,2026-05-20T12:55:05,0.02,SEI,SHORT,,false,74,,,2x,0.0596,0.0607,0.0577,,,0.0607,SL_HIT,-1.8456,1.8456,-1
1272,2026-05-19T20:15:48,2026-05-22T11:47:11,63.52,SUI,SHORT,,false,35,,,2x,1.0595,1.075,1.033,,,1.075,SL_HIT,-1.463,1.463,-1
1273,2026-05-19T20:28:36,2026-05-22T11:47:11,63.31,DOGE,LONG,,false,26,,,2x,0.10343,0.1019,0.106,,,0.105785,EXPIRED_WIN,2.2769,1.4793,1.5392
1275,2026-05-19T20:33:57,2026-05-22T11:47:11,63.22,AAVE,SHORT,,false,39,,,2x,88.145,90.446,84.31,,,88.24002031,EXPIRED_LOSS,-0.1078,2.6105,-0.0413
1276,2026-05-19T21:16:21,2026-05-22T11:47:11,62.51,TIA,LONG,,false,46,,,2x,0.39114,0.3824,0.4058,,,0.4058,TP1_HIT,3.748,2.2345,1.6773
1277,2026-05-20T11:41:12,2026-05-22T11:47:11,48.1,DOGE,LONG,,false,23,,,2x,0.10373,0.1022,0.1063,,,0.105785,EXPIRED_WIN,1.9811,1.475,1.3431
1278,2026-05-20T11:42:18,2026-05-22T11:47:11,48.08,SUI,SHORT,,false,48,,,2x,1.0575,1.073,1.031,,,1.073,SL_HIT,-1.4657,1.4657,-1
1279,2026-05-20T11:43:18,2026-05-22T11:47:11,48.06,WIF,SHORT,,false,33,,,2x,0.19303,0.1959,0.1882,,,0.1959,SL_HIT,-1.4868,1.4868,-1
1280,2026-05-20T12:35:04,2026-05-22T11:47:11,47.2,TIA,LONG,,false,54,,,2x,0.3983,0.3921,0.4087,,,0.4087,TP1_HIT,2.6111,1.5566,1.6774
1282,2026-05-20T13:42:52,2026-05-22T11:47:11,46.07,SUI,SHORT,,false,38,,,2x,1.0404,1.056,1.014,,,1.056,SL_HIT,-1.4994,1.4994,-1
1283,2026-05-20T13:45:06,2026-05-22T11:47:11,46.03,DOGE,LONG,,false,56,,,2x,0.10341,0.1019,0.106,,,0.10578502,EXPIRED_WIN,2.2967,1.4602,1.5729
1284,2026-05-20T13:47:36,2026-05-22T11:47:11,45.99,WIF,SHORT,,false,29,,,2x,0.19295,0.1958,0.1881,,,0.1958,SL_HIT,-1.4771,1.4771,-1
1288,2026-05-22T11:49:14,2026-05-22T12:16:11,0.45,NEAR,LONG,,false,30,,,2x,2.2494,2.216,2.306,,,2.216,SL_HIT,-1.4848,1.4848,-1
1295,2026-05-22T12:59:52,2026-05-22T13:04:20,0.07,ONDO,LONG,,false,33,,,2x,0.45132,0.4446,0.4626,,,0.4626,TP1_HIT,2.4993,1.489,1.6785
1298,2026-05-22T13:09:03,2026-05-22T13:23:07,0.23,FET,SHORT,,false,36,,,2x,0.21786,0.2211,0.2124,,,0.2124,TP1_HIT,2.5062,1.4872,1.6852
1285,2026-05-22T11:49:12,2026-05-26T13:03:01,97.23,DOGE,LONG,,false,23,,,2x,0.10605,0.1045,0.1087,,,0.1045,SL_HIT,-1.4616,1.4616,-1
1286,2026-05-22T11:49:13,2026-05-26T13:03:01,97.23,XRP,LONG,,false,47,,,2x,1.3601,1.34,1.394,,,1.35495066,EXPIRED_LOSS,-0.3786,1.4778,-0.2562
1287,2026-05-22T11:49:14,2026-05-26T13:03:01,97.23,UNI,LONG,,false,39,,,2x,3.6281,3.54,3.775,,,3.54,SL_HIT,-2.4283,2.4283,-1
1289,2026-05-22T11:49:15,2026-05-26T13:03:01,97.23,PENDLE,LONG,,false,21,,,2x,1.9113,1.883,1.959,,,1.90699957,EXPIRED_LOSS,-0.225,1.4807,-0.152
1290,2026-05-22T12:49:14,2026-05-26T13:03:01,96.23,TIA,LONG,,false,57,,,3x,0.45581,0.4202,0.5152,,,0.48625993,EXPIRED_WIN,6.6804,7.8125,0.8551
1291,2026-05-22T12:49:14,2026-05-26T13:03:01,96.23,JUP,SHORT,,false,55,,,3x,0.22026,0.2666,0.143,,,0.20646005,EXPIRED_WIN,6.2653,21.0388,0.2978
1292,2026-05-22T12:52:24,2026-05-26T13:03:01,96.18,ARB,LONG,,false,54,,,2x,0.11516,0.113,0.1188,,,0.113,SL_HIT,-1.8757,1.8757,-1
1293,2026-05-22T12:59:29,2026-05-26T13:03:01,96.06,TRUMP,LONG,,false,31,,,2x,2.1265,2.095,2.18,,,2.095,SL_HIT,-1.4813,1.4813,-1
1294,2026-05-22T12:59:36,2026-05-26T13:03:01,96.06,WIF,LONG,,false,31,,,2x,0.2033,0.2003,0.2084,,,0.2003,SL_HIT,-1.4757,1.4757,-1
1296,2026-05-22T13:00:02,2026-05-26T13:03:01,96.05,SUI,LONG,,false,41,,,2x,1.1287,1.112,1.157,,,1.112,SL_HIT,-1.4796,1.4796,-1
1297,2026-05-22T13:00:03,2026-05-26T13:03:01,96.05,HBAR,LONG,,false,24,,,2x,0.09093,0.0896,0.0932,,,0.0896,SL_HIT,-1.4627,1.4627,-1
1299,2026-05-22T13:09:08,2026-05-26T13:03:01,95.9,UNI,SHORT,,false,46,,,2x,3.6623,3.789,3.451,,,3.451,TP1_HIT,5.7696,3.4596,1.6677
1300,2026-05-22T13:09:10,2026-05-26T13:03:01,95.9,TRUMP,SHORT,,false,36,,,2x,2.1214,2.153,2.068,,,2.08689967,EXPIRED_WIN,1.6263,1.4896,1.0918
1301,2026-05-22T13:09:13,2026-05-26T13:03:01,95.9,ARB,SHORT,,false,49,,,2x,0.11527,0.1176,0.1113,,,0.11252,EXPIRED_WIN,2.3857,2.0213,1.1803
1302,2026-05-22T13:09:22,2026-05-26T13:03:01,95.89,DOGE,SHORT,,false,38,,,2x,0.1065,0.1081,0.1038,,,0.1038,TP1_HIT,2.5352,1.5023,1.6875
1303,2026-05-22T13:17:15,2026-05-26T13:03:01,95.76,ADA,LONG,,false,32,,,2x,0.25441,0.2506,0.2608,,,0.2506,SL_HIT,-1.4976,1.4976,-1
1304,2026-05-22T13:17:15,2026-05-26T13:03:01,95.76,APT,LONG,,false,31,,,2x,1.0009,0.986,1.026,,,0.99529996,EXPIRED_LOSS,-0.5595,1.4887,-0.3758
1305,2026-05-22T13:17:21,2026-05-26T13:03:01,95.76,WIF,SHORT,,false,43,,,2x,0.203,0.206,0.1979,,,0.19817997,EXPIRED_WIN,2.3744,1.4778,1.6067
1306,2026-05-22T13:19:24,2026-05-26T13:03:01,95.73,AAVE,SHORT,,false,47,,,2x,89.494,91.665,85.875,,,87.53148607,EXPIRED_WIN,2.1929,2.4259,0.904
1307,2026-05-22T13:19:25,2026-05-26T13:03:01,95.73,PENDLE,SHORT,,false,32,,,2x,1.9164,1.945,1.868,,,1.90700006,EXPIRED_WIN,0.4905,1.4924,0.3287
1308,2026-05-22T13:36:58,2026-05-26T13:03:01,95.43,FET,LONG,,false,31,,,2x,0.21225,0.2091,0.2176,,,0.2176,TP1_HIT,2.5206,1.4841,1.6984
1309,2026-05-22T13:41:33,2026-05-26T13:03:01,95.36,ADA,SHORT,,false,36,,,2x,0.25284,0.2566,0.2465,,,0.2465,TP1_HIT,2.5075,1.4871,1.6862
1310,2026-05-22T13:42:28,2026-05-26T13:03:01,95.34,XRP,SHORT,,false,43,,,2x,1.3619,1.382,1.328,,,1.35495022,EXPIRED_WIN,0.5103,1.4759,0.3458
1311,2026-05-22T13:42:55,2026-05-26T13:03:01,95.34,HBAR,SHORT,,false,46,,,2x,0.090391,0.0917,0.0881,,,0.08853401,EXPIRED_WIN,2.0544,1.4482,1.4186
1312,2026-05-26T13:05:09,2026-05-26T13:38:30,0.56,NEAR,SHORT,,false,34,,,2x,2.7502,2.791,2.681,,,2.791,SL_HIT,-1.4835,1.4835,-1
1313,2026-05-26T13:05:12,2026-05-30T10:54:31,93.82,DOGE,LONG,,false,53,,,2x,0.10291,0.1014,0.1055,,,0.1014,SL_HIT,-1.4673,1.4673,-1
1314,2026-05-26T13:05:13,2026-05-30T10:54:31,93.82,ARB,SHORT,,false,29,,,2x,0.11252,0.1142,0.1097,,,0.1097,TP1_HIT,2.5062,1.4931,1.6785
1315,2026-05-26T13:05:19,2026-05-30T10:54:31,93.82,JUP,SHORT,,false,37,,,2x,0.20633,0.2104,0.1995,,,0.1995,TP1_HIT,3.3102,1.9726,1.6781
1316,2026-05-26T13:05:19,2026-05-30T10:54:31,93.82,RENDER,SHORT,,false,29,,,2x,2.3757,2.411,2.316,,,2.316,TP1_HIT,2.5129,1.4859,1.6912
1317,2026-05-26T13:34:39,2026-05-30T10:54:31,93.33,UNI,LONG,,false,31,,,2x,3.3255,3.276,3.409,,,3.276,SL_HIT,-1.4885,1.4885,-1
1318,2026-05-26T13:34:39,2026-05-30T10:54:31,93.33,SUI,LONG,,false,33,,,2x,1.0333,1.018,1.059,,,1.018,SL_HIT,-1.4807,1.4807,-1
1319,2026-05-26T13:35:13,2026-05-30T10:54:31,93.32,ONDO,SHORT,,false,36,,,2x,0.41541,0.4216,0.405,,,0.405,TP1_HIT,2.506,1.4901,1.6818
1320,2026-05-26T13:35:32,2026-05-30T10:54:31,93.32,ADA,LONG,,false,36,,,2x,0.24342,0.2398,0.2495,,,0.2398,SL_HIT,-1.4871,1.4871,-1
1321,2026-05-26T13:35:33,2026-05-30T10:54:31,93.32,RENDER,LONG,,false,48,,,2x,2.351,2.316,2.41,,,2.316,SL_HIT,-1.4887,1.4887,-1
1327,2026-05-30T10:56:50,2026-05-30T11:30:42,0.56,FET,SHORT,,false,26,,,2x,0.25243,0.2562,0.2461,,,0.2562,SL_HIT,-1.4935,1.4935,-1
1333,2026-05-30T11:22:04,2026-05-30T11:33:42,0.19,FET,LONG,,false,38,,,2x,0.25187,0.2481,0.2582,,,0.2582,TP1_HIT,2.5132,1.4968,1.679
1340,2026-05-30T11:51:48,2026-05-30T11:52:15,0.01,JUP,SHORT,,false,56,,,2x,0.1715,0.1834,0.1516,,,0.1834,SL_HIT,-6.9388,6.9388,-1
1341,2026-05-30T11:51:48,2026-05-30T11:52:15,0.01,TRUMP,LONG,,false,61,,,2x,2.052,2.006,2.129,,,2.006,SL_HIT,-2.2417,2.2417,-1
1337,2026-05-30T11:28:36,2026-05-30T12:24:20,0.93,HBAR,SHORT,,false,26,,,2x,0.09795,0.0994,0.0955,,,0.0994,SL_HIT,-1.4803,1.4803,-1
1332,2026-05-30T11:20:31,2026-05-30T12:27:20,1.11,HBAR,LONG,,false,38,,,2x,0.097827,0.0964,0.1003,,,0.1003,TP1_HIT,2.5279,1.4587,1.733
1378,2026-05-30T12:47:39,2026-05-30T12:48:08,0.01,SEI,LONG,,false,49,,,2x,0.06708,0.0659,0.0691,,,0.0659,SL_HIT,-1.7591,1.7591,-1
1322,2026-05-30T10:56:48,2026-06-05T11:54:45,144.97,ARB,SHORT,,false,28,,,2x,0.10448,0.106,0.1019,,,0.1019,TP1_HIT,2.4694,1.4548,1.6974
1323,2026-05-30T10:56:48,2026-06-05T11:54:45,144.97,ARB,SHORT,,false,28,,,2x,0.10448,0.106,0.1019,,,0.1019,TP1_HIT,2.4694,1.4548,1.6974
1324,2026-05-30T10:56:48,2026-06-05T11:54:45,144.97,UNI,SHORT,,false,33,,,2x,3.027,3.072,2.951,,,2.951,TP1_HIT,2.5107,1.4866,1.6889
1325,2026-05-30T10:56:49,2026-06-05T11:54:45,144.97,NEAR,SHORT,,false,46,,,2x,2.4053,2.441,2.345,,,2.345,TP1_HIT,2.507,1.4842,1.6891
1326,2026-05-30T10:56:49,2026-06-05T11:54:45,144.97,UNI,SHORT,,false,33,,,2x,3.027,3.072,2.951,,,2.951,TP1_HIT,2.5107,1.4866,1.6889
1328,2026-05-30T10:56:50,2026-06-05T11:54:45,144.97,PENDLE,SHORT,,false,33,,,2x,1.3343,1.354,1.301,,,1.301,TP1_HIT,2.4957,1.4764,1.6904
1329,2026-05-30T11:19:19,2026-06-05T11:54:45,144.59,DOGE,SHORT,,false,37,,,2x,0.10053,0.102,0.098,,,0.098,TP1_HIT,2.5167,1.4623,1.7211
1330,2026-05-30T11:19:20,2026-06-05T11:54:45,144.59,XRP,SHORT,,false,30,,,2x,1.3369,1.357,1.303,,,1.303,TP1_HIT,2.5357,1.5035,1.6865
1331,2026-05-30T11:19:21,2026-06-05T11:54:45,144.59,ONDO,SHORT,,false,45,,,2x,0.34425,0.3494,0.3356,,,0.3494,SL_HIT,-1.496,1.496,-1
1334,2026-05-30T11:27:49,2026-06-05T11:54:45,144.45,ARB,LONG,,false,39,,,2x,0.10418,0.1026,0.1069,,,0.1026,SL_HIT,-1.5166,1.5166,-1
1335,2026-05-30T11:27:50,2026-06-05T11:54:45,144.45,NEAR,LONG,,false,26,,,2x,2.3977,2.362,2.458,,,2.362,SL_HIT,-1.4889,1.4889,-1
1336,2026-05-30T11:28:11,2026-06-05T11:54:45,144.44,ONDO,LONG,,false,28,,,2x,0.34635,0.3412,0.355,,,0.35043485,EXPIRED_WIN,1.1794,1.4869,0.7932
1338,2026-05-30T11:29:19,2026-06-05T11:54:45,144.42,XRP,LONG,,false,45,,,2x,1.3386,1.319,1.372,,,1.319,SL_HIT,-1.4642,1.4642,-1
1339,2026-05-30T11:50:48,2026-06-05T11:54:45,144.07,PENDLE,LONG,,false,28,,,2x,1.3327,1.313,1.366,,,1.313,SL_HIT,-1.4782,1.4782,-1
1342,2026-05-30T11:58:07,2026-06-05T11:54:45,143.94,UNI,LONG,,false,28,,,2x,3.0321,2.987,3.108,,,2.987,SL_HIT,-1.4874,1.4874,-1
1375,2026-05-30T12:29:18,2026-06-05T11:54:45,143.42,INJ,LONG,,false,34,,,2x,6.6797,6.58,6.847,,,6.58,SL_HIT,-1.4926,1.4926,-1
1376,2026-05-30T12:30:13,2026-06-05T11:54:45,143.41,JUP,LONG,,false,42,,,3x,0.18426,0.1736,0.202,,,0.1736,SL_HIT,-5.7853,5.7853,-1
1377,2026-05-30T12:30:13,2026-06-05T11:54:45,143.41,TRUMP,SHORT,,false,54,,,2x,2.0034,2.042,1.938,,,1.938,TP1_HIT,3.2645,1.9267,1.6943
1379,2026-05-30T13:55:47,2026-06-05T11:54:45,141.98,HBAR,LONG,,false,31,,,2x,0.10132,0.0998,0.1039,,,0.0998,SL_HIT,-1.5002,1.5002,-1
1380,2026-05-30T13:56:00,2026-06-05T11:54:45,141.98,FET,LONG,,false,24,,,2x,0.27285,0.2688,0.2797,,,0.2688,SL_HIT,-1.4843,1.4843,-1
1381,2026-05-30T13:56:06,2026-06-05T11:54:45,141.98,PENDLE,LONG,,false,51,,,2x,1.3287,1.309,1.362,,,1.309,SL_HIT,-1.4827,1.4827,-1
1382,2026-05-30T13:56:14,2026-06-05T11:54:45,141.98,ARB,LONG,,false,34,,,2x,0.10505,0.1035,0.1077,,,0.1035,SL_HIT,-1.4755,1.4755,-1
1383,2026-05-30T13:59:29,2026-06-05T11:54:45,141.92,JUP,SHORT,,false,37,,,3x,0.1846,0.1938,0.1693,,,0.1693,TP1_HIT,8.2882,4.9837,1.6631
1385,2026-06-05T11:57:27,2026-06-05T12:24:38,0.45,NEAR,SHORT,,false,23,,,2x,2.0168,2.047,1.966,,,2.047,SL_HIT,-1.4974,1.4974,-1
1384,2026-06-05T11:56:53,2026-06-05T12:24:42,0.46,FET,SHORT,,false,38,,,2x,0.20053,0.2035,0.1955,,,0.2035,SL_HIT,-1.4811,1.4811,-1
1394,2026-06-05T12:24:49,2026-06-05T12:31:38,0.11,SUI,LONG,,false,48,,,2x,0.71732,0.7066,0.7353,,,0.7066,SL_HIT,-1.4945,1.4945,-1
1386,2026-06-05T11:57:53,2026-06-05T13:27:11,1.49,ONDO,SHORT,,false,33,,,2x,0.35059,0.3558,0.3418,,,0.3558,SL_HIT,-1.4861,1.4861,-1
1387,2026-06-05T11:59:37,2026-06-05T13:27:11,1.46,ARB,SHORT,,false,38,,,2x,0.08182,0.083,0.0798,,,0.083,SL_HIT,-1.4422,1.4422,-1
1393,2026-06-05T12:22:04,2026-06-05T13:28:11,1.1,AVAX,SHORT,,false,48,,,2x,7.0783,7.184,6.901,,,7.184,SL_HIT,-1.4933,1.4933,-1
1433,2026-06-05T13:43:26,2026-06-05T13:43:54,0.01,TIA,LONG,,false,59,,,3x,0.3292,0.3137,0.355,,,0.3137,SL_HIT,-4.7084,4.7084,-1
1431,2026-06-05T13:29:14,2026-06-05T13:53:54,0.41,PENDLE,LONG,,false,29,,,2x,1.22815,1.21,1.259,,,1.21,SL_HIT,-1.4778,1.4778,-1
1389,2026-06-05T12:17:39,2026-06-05T13:55:54,1.64,DOGE,LONG,,false,41,,,2x,0.083928,0.0827,0.086,,,0.0827,SL_HIT,-1.4632,1.4632,-1
1390,2026-06-05T12:17:40,2026-06-05T13:55:54,1.64,UNI,LONG,,false,43,,,2x,2.5197,2.482,2.583,,,2.482,SL_HIT,-1.4962,1.4962,-1
1391,2026-06-05T12:17:46,2026-06-05T13:56:54,1.65,FET,LONG,,false,36,,,2x,0.20122,0.1982,0.2063,,,0.1982,SL_HIT,-1.5008,1.5008,-1
1395,2026-06-05T12:27:43,2026-06-05T13:56:54,1.49,LINK,LONG,,false,38,,,2x,7.5518,7.439,7.741,,,7.439,SL_HIT,-1.4937,1.4937,-1
1436,2026-06-05T13:58:56,2026-06-05T13:59:54,0.02,JUP,LONG,,false,56,,,3x,0.17,0.1602,0.1864,,,0.1602,SL_HIT,-5.7647,5.7647,-1
1430,2026-06-05T13:29:13,2026-06-05T14:01:54,0.54,ADA,SHORT,,false,45,,,2x,0.16374,0.1662,0.1596,,,0.1596,TP1_HIT,2.5284,1.5024,1.6829
1435,2026-06-05T13:47:31,2026-06-05T14:01:54,0.24,SUI,SHORT,,false,48,,,2x,0.71482,0.7255,0.6969,,,0.6969,TP1_HIT,2.5069,1.4941,1.6779
1434,2026-06-05T13:44:45,2026-06-05T14:04:54,0.34,LINK,SHORT,,false,48,,,2x,7.5532,7.666,7.364,,,7.364,TP1_HIT,2.5049,1.4934,1.6773
1440,2026-06-05T14:01:05,2026-06-05T14:09:54,0.15,HYPE,LONG,DAY TRADE,false,62,,estimated,3x,60.852,59.55,62.1,63.4,64.5,62.1,TP1_HIT,2.0509,2.1396,0.9585
1442,2026-06-05T14:01:05,2026-06-05T14:29:54,0.48,MSTR,LONG,DAY TRADE,false,53,,estimated,2x,120.24,117.6,122.8,125.4,127.5,117.6,SL_HIT,-2.1956,2.1956,-1
1432,2026-06-05T13:40:01,2026-06-05T14:49:51,1.16,AAVE,SHORT,,false,51,,,2x,64.503,66.029,61.959,,,61.959,TP1_HIT,3.944,2.3658,1.6671
1445,2026-06-05T14:48:59,2026-06-05T16:24:49,1.6,FET,SHORT,,false,36,,,2x,0.19974,0.2027,0.1947,,,0.1947,TP1_HIT,2.5233,1.4819,1.7027
1448,2026-06-05T14:49:18,2026-06-05T16:24:49,1.59,NEAR,SHORT,,false,38,,,2x,2.0072,2.037,1.957,,,1.957,TP1_HIT,2.501,1.4847,1.6845
1449,2026-06-05T14:49:18,2026-06-05T16:25:49,1.61,ONDO,SHORT,,false,36,,,2x,0.34791,0.3531,0.3392,,,0.3392,TP1_HIT,2.5035,1.4918,1.6782
1397,2026-06-05T12:32:38,2026-06-05T16:28:49,3.94,SEI,SHORT,,false,47,,,2x,0.048827,0.0497,0.0473,,,0.0473,TP1_HIT,3.1274,1.7879,1.7492
1446,2026-06-05T14:48:59,2026-06-05T16:33:49,1.75,HYPE,SHORT,,false,47,,,2x,62.02,63.847,58.974,,,58.974,TP1_HIT,4.9113,2.9458,1.6672
1452,2026-06-05T16:34:47,2026-06-05T16:50:19,0.26,SUI,SHORT,,false,48,,,2x,0.69798,0.7084,0.6805,,,0.7084,SL_HIT,-1.4929,1.4929,-1
1451,2026-06-05T16:33:10,2026-06-05T16:53:17,0.34,LINK,SHORT,,false,48,,,2x,7.3532,7.463,7.169,,,7.463,SL_HIT,-1.4932,1.4932,-1
1490,2026-06-05T16:55:48,2026-06-05T16:56:17,0.01,WIF,SHORT,,false,64,,,2x,0.15,0.1543,0.1428,,,0.1543,SL_HIT,-2.8667,2.8667,-1
1491,2026-06-05T16:55:49,2026-06-05T16:56:17,0.01,TIA,LONG,,false,59,,,3x,0.3292,0.3086,0.3635,,,0.3086,SL_HIT,-6.2576,6.2576,-1
1492,2026-06-05T16:55:49,2026-06-05T16:56:17,0.01,SEI,SHORT,,false,59,,,3x,0.04528,0.0474,0.0417,,,0.0474,SL_HIT,-4.682,4.682,-1
1493,2026-06-05T16:55:50,2026-06-05T16:56:17,0.01,JUP,LONG,,false,64,,,3x,0.17,0.1621,0.1832,,,0.1621,SL_HIT,-4.6471,4.6471,-1
1489,2026-06-05T16:51:21,2026-06-05T17:59:30,1.14,INJ,LONG,,false,54,,,2x,5.12245,5.046,5.251,,,5.046,SL_HIT,-1.4924,1.4924,-1
1494,2026-06-05T16:58:54,2026-06-05T18:03:30,1.08,POL,SHORT,,false,24,,,3x,0.076286,0.0774,0.0744,,,0.0744,TP1_HIT,2.4723,1.4603,1.693
1396,2026-06-05T12:30:09,2026-06-05T18:20:30,5.84,TRUMP,SHORT,,false,47,,,3x,1.6652,1.707,1.595,,,1.595,TP1_HIT,4.2157,2.5102,1.6794
1438,2026-06-05T14:01:05,2026-06-05T18:21:30,4.34,ETH,LONG,DAY TRADE,false,63,,OI-verified,3x,1615,1582,1649,1683,1710,1582,SL_HIT,-2.0433,2.0433,-1
1498,2026-06-05T18:01:42,2026-06-05T18:24:30,0.38,FET,LONG,,false,36,,,2x,0.19459,0.1917,0.1995,,,0.1917,SL_HIT,-1.4852,1.4852,-1
1486,2026-06-05T16:50:55,2026-06-05T18:26:30,1.59,WIF,LONG,,false,54,,,2x,0.15396,0.15167656,0.1578,,,0.15167656,SL_HIT,-1.4831,1.4831,-1
1496,2026-06-05T17:50:08,2026-06-05T18:26:30,0.61,NEAR,SHORT,,false,38,,,2x,1.9926,2.022,1.943,,,1.943,TP1_HIT,2.4892,1.4755,1.687
1497,2026-06-05T17:54:58,2026-06-05T18:29:30,0.58,LINK,LONG,,false,29,,,2x,7.4259,7.315,7.612,,,7.315,SL_HIT,-1.4934,1.4934,-1
1439,2026-06-05T14:01:05,2026-06-05T18:30:30,4.49,BNB,LONG,DAY TRADE,false,66,,OI-verified,3x,581.29,569,592.5,604,613,569,SL_HIT,-2.1143,2.1143,-1
1495,2026-06-05T17:49:03,2026-06-05T18:32:30,0.72,FET,SHORT,,false,31,,,2x,0.19384,0.1967,0.189,,,0.189,TP1_HIT,2.4969,1.4754,1.6924
1499,2026-06-05T18:02:07,2026-06-05T18:32:30,0.51,ADA,LONG,,false,38,,,2x,0.16149,0.1591,0.1655,,,0.1591,SL_HIT,-1.48,1.48,-1
1447,2026-06-05T14:49:13,2026-06-05T18:36:30,3.79,AVAX,SHORT,,false,46,,,2x,7.0753,7.181,6.898,,,6.898,TP1_HIT,2.5059,1.4939,1.6774
1450,2026-06-05T16:27:27,2026-06-05T18:37:30,2.17,PENDLE,LONG,,false,51,,,2x,1.1976,1.18,1.228,,,1.18,SL_HIT,-1.4696,1.4696,-1
1392,2026-06-05T12:21:35,2026-06-05T18:52:30,6.52,JUP,SHORT,,false,54,,,3x,0.16342,0.1689,0.1543,,,0.1543,TP1_HIT,5.5807,3.3533,1.6642
1437,2026-06-05T14:01:05,2026-06-05T18:52:30,4.86,BTC,LONG,DAY TRADE,false,68,,OI-verified,3x,60712,59450,61900,63100,64000,59450,SL_HIT,-2.0787,2.0787,-1
1441,2026-06-05T14:01:05,2026-06-05T18:52:30,4.86,DOGE,LONG,DAY TRADE,false,55,,OI-verified,3x,0.08201,0.08025,0.0836,0.0852,0.0865,0.08025,SL_HIT,-2.1461,2.1461,-1
1485,2026-06-05T16:48:25,2026-06-05T18:52:30,2.07,AVAX,LONG,,false,43,,,2x,6.9518,6.848,7.126,,,6.848,SL_HIT,-1.4931,1.4931,-1
1500,2026-06-05T18:04:36,2026-06-05T18:52:30,0.8,AVAX,SHORT,,false,43,,,2x,7.0251,7.13,6.849,,,6.849,TP1_HIT,2.5067,1.4932,1.6787
1444,2026-06-05T14:41:21,2026-06-05T18:54:30,4.22,JUP,SHORT,,false,54,,,3x,0.16239,0.1682,0.1527,,,0.1527,TP1_HIT,5.9671,3.5778,1.6678
1502,2026-06-05T18:36:26,2026-06-05T18:55:30,0.32,TRUMP,SHORT,,false,39,,,3x,1.5689,1.592,1.53,,,1.53,TP1_HIT,2.4794,1.4724,1.6839
1501,2026-06-05T18:24:26,2026-06-05T19:07:30,0.72,APT,SHORT,,false,54,,,3x,0.664,0.6803,0.6368,,,0.6368,TP1_HIT,4.0964,2.4548,1.6687
1504,2026-06-05T19:28:07,2026-06-05T19:48:13,0.34,PENDLE,LONG,,false,24,,,2x,1.1755,1.158,1.205,,,1.205,TP1_HIT,2.5096,1.4887,1.6858
1506,2026-06-05T19:35:52,2026-06-05T19:51:13,0.26,RENDER,LONG,,false,54,,,2x,1.5939,1.57,1.634,,,1.634,TP1_HIT,2.5158,1.4995,1.6778
1541,2026-06-05T19:54:05,2026-06-05T20:10:04,0.27,FET,SHORT,,false,46,,,2x,0.18979,0.1926,0.185,,,0.1926,SL_HIT,-1.4806,1.4806,-1
1546,2026-06-05T20:02:16,2026-06-05T20:15:04,0.21,NEAR,SHORT,,false,28,,,2x,1.965,1.994,1.916,,,1.994,SL_HIT,-1.4758,1.4758,-1
1505,2026-06-05T19:33:23,2026-06-05T20:26:04,0.88,SEI,SHORT,,false,47,,,3x,0.0457,0.0475,0.0427,,,0.0475,SL_HIT,-3.9387,3.9387,-1
1545,2026-06-05T20:01:47,2026-06-05T20:31:11,0.49,FET,LONG,,false,38,,,2x,0.19113,0.1883,0.1959,,,0.1959,TP1_HIT,2.4957,1.4807,1.6855
1539,2026-06-05T19:53:15,2026-06-05T20:32:11,0.65,LINK,SHORT,,false,66,,,2x,7.3,7.409,7.117,,,7.409,SL_HIT,-1.4932,1.4932,-1
1540,2026-06-05T19:53:51,2026-06-05T20:50:54,0.95,OP,LONG,,false,42,,,2x,0.096,0.0942,0.0991,,,0.0991,TP1_HIT,3.2292,1.875,1.7222
1543,2026-06-05T19:59:07,2026-06-05T20:50:54,0.86,ADA,SHORT,,false,26,,,2x,0.16052,0.1629,0.1565,,,0.1629,SL_HIT,-1.4827,1.4827,-1
1544,2026-06-05T20:00:12,2026-06-05T20:50:54,0.84,ONDO,SHORT,,false,21,,,2x,0.33256,0.3375,0.3242,,,0.3375,SL_HIT,-1.4854,1.4854,-1
1550,2026-06-05T20:44:02,2026-06-05T21:03:45,0.33,ARB,SHORT,,false,44,,,3x,0.078,0.082,0.0713,,,0.082,SL_HIT,-5.1282,5.1282,-1
1548,2026-06-05T20:36:33,2026-06-05T22:25:17,1.81,ADA,LONG,,false,45,,,2x,0.16162,0.1592,0.1657,,,0.1592,SL_HIT,-1.4973,1.4973,-1